path,bytes,sha256
.gitignore,428,921AD9C39BE1772866BA7D8B6DC2987639A1BCDCBB2ACFE64787A36343C14F89
AGENTS.md,2823,372275C9FEED4B6B98914F236DE3F9C5845FD59D67A81412F35FE562B3F04B2C
DATA_REDISTRIBUTION_ASSESSMENT.md,6209,94FE8FFB91A55434372325929E3DAA68550333A8B2172B49523AC9606EB4DAF1
DATA_TERMS.md,2644,CE3E5C3303D00FD0002106C40DB0864868F83B2D513A77B44410C4EB15CF7021
KNOWN_FROZEN_EXCEPTIONS.md,2322,286D913AD48B5BB1007EE0777F745742DE411302DF569AC349E0260AA12FB939
LICENSE,1086,D1EB42861539A60A7B54EB2697267197A5DB6B952E11A3127AACA932CA4827DF
PREREGISTERED_DESIGN.md,7905,E437A81B80143B2F03C81B005D463CC489185D7F781214E8446D1E111784257B
README.md,5254,47A7D3B3752F0FBD0297EA5C3909E959662F3D2913FB9737CAA6684C308B72D8
REPOSITORY_HISTORY_NOTE.md,1182,94BFBF2660C82E005D3B3EFE66B25B2C03B332656D81C901A1896382D734F91A
code/README.md,531,FF6A4789CAEB78068F5FD34AD96FEB188AAB100A9BB5367EAC5B25B340EBFCCF
code/scripts/26x1_multiseed_sensitivity.py,47041,E6A33466FE1E84496050C6D2723DA8738D0121D888D0FF9E1F4C126C945604A1
code/scripts/26x2_baselines_ablation.py,75924,12DF907011A8A2501CF7E3EB898C3967E2F8E8BCE99178E28FFA6F9A51B476C0
code/src/__init__.py,67,B29B8FBFFDA813934B4470FC44381B02000D5C20FEDA3B408C6906905EF7CE24
code/src/baseline_comparison.py,1795,8C353E819496DC803C572431DBB5C9BC78E99B1EBD953DBFE996F48D764D86F6
code/src/bayesian_latent_preference_baseline.py,2837,BD9096C98FBE12F6754E3C55FF16DCCF79458FB5B1D8400D4DB3A5595F6678F7
code/src/constraints.py,19775,4CA6807B11A72512E5B08BC581E50C4DC4A6D4BC11223971720BAD23E6C1587D
code/src/counterfactuals.py,25265,2BD3554F627395F7FCC3DE55F070CABC32663507E1EAE1557908820C46FD4753
code/src/discretion_identifiability.py,4561,C65793F7E4FA21514AE030B3D97B1BCF0B9454A25F5650D08B7338B35224F8F1
code/src/divergence_models.py,9945,A8B47D0B9906E3DE2C867000E9E3AB65EF8F166509C83F73AF09558144E803A9
code/src/dss_artifact.py,24407,BED22C5DF1A33F6563BBBC4D8DC7FF222CB86B6E3927B25E99FAB58F34C56CC3
code/src/dss_common.py,5141,3E56865E819162F507C2E9005E026A44031ABDDCDA18C7901EFFE130C7574E69
code/src/dss_decision_cockpit.py,4825,64CB6A543052C2DA8F8B15D7385BE75FD972A543268563014245B2998B25E018
code/src/dss_evaluation_metrics.py,7247,104C2C5F9831FACEACD1218F5AA588ABA89582D92435A32C72FAB89528B85AB4
code/src/dynamic_preference.py,5565,B77315D475491C7609BC2551D7B1D7018EDB1A0B31F47198C6862221680A30C0
code/src/external_testbed.py,12399,C70A2A703CCEC1B15297045051DFDB1DE320E800FA5BBE221411A96E17432A4D
code/src/identification_features.py,9898,177857060A1ADEA54B56B427FB5FBB49966ED6ED7C88E61E5CF75F1CBE1AE8B7
code/src/max_entropy_center_baseline.py,3799,E0C52C286F2887C77C688752891211B710CE83AADFC260EFF302C56F3758A17F
code/src/prediction.py,14440,878550B479824C1CD72F3C9FB56F00D6E6D1E00C2161DB106392CAE155B9AD2F
code/src/preprocessing.py,40539,A771C37AEFD3706692463BD5D0B34ACEE8239E9DCB3BAAECA218CB87C36EC187
code/src/ranking_identification.py,25095,469624504D332F46F0A6BF74E3DA0AE2492C945C28F30BF0536185E868B80860
code/src/robust_aggregation.py,4671,260B1117E640646932187E69CF0A32BFD531EF9ED48280056BCFA089EC2A64B2
code/src/robustness_sensitivity.py,4466,81EE2113C7312B438F01D6EFFF5963AE29EE96CBCA726848D37F10DBB219669B
code/src/rule_component_ablation.py,5512,A03B6ADBC552EE2A608C8731896C5EADB491B4E3FBEA244D538A4E063EB267AB
code/src/rule_robustness_index.py,4443,136EEF2CCB0445C645FEA6F6616E89D1E4C2FC79020333228182F073F492AADB
code/src/synthetic_benchmark.py,4544,D1101A25B3DED911DE22741D28AAF29C298D8287FBE8B2B50C60CEC32F08F7A3
code/src/value_of_disclosure.py,7206,38A3C97C7685292CE9AE872BFA02EAE556E95DC8085BFE0E3D052807091CE303
conda-lock-win-64.txt,11390,8AFE72857B9F172D086691D190DAD8AF2C02768232E0491768A1F36E8B99F5F8
data/raw/2026_MCM_Problem_C_Data.csv,90002,EA99CAEC6EA243BDB450A1971A95BA8A95701A93BE7FF29F0BA3C57D72DDFF52
docs/stage26AC-1/COVER_LETTER_REPRODUCIBILITY_PARAGRAPH.md,1119,F2BD39D4889D08B520CE18C835A94ED9202258D61A120D691B45ED2C31216AB9
docs/stage26AC-1/PUBLICATION_SURFACE_UPDATE.md,1494,46BA9CAB2566AD5D521795785EE631BB89768267DDA26B55BAD13A2132DCC2C7
docs/stage26AC-1/URL_AND_TERMS_AUDIT.md,3650,17168BBC99824ED1A61ABAFCFB041BD6ABBCB9258F64A97438C0FDF8C861539E
docs/stage26AC/CLAIM_TRACEABILITY_AUDIT.csv,3581,030B40770C82592610FACC47831B562BC71F189BE6E1FDA83F0BC94BE52A837E
docs/stage26AC/OPTIMIZATION_CHANGELOG.md,1520,B4C12EB0C04B8276243AC15C0BAA9A14B954BF4B9E2826DF106C24DEB3327F4C
docs/stage26AC/RESEARCH_AUDIT_AND_OPTIMIZATION_REPORT.md,14147,DCD464AE34FED26CA8672936198F6EAACEB5BA5BEBE5B1404C857FB7C37E2E08
docs/stage26AD/CITATION_INTEGRATION_LOG.md,3223,A648B188B0E5E16E4C8D6A2A2B2F4653EE95B0AF4BBD75E9A9384C2843452371
docs/stage26AD/EXISTING_REFERENCES_VERIFICATION.md,6438,DDFA495366EC21B2DA53EA452B25033A1041B5EC2759AC7B11FD92F3DF4F4FF1
docs/stage26AD/LITERATURE_GAP_ANALYSIS.md,2637,73F2B66A96C6D5004E5C6C908BCFA88F14258893ACE3EC0BF6BFFD22E1587ECB
docs/stage26AD/REFERENCE_INTEGRITY_CHECK.md,1181,52FFE9653035C0A73762FA84D49157DAEE971434197D9EA3AAAE1E3D02DE3D8A
docs/stage26AD/UNVERIFIED_CANDIDATES.md,1165,A01245972C0BD15D8244333A1B0661AF437CEE8069E73732152222D2764A74D1
docs/stage26AD/VERIFIED_NEW_REFERENCES.md,8897,C4C6150847AEEA1057D30D39AE69C82971F3E34467F717BDF8D23D1FD31CE3A4
docs/stage26AE/AUTHOR_REVIEW_CHECKLIST.md,2033,88F11B8A7C8A10C2055875FC579578DEA6736BB488904881D3CA7AFC6F20B43C
docs/stage26AE/PRECOMMIT_STRICT_REVIEW.md,9847,B63351D62C97CE066C0D93BCEAC8D210AEEA5D6209D35FEB5AEAF9208DDD3318
docs/stage26AE/STAGE26AB_REVISION_INTAKE.md,2384,92621062E95414BCEACBEA164E0B1AC58DF25BD3A3C295C3B35EA1FFC705A457
manuscript/00_title_abstract_keywords.md,1861,A3116DABDB556F7E7E06CC2F358C7ABD0666FCB50E85B62E89FF66B694980C7A
manuscript/00_title_abstract_keywords_SEPS_revised.md,2343,E65707A0865E045E9DEB503AF7F3744586CB94BC77BEA5D84968396747B11D2B
manuscript/00_title_abstract_keywords_general_revised.md,2382,EB3CB9919579E6F29BAF1D79BC4015086AB263DB7CB5CE8AEF716D67A1B86E31
manuscript/00_title_abstract_keywords_revised.md,3339,A0886D932EC6A7AC90BF1C1B052EC50CBFCBB554540ECE7E463674596AF524F8
manuscript/01_introduction.md,2099,A31B426E0E9FC30F78FE7A83C99DBC318C1B85C2FAF54BB49A0189A7009282A0
manuscript/01_introduction_SEPS_revised.md,2696,3082383C54979A37C9B864E6EBB5316D9B706F3F1AF59CAAFD782448A84661B7
manuscript/01_introduction_general_revised.md,2538,1D2E2CF6670F207576A04669E351000D525CE9066CDFC94A772CE0FDB7C2E986
manuscript/01_introduction_revised.md,2353,7F2FA8BAAAF7E21D06C9B14BA3D55628D148F691B99A86AA1647BA31E1232274
manuscript/02_related_work.md,1356,024B462C50F0BEE4BF9215EEDBB552B229A740DEE0237D22581FF2816431D7A4
manuscript/02_related_work_SEPS_revision_plan.md,1372,2CB19DAC64F4B7311A9BCEB9BEC478D0E55A3B028CC326A43EF0E9F81B04495B
manuscript/02_related_work_general_revision_plan.md,1269,195133A48EE87AF0F71A19674B4AEDD9071B28282BFC4C5C9FEC2181639C04A5
manuscript/02_related_work_revision_plan.md,739,3E172BB76CC22D39760B5F850D965CAEC75BBD24BC7D297F40B9D7A566482016
manuscript/03_data_and_institutional_rules.md,1506,23772BC04CB60DCA827E642B234D1F689CE6276C41126ED10D9A087205C9C223
manuscript/04_methods.md,3160,182F2BD66F3B906620A42B12555B1719244D5A8D4163461D44040555E5AAEB3E
manuscript/04_methods_SEPS_revised.md,3553,2FCCA682B7D913655329AC1E8CD70CEB85CB5B9A38BFB06CD5411C29D026CA19
manuscript/04_methods_revised.md,4256,4E6DBFD2E78318C35F299B95462B117272FE50A6F6811D80A070C3C5045D66F0
manuscript/05_results.md,2925,2AD612AEBC006FD3256435E0338C51B9E8139EE9A80D84CF9CDF10372DC2A323
manuscript/05_results_SEPS_revised.md,1807,596A2D4A2EF4057AA3BFC1B79FECBE90A9C41586B9F4CDFDE64B43F17550E983
manuscript/05_results_revised.md,2251,6D30E2850FA6C37EF93842E0054732B3C40F317DA52BCDEAFD4ACF7A8831629D
manuscript/06_prediction_and_counterfactuals.md,1549,0ABF40EA2870799A4A11B28E9878F452F604A3DF453FF993855B9C53DC92A92A
manuscript/06_prediction_and_counterfactuals_SEPS_revised.md,1406,9CF360CEBFF7A6AD8190CF2D178CF0F25D5BEA825A490B3CD667BA06D1842958
manuscript/06_prediction_and_counterfactuals_revised.md,1571,4375B37E6258BC8637887282A1242206930B2797C8CD2DE6B6D7CE1FC158B1C8
manuscript/07_discussion.md,1821,1BD43E2D5115E59E9B44F054B28C787FA9A408E32BF7F69EB2852D96B9AED470
manuscript/07_discussion_SEPS_revised.md,1506,A3EE55F2862A18AD9BAACE9F32EBB7DF964207741F833492495FD2943D3E88AC
manuscript/07_discussion_general_revised.md,1572,961576A426162F09B473BB8CF15623936B36C29506B010DAF5B7CA4824704B3C
manuscript/07_discussion_revised.md,1404,CFF3DD393AF04A12C425CA679B3E36F9FF51942D04241219D82F75C5A2EA096C
manuscript/08_limitations.md,1500,CFAEF9EAF0ED4AE8979043535E2E115F514093776B728AAE0D2AD4F0C9C026F8
manuscript/08_limitations_SEPS_revised.md,1368,72892466BD021B14BDCFDD02CA8AFCD4EE2F33CEF83C9E9712183134296BB591
manuscript/08_limitations_general_revised.md,1173,9B9855E7A7BB0A52D70CBC75FC89B980A16CCA0E13B83CD15AF709E6325AFCDB
manuscript/08_limitations_revised.md,1183,A1806A7369FFD14639E6F3FE06BF351F09AB0A362ED94BB05D09E13DF1E9F1E7
manuscript/09_conclusion.md,826,DF37C17DE7B4C5F55C798BBEBD663A74EF02EBB0A25A279FB928C8F4164A462C
manuscript/09_conclusion_SEPS_revised.md,856,FD18F98B75E9BA3DD501D697688A73A3BDEB6054AFCB78459ECFF2B602503664
manuscript/09_conclusion_general_revised.md,750,5D562E3F6A14084386D4D0F00692EB482A5E0C109D8FC60A25347DDC6C55BA60
manuscript/09_conclusion_revised.md,708,EF2EC8B6AFD8068E12AB16542B364DFBD8FC191555C26A6417B46C543DF9D8F2
manuscript/DSS_submission_draft_integrated.md,15740,048C3639E516D1B7FAB49D9707B23B56FA811FC412E4404A251FEAE74015C598
manuscript/DSS_submission_draft_integrated_clean.md,15740,048C3639E516D1B7FAB49D9707B23B56FA811FC412E4404A251FEAE74015C598
manuscript/DSS_submission_draft_stage24.md,17666,B49B2DB4D388C006238AB254F70677AA31C94EB912C75DFE15E6BECCBFB73B74
manuscript/DSS_submission_draft_stage24_anonymized.md,17704,BF74B790130887EE449961D19083661FD4E2D7820BC62BDA06AEF537661E4327
manuscript/DSS_submission_draft_stage24_non_anonymized_AUTHOR_METADATA_REQUIRED.md,18161,718C6B0735735DC1628C37D911E7493B48C349CC2BB3160AF2E1D9E50CE0C821
manuscript/DSS_submission_draft_stage25_anonymized.md,17606,ABDEDA40DC65DC553EFE14512842E9E7AD19BED63AA08BDAEFA78E8BDF797769
manuscript/DSS_submission_draft_stage25_cited.md,17606,ABDEDA40DC65DC553EFE14512842E9E7AD19BED63AA08BDAEFA78E8BDF797769
manuscript/DSS_submission_draft_stage25_non_anonymized_author_metadata_required.md,18135,5E563812FC3A83175A91C7A9AB9E83B6A6D5165FA5C6DF13791208DF64C1AC7E
manuscript/METHODS_research_draft_STAGE26AC.md,46763,149B08E24C0904AB01489A04107D266431A84B5768CF6A84DEDBA03BED937511
manuscript/METHODS_research_draft_STAGE26AD.md,51405,467900FCF1ABEA40B85CC693B2349C96FC5DFFB4950239873B4C2D7E5B1048C6
manuscript/abstract_DSS_final.md,1709,93AD5998887665FD6D2B24E05BED4F7484EE17B0E2A11A2B207C1C02C43CA9A5
manuscript/abstract_DSS_full_attack.md,1653,38BF4D6E6A4D58B7175B69F2299433F5B45580726FD9D2D3810ABE0B7D14A480
manuscript/abstract_final_DSS.md,1513,9768F57C508973F7DE01C2EFAADF9DE6CBC46688174C666FDBBA14E0A040AB4F
manuscript/acknowledgements_placeholder.md,155,D3815CD1420C6B4D545518FE519054376AE1CE72F059B9AD5A2B0D166EA22A45
manuscript/ai_assisted_writing_statement.md,509,AD9BBA4F14C3E3C4414B8032F183E6B3CAFFA570BD009F220E87165DA8E7088F
manuscript/ai_declaration_statement.md,429,0931E97D37F9E87B95F7982DDC33D309090CC40EA344FA01E7100D99D8CFEB23
manuscript/author_contributions_placeholder.md,189,BE571FD6DEDFBA13C6DA1E9CBE7B10D389D2A2832BCD0DFEE1751CA36BFF65B8
manuscript/claim_evidence_map.md,4595,BBA7D4382D2D1235092AC80ACF81B221511396BD2F22B06C605325AA46955154
manuscript/claim_evidence_map_strict.md,3639,F7521588B3085A10FC4CC47B7FA095E55578380BFDC200A60FF139FAB04CFF4A
manuscript/code_availability_statement_SEPS.md,386,0FF15B11E1AEC9865C79C0220BC5A1887B9B74C2979A4CD90CF94938259F52DC
manuscript/conflict_of_interest_statement.md,193,A01D8D9C9B5C70CADDF80F2C74C312E8BBA576E130F5887A59FA9485DD0CF834
manuscript/contribution_DSS_final.md,1328,FE2B06FBC25769EB2F94C7763C395299A0586A2A7FFCC71D18A395136809B6F0
manuscript/contributions_final_DSS.md,500,8F62E9A94DD310DA0DAE7C6725324A36DE53E38973FECB5F68D5C049CE41CED1
manuscript/cover_letter_DSS_draft.md,1140,FF3A3511AE1D96704BEA8893FDBC8B85B06ADA37472C94E75E253462E5202B1B
manuscript/cover_letter_SEPS_draft.md,1687,4CF020F188E586B6CB76E643AAC5DFB6630B5CF9DFCAFBBF7629DCCE2FB1C644
manuscript/cover_letter_draft.md,1672,506ED6EED1489443CB66CAE1651E4BA51F4B6D12686CEEE9ACEDF59B7AE12BEF
manuscript/cover_letter_general_draft.md,1597,CDDE1A09615C419CEFA3DF4674C54E7C4285560D4D3B5DA8C87FC01D7F687BD5
manuscript/data_availability_statement_SEPS.md,466,0E5DFB43956B8DF9B3181DA9377FB0B7E1FCB94281506385064BF6B694B7AAF1
manuscript/data_code_availability.md,564,E11A289A9D9B78E579C47D00913C766E83B13851998BED2643D7027327BC95A4
manuscript/data_code_availability_statement.md,619,5081AE152849638B7D15EF89DDC4E74B6E5FFF0B817AEB1E65308A9AB1BEB47B
manuscript/declarations_DSS.md,606,54B520B76FB604CD66C2EE6FDA138F528CF85236EBFABB2C918F3CBE428A1269
manuscript/declarations_stage24_author_completion.md,2460,48CD1CD142C574C5FC808A7530BE61E152F2F704512E4DFE08F521E320CBBA69
manuscript/discussion.md,258,AFB454F90808BBB85369BA80A3EE7E6AC5268BD83A314FCAAE7B7716324AAA64
manuscript/dss_restructure_plan.md,1746,4D86055355498FCA697624E63A05827BA03A29A1586560A19CCC53E7493A97C1
manuscript/ethics_statement.md,278,568BC146FDCB30FD016B4AD8D34476B1192338144B9DA5433579ABD3E80EAC94
manuscript/figure_table_plan.md,1751,A3ADE4E390B3D9A2BB088C32C5833CB1CEB1FD483B415BE10E98D8CDCA11684A
manuscript/figure_table_plan_SEPS_revised.md,3053,0FCE2EAA6C6E0D805D195F81CFE211E3A80871DBE78B78208CB60EB2832900A2
manuscript/funding_statement.md,193,AA7EAA2CCF7388E0D82C565B7FC51B11EDB636234026EE6EA087B7CBAEE42B4D
manuscript/graphical_abstract_plan.md,1218,13F0001714D9D7D7AE414D2413A2A29F6DFD4814A8ED04BBB2AE8D219F03C681
manuscript/high_tier_reframing_plan.md,7845,41528FE8162E5517DD3798051B712F09FF859919B930DA4CE2AB3F23D798220D
manuscript/high_tier_target_journal_decision.md,3470,A6BE3A5DF6386CD7BC700F48A364CFA86B1FAADD5369EA5896781ACA5BE71DF0
manuscript/highlights.md,295,787716D88140A391365662058BC24B12FAD25764F787570C9816D527EB7193A9
manuscript/highlights_SEPS.md,366,BE8DD25E5A9A22AFD4615206E475443519C06316A37F81D66E66AD069A18ECED
manuscript/highlights_final_DSS.md,388,4C923DE695D5A8B64318C412E20119F8DA8E8E916C346CD9923B54F7F9FB342C
manuscript/highlights_general.md,286,1EAFD69D45E4408042BAB61047778D8B2EF8D05C3371BFFBFD4B9344BE83B173
manuscript/innovation_upgrade_plan.md,8578,588EE86746E79C1C90B93644EEAF92DCFC0472E825F1813A21360FA15CD08C18
manuscript/introduction_DSS_full_attack.md,2168,5EA3205E55B39AAF63776E626E817EDBE1BB37D48BF7A0F013D18112AAF4F3B4
manuscript/keywords_final_DSS.md,153,FF243C49999BFEA38764540D95439DDF82F9B6FD5FAADA6B147CF349F45EBC7A
manuscript/limitations_claim_control.md,1140,2B06D1F84C45C4A5875DECFCB8F14D419E0C7FF6FEB1944ACEAB44606F904772
manuscript/limitations_final_DSS.md,837,5BE4BFB9DDD82225AE5CE878202E0B4B13471D5B66BB781AA8927BC966F07A2A
manuscript/method_propositions.md,9791,9BC921B438839E9AC408D6D420A9AEA0C4B539368202A1A21EAE212FAB0ECD86
manuscript/method_theory_upgrade_notes.md,5237,10C1A6F6DCC8B93BA2C2EC6191D5616224E4ACCEF6A75A2A2E480C94182B022D
manuscript/references_DSS_verified_stage24.md,1543,FD6E0C20C1266700C959BBEEA957D66F6ABC66C6812DA2383B7DDEFFB9246DA7
manuscript/related_work_DSS_final.md,3047,A9D257D81324BDFCB3BF7901921CE731069F5B0837C65D3E12106C04F3342FFA
manuscript/related_work_DSS_submission.md,1898,948B9A11E58651046205549B3E5E15CF7E67E486CEB71FC439E16E64D4AFF082
manuscript/related_work_DSS_submission_stage24.md,1219,314117DEA4AF387F62D9B1117A0E98269D4A61E8D6E3F068493EC0C3A7A0EFDC
manuscript/related_work_DSS_upgrade.md,2296,548B00C6B7C80AC5D04A759BC617D23957D9139DF88B9C976B37FCCAFAE1702D
manuscript/reproducibility_statement.md,656,1898CE3A915FC42D203BB89B0AFDC1206BE869E45B5E5517B5AE246E60F19EFB
manuscript/results_counterfactual.md,278,588ADC8A8F07E8705E70F91ED858A95ACEFC071FE1351C373F3C0F19BFAE539E
manuscript/results_dynamic_inference.md,296,7783201F99D0EC4F81EDB22A8F5D9782EE3AB36C0A3322B7CEDE98366D2D3BB4
manuscript/results_identification.md,255,2075905CF8DF0BCD03BFB7BACD26E774F617C1563F008505A28618739EC16453
manuscript/results_prediction.md,278,588ADC8A8F07E8705E70F91ED858A95ACEFC071FE1351C373F3C0F19BFAE539E
manuscript/sections/baseline_comparison.md,707,B03DE0D12F5064444F64B1F4C4DA6DFF8E84A1BD5B4B94DCA2126C4DC142CDF2
manuscript/sections/baseline_validity_and_interpretation.md,2856,0C7F4BEE4086F37E286D09047F29DE764F9FB7A2A702EAB519C6E75C247E74E0
manuscript/sections/decision_problem_formulation.md,1496,B16397D3FA609BE65D7E2E23DBBBD09BA2797B5740B4DBF01E36FE339ADD428A
manuscript/sections/decision_support_recommendations.md,2937,7BF37696FF7BA34A4F5439E87C5ED0BBA3FD2FADFE9EB7F05D4FE29A33E6C8AE
manuscript/sections/discretion_identifiability_frontier.md,1168,A6905B1F0CAFD52F822F87040D03CA103F506D40B14ECEAE813EA6F5986E8091
manuscript/sections/dss_artifact_description.md,1781,E81AAD2A26450977ED732CF59EDCFB49AB8D32D6CB0E8667E6D3C2FF9FFA9DA5
manuscript/sections/dss_artifact_final.md,1539,6BB8172171B6AFFBC2C339D52B7381C8C38F960A0B6990ACB2AB52A0483235FA
manuscript/sections/dss_conceptual_model.md,928,D8516F1B833B7A88DD6F7998AD5E28105F8CC2D9062BC0DEEF0BA4A26651333D
manuscript/sections/dss_contributions.md,1131,DEC414A9CBBB66880334A002A01642BE94CE30CD8771D97DC9F6BD88DA82A76A
manuscript/sections/dss_evaluation.md,3830,2F645C3493119D4501B474A4D42889214E5A070F7291051E55A01E61DCAC2E23
manuscript/sections/dss_use_scenario.md,1914,9FE54E1FEF45EDEF20AA61655AF065349789D10EEB923427B54D8E31EC4DAF34
manuscript/sections/evidence_scope_statement.md,1044,DE6F22E9136EE3B88AB504F1AC6B81F0BACFD4DD1813B1576B6E6B7FF7067BF0
manuscript/sections/external_testbed.md,1484,96301B31FF499731945C2784E0E03658E7DDB1440CD2F4B1EA6CF4FBD0B55D35
manuscript/sections/external_testbed_final.md,1931,4C4334DA5FAB97DCCB0387769AE82F9631A599FC81A0B3141D712AE8A809962A
manuscript/sections/formal_propositions.md,3548,6471DD73236A8CEA1AB807272DA5B15515B1BD1A6F7DD5F58123010473D55957
manuscript/sections/model_assumptions_and_identification.md,1610,3EDE0BF903D8C109BEA7445808D3B7D914E3EC60686DFF8D35C6554DA2D7A232
manuscript/sections/robustness_sensitivity.md,2295,761BDC0C0AB04A5E0D26A17C0ED4ACC9EA05A7E223505078F104A8C387F4B500
manuscript/sections/rule_robustness_index.md,1938,885E2639895071AC01BAD811F83DB1F0983D6A5CD053A0B54DD1C931E9CCFA23
manuscript/sections/scenario_based_evaluation.md,979,9B1448E010C93E5F0DB89988043F10128BA103BB95F40D51BB3AAC1BFA5F93F2
manuscript/sections/synthetic_validation.md,1051,4FEF38A9D4CD3B61B996690464A56865F18E61731D52033B55847B8BF178A566
manuscript/sections/value_of_disclosure.md,1133,01A48340DA0966B2E78D26CE8E162F192DD7CDDDAACFA9F9591546201AD3DE46
manuscript/submission_main/00_title_abstract_keywords.md,2382,EB3CB9919579E6F29BAF1D79BC4015086AB263DB7CB5CE8AEF716D67A1B86E31
manuscript/submission_main/01_introduction.md,2538,1D2E2CF6670F207576A04669E351000D525CE9066CDFC94A772CE0FDB7C2E986
manuscript/submission_main/02_related_work.md,4862,50D4DEB50861ACB84BAAB2F4946F6DB365FDE99559515423BBE5D2E4922ADE7E
manuscript/submission_main/03_data_and_institutional_rules.md,1506,23772BC04CB60DCA827E642B234D1F689CE6276C41126ED10D9A087205C9C223
manuscript/submission_main/04_methods.md,4256,4E6DBFD2E78318C35F299B95462B117272FE50A6F6811D80A070C3C5045D66F0
manuscript/submission_main/05_results.md,2251,6D30E2850FA6C37EF93842E0054732B3C40F317DA52BCDEAFD4ACF7A8831629D
manuscript/submission_main/06_validation_and_scenario_analysis.md,1571,4375B37E6258BC8637887282A1242206930B2797C8CD2DE6B6D7CE1FC158B1C8
manuscript/submission_main/07_discussion.md,1572,961576A426162F09B473BB8CF15623936B36C29506B010DAF5B7CA4824704B3C
manuscript/submission_main/08_limitations.md,1173,9B9855E7A7BB0A52D70CBC75FC89B980A16CCA0E13B83CD15AF709E6325AFCDB
manuscript/submission_main/09_conclusion.md,750,5D562E3F6A14084386D4D0F00692EB482A5E0C109D8FC60A25347DDC6C55BA60
manuscript/submission_strategy_decision.md,1411,078A9EEB6B513E61857DF312BBCE498728DF091CC126E0F34A3A2FB31C75BCF8
manuscript/target_journal_decision.md,1892,22E8248BBA5D3BD5EEBE7BA660B6FB4C4838CDAEFFF411C4A9536CF4A0F19692
manuscript/target_journal_positioning_notes.md,394,E62A10C4B9E8F591A0AAD9F52E87E97F3996859987810CE139389264647056DB
manuscript/target_journal_repositioning_plan.md,1722,D72A584D4141CAC9FED1694BBF3A1F5F4DFB50CD7F845A65440A2C712D739882
manuscript/threats_to_validity.md,259,87D14E36FF3D1226FE3E2787925609551E638B139754C8FFCADB915024453655
manuscript/title_final_DSS.md,419,D9DA5D31F5D0ED9EEF5D5BF5584541FA7384D6416FE7509CE82BEE056906EB15
manuscript/title_options_DSS_final.md,621,2F9E89FC9B40FFA8DC3EFFD9362A45DA794CF8C340B4CA0A9B46FD03C85A3749
manuscript/title_page_AUTHOR_COMPLETION_REQUIRED.md,434,33ADD51DABFE39EE3AC6D9D384ECEC27D2FB469E0E6AF85EBB468494E8C12645
outputs/stage26W/DSS_submission_draft_STAGE26W_source.md,42751,6F1FC33FCD93E099B0ECF85F3F129E94B4AA00BE80A42E8DD162BC3D2DB45B76
outputs/stage26X-1/PREREGISTERED_DESIGN.md,7905,E437A81B80143B2F03C81B005D463CC489185D7F781214E8446D1E111784257B
outputs/stage26X-2/PREREGISTERED_DESIGN.md,10250,E5418F189061ED295A941327BCF3364081B4095D8B1A1855A416F0431191D19C
pytest.ini,130,D54DDC2BB463E3D746BFBCEE2095BB3CC5422372D688A9EA31225A5E9EAF1D55
reference/figures/decision_support_workflow.png,120880,9D567B010AB84DD6612124523755393F1439FB6528C46699031BA6E2517B0069
reference/figures/disclosure_uncertainty_curve.png,200984,20B17808B9306E1750E6E7DFBE691B72E5390741C2B3A20D6EF59E7E209B878E
reference/figures/discretion_identifiability_frontier.png,154402,FDAE348706360722AFE3FC8724DED7BFC31D5B4374D8363D6ED27B4E3CA884C9
reference/figures/dss_conceptual_framework.png,251488,776F9F516289769A2F2A84F86C30AA6D8A2BB98521418A1B577DED5E79380702
reference/figures/dss_evaluation_radar.png,351358,C25276696B4B72E5A8ECAF6C749DECD6F48741D254E9C9A06BF0DD55B2C536A2
reference/figures/rule_robustness_heatmap.png,83084,83D6B0264277BA65AD9E7E6954CC60ABC35B09F6AC846DB6086E4B4D6B4858F1
reference/stage26X-1/Figure_06_multiseed_internal_sensitivity.png,194045,F813B6D088B19B29429ED9D3569C542A508B656D6166F5EBE756AA11CF705EDD
reference/stage26X-1/Figure_07_multiseed_external_sensitivity.png,158548,4B61A557D9739992A892EBA14C2DCE8DA0871CC7B5CC01FF4AB3B3045170E7D8
reference/stage26X-1/ROBUSTNESS_ASSESSMENT.md,19972,34A18F4090F5BD0628CDCA67F31B48690DDA350D2FECE74BA246A2FD369AA375
reference/stage26X-1/Table4_multiseed.csv,10018,FF70EA1496853DB01267F4EDD9942B405B24168E28BE9DE59B9EC9557078100F
reference/stage26X-1/Table5_multiseed.csv,4331,485563B5486A8F127AB3B6CEC2BAAA2556565821069F41EBD340B7E365C84899
reference/stage26X-2/ABLATION_RESULTS.md,27304,9B4BC327F1329A76A589B5D4AF8EEDE3727CD2D1D4B78E0FDA959EF8D0F23EEC
reference/stage26X-2/ATTRIBUTION_RULING.md,10179,10330640B4E10D41918147092CAE15CC59B1A3516641EE1609E3D7322E7081A5
reference/stage26X-2/BASELINE_IMPLEMENTATION.md,14258,A6DBD06C73D0D12EEBEAD806317B721D1732BEF26BF3894BB56A86192EBB4442
reference/stage26X-2/tables/ablation_across_seed.csv,10375,8726690E573424606BE27C38828CA52FB92C9816EF59B51ED77F7EB17B01AA95
reference/stage26X-2/tables/ablation_effect_summary.csv,6337,3290722F53C4105E16FFFFC7550490A447B0D5EF7665CE02778484E374BDFCA8
reference/stage26X-2/tables/ablation_paired_effects.csv,82741,7CB1E20CE06125592D948359417C127D4B9737B6F04114497C9C4E6A97AED386
reference/stage26X-2/tables/ablation_seed_level.csv,77067,B2459B032DE2B31B17463C42C3FF81DCDD229322222CC448964FF56465CB494A
reference/stage26X-2/tables/attribution_pairwise_cells.csv,43272,6FD58ECDD0F0D75E00CD57150909AA7A648F40A6DC00396760DB4CA99C13F809
reference/stage26X-2/tables/attribution_regions.csv,1453,B4C61C52A038AAEDFFB7453952DCCF847B6660A6B86C0BA5E03E30B746EDFD99
reference/stage26X-2/tables/baseline_across_seed.csv,15917,1B9E62317546518E5BFE2773CEA7CF060F806710AA3708923CFF2433777E2B28
reference/stage26X-2/tables/baseline_seed_level.csv,81689,8C82AA50671F22C6351B359E3BD4265F2B571671DD9E1961FF525DB529D3383D
reference/stage26X-2/tables/x1_comparator_seed_level.csv,53118,798D68346BC4CC05B99DC06C5ABA5E5C158D49D5D994BA679994B9472A79F329
reference/stage26X-3/METHODS_submission_draft_STAGE26X3_source.md,47403,758755B50CD1C059D939FA550AC151C7B55263348E7BB8B55B40E20FFF1C2D82
reference/tables/assumption_inventory.csv,2280,50200123F5DFEC722B8B5F230E23A08F080F07450082692F050357414BF88330
reference/tables/baseline_definition_table.csv,1837,E088E1C297C3C0636C8AB464AECCE2C49AF6938CB18D5477005E82B07DCF4F11
reference/tables/claim_evidence_alignment.csv,2315,8EB027E0AE69077BD690F595C32016E57B769EE4AA399684F310417FEDFDD624
reference/tables/decision_alternatives_criteria.csv,3986,94F1E38167FC079BE0B8EAC61C8642B377EB2843CE253084002F1CC050C43493
reference/tables/design_recommendation_matrix.csv,2369,0167D1A70293718D173F71268E64F5E9D2F1AC546E54FD87A53AFF636993955F
reproduce.md,10718,128FF53AADB62B31346BEBBF1DAA056456E8E6D7BB81C4FE9B0CFFFDDF7FDFD3
requirements-docs.txt,54,F349290AB5E4838047638B4391DC57A973D7E7E9FEC1D1FEA8AED0F94FDD016F
requirements.txt,160,FF6E053CD83DDF24F6493FC5C6A1C2B9BF8DE59AFD0AFE42C098376EFF4CD846
run_all.py,14937,E80777C3F5FF7E9CA4E5F09C846E49277E2714FEEC4F66D9AEE335799239A681
scripts/01_data_audit.py,35508,B99B068062F9C4D4F6B552E475128456CB7519DEC4A95C1CC0D4775F5254AA1F
scripts/02_preprocess.py,4896,92ECC759DD31A932021123B69342BFE748D1183B9E9609383D4934AD42E16D10
scripts/03_build_constraints.py,15125,001985C8CE991690BA7B69E83C3CA204BF4DF76FECC1A9EF66DF237FE12C5FAC
scripts/04_partial_identification.py,21945,3D22543625AB09E3515AEEEC3CF3AD4D5E3D478D41E5C22CFE9A791D21ACADC6
scripts/05_ranking_identification.py,49340,A3C53A657C8A43918CB83BB2FD59F76116E68D7452A7264F8762E472FEE6B6ED
scripts/06_build_identification_features.py,9105,D4A880ADD35B37B945B31C8A595B0B4E89AD9701B97D5145E2FCBFFB7180ABB7
scripts/07_expert_crowd_divergence.py,10249,630ABE1209B779F30737D41E702431C15A018CFC12078EF62131D161F6D373E2
scripts/08_dynamic_preference_model.py,9892,4D22637D18B09DA5D64302E917DC0C02A96F3A7C1B8529E93B6508BB8D1EC25A
scripts/09_prediction_experiments.py,9479,843F99E607E23FE065C81882AC9195BAD4DDCD60F319B52DF93EC53FDC4DF1E4
scripts/10_counterfactual_mechanisms.py,14378,EC4A512BD135D12A976869598C66B669B6F989BDE0F5D18A1400737C501CB2F3
scripts/11_robust_aggregation_evaluation.py,8010,91557E830CD7A4445CB27B1FA05B80889A8E329249A5A11AC98D709E414DADB5
scripts/12_update_manuscript_results.py,46457,1EEF7E7483078B22D4282F8EBAC69D0A682279F9805E85989238330645CD8A52
scripts/13_leakage_and_claim_audit.py,11018,A78D43E22B0C31AA09EAD8C360DC3401B1BCDD24CF81BB7139427E30699965BD
scripts/14_manuscript_quality_check.py,8603,186B2ABD357C93A7B003F6C19CEED27E17B5C687390A8264F9754DEE5D43E004
scripts/15_submission_audit.py,65731,D132301524A60FBFAA3925A4CFC1464E93A4C5770B4A1DAAD98216AE7670D9F0
scripts/16_overnight_submission.py,65689,7C322D7BBDF36698D3592FCDBA4C0C5FDD6629986D3D4208C3154CCF64DE2D2B
scripts/17_general_submission_strategy.py,39583,CE6900C05620B1715E4CAC70EBC89F87D96EDC867CB6A0535B951543481DD8F5
scripts/18_specific_journal_submission.py,52747,23BE6E0F80251C9AA30A0C23D5F3C3D85B27E382F8DDECA06482DDFDBBC32FF1
scripts/19_decision_analysis_submission.py,65878,99A1CD2C16760734FF52E608684E6BDB7A56F9127724E5AE10B0F11B9B55E5A1
scripts/20_high_tier_upgrade_strategy.py,60982,5B3BEAC6EC276FF5F63AECC5BCFDCE0E6EEF20B81DFE2837BFC4B7BE4DB09A02
scripts/21_dss_full_attack.py,55295,D2CE1693DCC7B3EE3CBA218A3DEA5C73B059C391FFA04F51B3C552D6E773122E
scripts/22_dss_submission_candidate.py,45869,DF42831E896B9E94B1389C32C26EA3AAB534DDCDE5D5A18F2E5926F5D8A7E5DF
scripts/23_dss_submission_integrity.py,116089,5461D63B15547A0FDB666EFB68D79A7AA092A9018D91E283FAEA293022BD26B5
scripts/24_dss_author_submission_completion.py,50463,F3974A04F933B2FE68A93D28E7699CF1B47282CF892F74C35A46C1EA89BB2979
scripts/25_dss_final_submission_strengthening_and_sealing.py,108418,F1C8E7D62099AD10C039958D2977CF60919B7DDD840CE684E85D98158A74DD2C
scripts/25f_final_author_side_completion_gate.py,41994,21C2D56A993602CA45C58B751EF1C36F8917C5BE7F46689D4992DD1012452870
scripts/25g_final_editable_source_generation.py,47668,20385B17A69D14C3894A749A7E8CB1522EA088488E6E0A9FC2F4DAD9791CA8C0
scripts/25h_author_filled_final_consistency_gate.py,8083,BC5A015BD230A64B120BD3D9945FD87AF7905BD2EF78EFB74ABBDD464C9E9B7E
scripts/25ha_apply_author_provided_information.py,26420,2881420383298098EB42CFD109D6BE32CB411013941F05CA086DA0B25F177FD0
scripts/25hb_apply_final_author_confirmations.py,30231,62274C79C817C02040AE88A4947AE34C49FC849A9DCD48708F2F7A9333517787
scripts/25hc_apply_repository_address_and_approval_closure.py,13572,0A6E94C4A04E5E326EAEDEED741198A0CBDBA63A0399FB8BA3234C0D6FE5D509
scripts/25hc_generate_non_anonymized_author_review_docx.py,14401,DD885EC4855C9E47F268F14B94F65B46709FFC1F3392A9F4E5D23773CCDAB022
scripts/25hd_audit_exported_pdf.py,5423,589F3DCCB09C0EFD555BEEB5D5E7704E6317DD2CE03385AC27BBDF05983DC5C7
scripts/25hd_reconstruct_dss_submission_docx.py,57260,1876D67235AFF93795CC1ABF5E83BBDD8111C3EF07FA7B8D0144D0ABAD5BBC62
scripts/25he_finalize_dss_submission_package.py,61214,B25105BD2355E6F851195B771DF4E883CB801402289E48926D6F9BE521A375CC
scripts/25he_repair_submission_assets.py,58429,F26EDE824C8F3069949E50BBB09897C1116492FBE518E8BFCE6FFF7ED39F852B
scripts/25hf_resolve_dss_upload_gate.py,30457,C9533F0F7817610519C9083E2439C2831AAF98CDF9F2415F6AD9AE0A7C7C3F86
scripts/26ac1_repository_publication_readiness.py,14494,5253EBDE5E8B82F62ACAF2EFAF58C7CE69C512674E7DA4C83FB718282DD47ECB
scripts/26ac_research_audit_optimization.py,47305,B2CE5CA24FE8345FF9A8954459F29FF7DF5DF5E0FB92BAEABF22D9FFF6D9997E
scripts/26ad_literature_verification.py,37771,B58C0EE88FDD32D187D9C0CC5B0CF8556E25E81C53B57575056FA29E8039E9C8
scripts/26ae_precommit_strict_review.py,25554,0DCD4381B72052C755969A42584C242A0FCCBE6E701AB3AA4AF947FEA0759EF6
scripts/26w_rebuild_figure06.py,2475,9C54B50896B586E62C1C0550833E74799E40A56C5F2C033C1EB96C964F0C5BC5
scripts/26x1_multiseed_sensitivity.py,47041,E6A33466FE1E84496050C6D2723DA8738D0121D888D0FF9E1F4C126C945604A1
scripts/26x2_baselines_ablation.py,75924,12DF907011A8A2501CF7E3EB898C3967E2F8E8BCE99178E28FFA6F9A51B476C0
scripts/26x3_reposition_manuscript.py,66234,0479CD42C17921AFAACE95924188FAAFBD2A58E60FC8378C9E54D05DA7ACFE8F
scripts/26y_ejor_submission_migration.py,26393,64A600B47E15B582C013829233692D8C0C11441DDB3ADC15E45FA71F574EA8BE
src/__init__.py,67,B29B8FBFFDA813934B4470FC44381B02000D5C20FEDA3B408C6906905EF7CE24
src/baseline_comparison.py,1795,8C353E819496DC803C572431DBB5C9BC78E99B1EBD953DBFE996F48D764D86F6
src/bayesian_latent_preference_baseline.py,2837,BD9096C98FBE12F6754E3C55FF16DCCF79458FB5B1D8400D4DB3A5595F6678F7
src/constraints.py,19775,4CA6807B11A72512E5B08BC581E50C4DC4A6D4BC11223971720BAD23E6C1587D
src/counterfactuals.py,25265,2BD3554F627395F7FCC3DE55F070CABC32663507E1EAE1557908820C46FD4753
src/discretion_identifiability.py,4561,C65793F7E4FA21514AE030B3D97B1BCF0B9454A25F5650D08B7338B35224F8F1
src/divergence_models.py,9945,A8B47D0B9906E3DE2C867000E9E3AB65EF8F166509C83F73AF09558144E803A9
src/dss_artifact.py,24407,BED22C5DF1A33F6563BBBC4D8DC7FF222CB86B6E3927B25E99FAB58F34C56CC3
src/dss_common.py,5141,3E56865E819162F507C2E9005E026A44031ABDDCDA18C7901EFFE130C7574E69
src/dss_decision_cockpit.py,4825,64CB6A543052C2DA8F8B15D7385BE75FD972A543268563014245B2998B25E018
src/dss_evaluation_metrics.py,7247,104C2C5F9831FACEACD1218F5AA588ABA89582D92435A32C72FAB89528B85AB4
src/dynamic_preference.py,5565,B77315D475491C7609BC2551D7B1D7018EDB1A0B31F47198C6862221680A30C0
src/external_testbed.py,12399,C70A2A703CCEC1B15297045051DFDB1DE320E800FA5BBE221411A96E17432A4D
src/identification_features.py,9898,177857060A1ADEA54B56B427FB5FBB49966ED6ED7C88E61E5CF75F1CBE1AE8B7
src/max_entropy_center_baseline.py,3799,E0C52C286F2887C77C688752891211B710CE83AADFC260EFF302C56F3758A17F
src/prediction.py,14440,878550B479824C1CD72F3C9FB56F00D6E6D1E00C2161DB106392CAE155B9AD2F
src/preprocessing.py,40539,A771C37AEFD3706692463BD5D0B34ACEE8239E9DCB3BAAECA218CB87C36EC187
src/ranking_identification.py,25095,469624504D332F46F0A6BF74E3DA0AE2492C945C28F30BF0536185E868B80860
src/robust_aggregation.py,4671,260B1117E640646932187E69CF0A32BFD531EF9ED48280056BCFA089EC2A64B2
src/robustness_sensitivity.py,4466,81EE2113C7312B438F01D6EFFF5963AE29EE96CBCA726848D37F10DBB219669B
src/rule_component_ablation.py,5512,A03B6ADBC552EE2A608C8731896C5EADB491B4E3FBEA244D538A4E063EB267AB
src/rule_robustness_index.py,4443,136EEF2CCB0445C645FEA6F6616E89D1E4C2FC79020333228182F073F492AADB
src/synthetic_benchmark.py,4544,D1101A25B3DED911DE22741D28AAF29C298D8287FBE8B2B50C60CEC32F08F7A3
src/value_of_disclosure.py,7206,38A3C97C7685292CE9AE872BFA02EAE556E95DC8085BFE0E3D052807091CE303
supplement/Supplementary_Appendix_DSS.md,8071,B398EEAF22F9A0FD7479FA134B1DCC24DD9034D5D1948E99CBD20842586B8B7B
supplement/Supplementary_Code_Readme.md,807,05689725B832707B13A01A4DB3ABBF5249826EF02B814BB5E9E47F9D86E786CA
supplement/Supplementary_Tables_DSS.csv,561,459FF475FD021FF71A699F87DBDAC3A921331D5C502AEC9B21D65861738B7012
tests/test_constraints.py,5483,C0BEE72EEF24E0A31F23FE5643437F10D3DD35B284338016E1C25D7D1374C6A9
tests/test_counterfactuals.py,2541,DA7A2CC5869CA69172C4CBE35522999D3A1D6A62AAE57364E3083D8B19EB573B
tests/test_decision_analysis_submission.py,1762,221C5285EC8BBF39786C31C5AC30103CC7430CFAF07CDE0060632A1046A33DF1
tests/test_dss_submission_candidate.py,3817,147132CE0487E5381E57A7A76015DE3EC81B1A0D01D8D968DFF840BCD02752D2
tests/test_dss_upgrade.py,1557,F778943CADD1EA60E42C49E28AAA65A2D9A082E98B7DC2F662ACFBB3FEFB9525
tests/test_dynamic_preference.py,1435,9F0CC480A18E3D77BFDE28C96DFCF11BE9903D2FE01A70C4129044104881BE54
tests/test_general_submission_strategy.py,2132,F65204E631343A2733644160C554996957652CBB86A0312E4E8B7332431092DE
tests/test_high_tier_upgrade_strategy.py,2074,BAFC9D0D0C18D22C42E5D9F3E5B1FF8F7B008B9B3C82C41E76268F630BFB3B06
tests/test_identification_features.py,3774,28FFC270669099386DEFA6DBBD3AA76EC2E4111B4535BA4892B80C28B4C35DBC
tests/test_overnight_submission.py,1669,084F426ADD974775632FBB2748D8A59177D4C8ACE166793F16FE864B89C8A460
tests/test_prediction.py,2784,137834B53A8F3FEE00C8C57E700B8AEAA9FB0D8C2788A3A2275E0528134B1EED
tests/test_preprocessing.py,2711,A4191D8B699FD8D0CF9D0CA435229F8F260DE4A407044BFB82245547E3FFBF4D
tests/test_ranking_identification.py,5319,51D2A65A56944FC76A9A2FC7AE83D1BFE5761E3DF7436C7C476DE77C13B811CD
tests/test_robust_aggregation.py,1496,803CDBEB3170A3F0CDFF453BA64DB5AA97AAC9B167FD9DC14177048EF803A820
tests/test_specific_journal_submission.py,1973,746234D2B0C222B47D4A3EE046777CAA6DBA7B4F992F474FD23189337CB575E3
tests/test_stage26x1_multiseed.py,6035,7243709615E957714A52FFA4E58EDFBA8E6B91F4437660D446A47EB59BD8A0B4
tests/test_stage26x2_baselines_ablation.py,16670,DBFDC54F15B5ED808B6C1CA60532F0B02C6F788BAE53EF3DB9915C0EF3021CDB
tests/test_submission_audit.py,1203,1C132419020A4A5F7228157086D535D98132517EEFA4D6143EAC1AC955248EAD
verify_reproduction.py,10977,4A793046F48E74A645FAB9E2C68DD79819D82E3DBC6AEF8D657F7815EAA6ED3C
