claim_id,controlled_claim,evidence_source,evidence_type,allowed_location,mandatory_boundary,alignment_status
CE1,Coarse outcomes identify feasible sets rather than a public-vote point.,outputs/tables/constraint_summary.csv; outputs/tables/uncertainty_by_week_regime_p.csv,real empirical application with hidden truth,main text,conditioned on documented rules,pass
CE2,Percentage and ranking mechanisms define different identified objects.,src/constraints.py; src/ranking_identification.py; outputs/tables/identification_comparison_by_regime.csv,formal theorem or proposition,main text,do not pool cardinal and ordinal widths,pass
CE3,Weak judge-save interpretation expands the compatible ranking set within evaluated R_plus weeks.,outputs/tables/ranking_identification_summary_rplus.csv; outputs/figures/judge_save_identifiability_loss.png,real empirical application with hidden truth,main text,within-rule containment only,pass
CE4,Rule-aware synthetic bounds cover known latent preference under correct no-noise simulation.,outputs/tables/synthetic_coverage_results.csv,synthetic benchmark,main text,synthetic calibration only,pass
CE5,Synthetic disclosure additions reduce compatible-set width under compatible constraints.,outputs/tables/value_of_disclosure.csv,synthetic benchmark,main text,truthful compatible disclosure condition,pass
CE6,External community-grant simulator supports structural portability under its stated mechanism.,outputs/tables/external_testbed_results.csv,external synthetic testbed,main text,not universal empirical validity,pass
CE7,"The prototype exposes decision inputs, conditional recommendations, and audit records.",outputs/artifact_demo/demo_decision_report.md; outputs/tables/dss_evaluation_metrics.csv,artifact-level evaluation,main text,not deployed or user validated,pass
CE8,"Future user evaluation has specified roles, tasks, and measures.",outputs/tables/scenario_based_evaluation.csv,scenario-based future user evaluation protocol,appendix and limitation,protocol only; no participants,pass
CE9,"Prediction, counterfactual, and Pareto analyses are secondary or exploratory.",outputs/tables/prediction_results.csv; outputs/tables/robust_aggregation_results.csv,real empirical application with hidden truth,supplement,not hidden-preference recovery or causal impact,pass
