decision_alternative,design_action,decision_maker,use_condition,evaluation_criteria,evidence_boundary
Maintain current aggregation rule,baseline governance option,institutional designer,Use when current rule is documented and uncertainty is acceptable.,transparency; preference identifiability; institutional flexibility; public trust; stability of outcomes; privacy protection; reporting cost; interpretability; robustness to assumptions,"Matrix is a decision-design template; trust, cost, and privacy require local stakeholder evidence."
Reduce expert discretion,narrow discretionary override eligibility,institutional designer,Use when identifiability and auditability outweigh flexibility.,transparency; preference identifiability; institutional flexibility; public trust; stability of outcomes; privacy protection; reporting cost; interpretability; robustness to assumptions,"Matrix is a decision-design template; trust, cost, and privacy require local stakeholder evidence."
Keep discretion with disclosed rationale,retain override with reason record,platform organizer,Use when exceptional-case flexibility is required.,transparency; preference identifiability; institutional flexibility; public trust; stability of outcomes; privacy protection; reporting cost; interpretability; robustness to assumptions,"Matrix is a decision-design template; trust, cost, and privacy require local stakeholder evidence."
Publish top-k public ranking,ordinal public disclosure,contest governance body,Use when rank transparency is acceptable.,transparency; preference identifiability; institutional flexibility; public trust; stability of outcomes; privacy protection; reporting cost; interpretability; robustness to assumptions,"Matrix is a decision-design template; trust, cost, and privacy require local stakeholder evidence."
Publish vote-bin intervals,coarsened cardinal disclosure,contest governance body,Use when precision disclosure must be limited.,transparency; preference identifiability; institutional flexibility; public trust; stability of outcomes; privacy protection; reporting cost; interpretability; robustness to assumptions,"Matrix is a decision-design template; trust, cost, and privacy require local stakeholder evidence."
Publish pairwise majority information,comparative public disclosure,expert-panel coordinator,Use when ordering is useful and cardinal disclosure is not.,transparency; preference identifiability; institutional flexibility; public trust; stability of outcomes; privacy protection; reporting cost; interpretability; robustness to assumptions,"Matrix is a decision-design template; trust, cost, and privacy require local stakeholder evidence."
Publish margin intervals,bounded comparative disclosure,platform organizer,Use when auditability needs strength-of-preference information.,transparency; preference identifiability; institutional flexibility; public trust; stability of outcomes; privacy protection; reporting cost; interpretability; robustness to assumptions,"Matrix is a decision-design template; trust, cost, and privacy require local stakeholder evidence."
Change tie-handling protocol,strict or relaxed rank policy,institutional designer,Use when tie frequency and procedural consistency are material.,transparency; preference identifiability; institutional flexibility; public trust; stability of outcomes; privacy protection; reporting cost; interpretability; robustness to assumptions,"Matrix is a decision-design template; trust, cost, and privacy require local stakeholder evidence."
Switch cardinal versus ordinal aggregation,change aggregation representation,institutional designer,"Use only after objective, privacy, and comparability review.",transparency; preference identifiability; institutional flexibility; public trust; stability of outcomes; privacy protection; reporting cost; interpretability; robustness to assumptions,"Matrix is a decision-design template; trust, cost, and privacy require local stakeholder evidence."
