seed,n_active,outcome_noise_probability,method,n_replications,joint_set_coverage,projection_box_coverage,mean_width
20260716,4,0,rule_agnostic_partial_identification,250,1,1,1
20260716,4,0,rule_aware_partial_identification,250,1,1,0.825048140075
20260716,4,0.05,rule_agnostic_partial_identification,250,1,1,1
20260716,4,0.05,rule_aware_partial_identification,250,0.956,0.984,0.815413985991
20260716,4,0.1,rule_agnostic_partial_identification,250,1,1,1
20260716,4,0.1,rule_aware_partial_identification,250,0.888,0.952,0.811949529005
20260716,4,0.2,rule_agnostic_partial_identification,250,1,1,1
20260716,4,0.2,rule_aware_partial_identification,250,0.816,0.932,0.812805444756
20260716,5,0,rule_agnostic_partial_identification,250,1,1,1
20260716,5,0,rule_aware_partial_identification,250,1,1,0.845467843945
20260716,5,0.05,rule_agnostic_partial_identification,250,1,1,1
20260716,5,0.05,rule_aware_partial_identification,250,0.956,0.976,0.846832834938
20260716,5,0.1,rule_agnostic_partial_identification,250,1,1,1
20260716,5,0.1,rule_aware_partial_identification,250,0.884,0.948,0.836232636848
20260716,5,0.2,rule_agnostic_partial_identification,250,1,1,1
20260716,5,0.2,rule_aware_partial_identification,250,0.784,0.904,0.837434147737
20260716,6,0,rule_agnostic_partial_identification,250,1,1,1
20260716,6,0,rule_aware_partial_identification,250,1,1,0.862851561755
20260716,6,0.05,rule_agnostic_partial_identification,250,1,1,1
20260716,6,0.05,rule_aware_partial_identification,250,0.94,0.98,0.860715011324
20260716,6,0.1,rule_agnostic_partial_identification,250,1,1,1
20260716,6,0.1,rule_aware_partial_identification,250,0.924,0.972,0.86219910113
20260716,6,0.2,rule_agnostic_partial_identification,250,1,1,1
20260716,6,0.2,rule_aware_partial_identification,250,0.816,0.92,0.854252699711
20261716,4,0,rule_agnostic_partial_identification,250,1,1,1
20261716,4,0,rule_aware_partial_identification,250,1,1,0.823898082407
20261716,4,0.05,rule_agnostic_partial_identification,250,1,1,1
20261716,4,0.05,rule_aware_partial_identification,250,0.956,0.992,0.827243595046
20261716,4,0.1,rule_agnostic_partial_identification,250,1,1,1
20261716,4,0.1,rule_aware_partial_identification,250,0.92,0.964,0.822126698069
20261716,4,0.2,rule_agnostic_partial_identification,250,1,1,1
20261716,4,0.2,rule_aware_partial_identification,250,0.78,0.888,0.793395076573
20261716,5,0,rule_agnostic_partial_identification,250,1,1,1
20261716,5,0,rule_aware_partial_identification,250,1,1,0.846324207265
20261716,5,0.05,rule_agnostic_partial_identification,250,1,1,1
20261716,5,0.05,rule_aware_partial_identification,250,0.952,0.984,0.839545666136
20261716,5,0.1,rule_agnostic_partial_identification,250,1,1,1
20261716,5,0.1,rule_aware_partial_identification,250,0.88,0.952,0.838031368155
20261716,5,0.2,rule_agnostic_partial_identification,250,1,1,1
20261716,5,0.2,rule_aware_partial_identification,250,0.776,0.912,0.829801341616
20261716,6,0,rule_agnostic_partial_identification,250,1,1,1
20261716,6,0,rule_aware_partial_identification,250,1,1,0.860715638165
20261716,6,0.05,rule_agnostic_partial_identification,250,1,1,1
20261716,6,0.05,rule_aware_partial_identification,250,0.968,0.984,0.857038320351
20261716,6,0.1,rule_agnostic_partial_identification,250,1,1,1
20261716,6,0.1,rule_aware_partial_identification,250,0.908,0.972,0.862631251751
20261716,6,0.2,rule_agnostic_partial_identification,250,1,1,1
20261716,6,0.2,rule_aware_partial_identification,250,0.808,0.912,0.854151948812
20262716,4,0,rule_agnostic_partial_identification,250,1,1,1
20262716,4,0,rule_aware_partial_identification,250,1,1,0.832866841383
20262716,4,0.05,rule_agnostic_partial_identification,250,1,1,1
20262716,4,0.05,rule_aware_partial_identification,250,0.932,0.98,0.817407901393
20262716,4,0.1,rule_agnostic_partial_identification,250,1,1,1
20262716,4,0.1,rule_aware_partial_identification,250,0.904,0.944,0.815674657231
20262716,4,0.2,rule_agnostic_partial_identification,250,1,1,1
20262716,4,0.2,rule_aware_partial_identification,250,0.804,0.908,0.80382313139
20262716,5,0,rule_agnostic_partial_identification,250,1,1,1
20262716,5,0,rule_aware_partial_identification,250,1,1,0.847384655205
20262716,5,0.05,rule_agnostic_partial_identification,250,1,1,1
20262716,5,0.05,rule_aware_partial_identification,250,0.956,0.976,0.846137494253
20262716,5,0.1,rule_agnostic_partial_identification,250,1,1,1
20262716,5,0.1,rule_aware_partial_identification,250,0.904,0.952,0.836814500422
20262716,5,0.2,rule_agnostic_partial_identification,250,1,1,1
20262716,5,0.2,rule_aware_partial_identification,250,0.788,0.9,0.832489176299
20262716,6,0,rule_agnostic_partial_identification,250,1,1,1
20262716,6,0,rule_aware_partial_identification,250,1,1,0.867863071161
20262716,6,0.05,rule_agnostic_partial_identification,250,1,1,1
20262716,6,0.05,rule_aware_partial_identification,250,0.932,0.972,0.862017331338
20262716,6,0.1,rule_agnostic_partial_identification,250,1,1,1
20262716,6,0.1,rule_aware_partial_identification,250,0.912,0.976,0.85744366194
20262716,6,0.2,rule_agnostic_partial_identification,250,1,1,1
20262716,6,0.2,rule_aware_partial_identification,250,0.792,0.896,0.849861585712
20263716,4,0,rule_agnostic_partial_identification,250,1,1,1
20263716,4,0,rule_aware_partial_identification,250,1,1,0.825754324119
20263716,4,0.05,rule_agnostic_partial_identification,250,1,1,1
20263716,4,0.05,rule_aware_partial_identification,250,0.944,0.984,0.825724468331
20263716,4,0.1,rule_agnostic_partial_identification,250,1,1,1
20263716,4,0.1,rule_aware_partial_identification,250,0.92,0.952,0.80937835887
20263716,4,0.2,rule_agnostic_partial_identification,250,1,1,1
20263716,4,0.2,rule_aware_partial_identification,250,0.792,0.892,0.804034776373
20263716,5,0,rule_agnostic_partial_identification,250,1,1,1
20263716,5,0,rule_aware_partial_identification,250,1,1,0.845810950751
20263716,5,0.05,rule_agnostic_partial_identification,250,1,1,1
20263716,5,0.05,rule_aware_partial_identification,250,0.952,0.98,0.842630288176
20263716,5,0.1,rule_agnostic_partial_identification,250,1,1,1
20263716,5,0.1,rule_aware_partial_identification,250,0.908,0.968,0.839014396192
20263716,5,0.2,rule_agnostic_partial_identification,250,1,1,1
20263716,5,0.2,rule_aware_partial_identification,250,0.8,0.924,0.840640715597
20263716,6,0,rule_agnostic_partial_identification,250,1,1,1
20263716,6,0,rule_aware_partial_identification,250,1,1,0.863252113633
20263716,6,0.05,rule_agnostic_partial_identification,250,1,1,1
20263716,6,0.05,rule_aware_partial_identification,250,0.956,0.976,0.862753796676
20263716,6,0.1,rule_agnostic_partial_identification,250,1,1,1
20263716,6,0.1,rule_aware_partial_identification,250,0.888,0.964,0.861595424139
20263716,6,0.2,rule_agnostic_partial_identification,250,1,1,1
20263716,6,0.2,rule_aware_partial_identification,250,0.78,0.904,0.858428810003
20264716,4,0,rule_agnostic_partial_identification,250,1,1,1
20264716,4,0,rule_aware_partial_identification,250,1,1,0.826505406421
20264716,4,0.05,rule_agnostic_partial_identification,250,1,1,1
20264716,4,0.05,rule_aware_partial_identification,250,0.944,0.972,0.81972048234
20264716,4,0.1,rule_agnostic_partial_identification,250,1,1,1
20264716,4,0.1,rule_aware_partial_identification,250,0.892,0.936,0.815581665694
20264716,4,0.2,rule_agnostic_partial_identification,250,1,1,1
20264716,4,0.2,rule_aware_partial_identification,250,0.796,0.936,0.811633107358
20264716,5,0,rule_agnostic_partial_identification,250,1,1,1
20264716,5,0,rule_aware_partial_identification,250,1,1,0.845730465319
20264716,5,0.05,rule_agnostic_partial_identification,250,1,1,1
20264716,5,0.05,rule_aware_partial_identification,250,0.952,0.976,0.849678273088
20264716,5,0.1,rule_agnostic_partial_identification,250,1,1,1
20264716,5,0.1,rule_aware_partial_identification,250,0.88,0.968,0.839747803787
20264716,5,0.2,rule_agnostic_partial_identification,250,1,1,1
20264716,5,0.2,rule_aware_partial_identification,250,0.788,0.9,0.830750847973
20264716,6,0,rule_agnostic_partial_identification,250,1,1,1
20264716,6,0,rule_aware_partial_identification,250,1,1,0.864769083483
20264716,6,0.05,rule_agnostic_partial_identification,250,1,1,1
20264716,6,0.05,rule_aware_partial_identification,250,0.948,0.964,0.862092830384
20264716,6,0.1,rule_agnostic_partial_identification,250,1,1,1
20264716,6,0.1,rule_aware_partial_identification,250,0.888,0.948,0.854506913147
20264716,6,0.2,rule_agnostic_partial_identification,250,1,1,1
20264716,6,0.2,rule_aware_partial_identification,250,0.784,0.916,0.85407069858
20265716,4,0,rule_agnostic_partial_identification,250,1,1,1
20265716,4,0,rule_aware_partial_identification,250,1,1,0.829954608403
20265716,4,0.05,rule_agnostic_partial_identification,250,1,1,1
20265716,4,0.05,rule_aware_partial_identification,250,0.96,0.984,0.823214996495
20265716,4,0.1,rule_agnostic_partial_identification,250,1,1,1
20265716,4,0.1,rule_aware_partial_identification,250,0.9,0.948,0.810031243186
20265716,4,0.2,rule_agnostic_partial_identification,250,1,1,1
20265716,4,0.2,rule_aware_partial_identification,250,0.848,0.912,0.809104521856
20265716,5,0,rule_agnostic_partial_identification,250,1,1,1
20265716,5,0,rule_aware_partial_identification,250,1,1,0.850897849895
20265716,5,0.05,rule_agnostic_partial_identification,250,1,1,1
20265716,5,0.05,rule_aware_partial_identification,250,0.96,0.984,0.843003507339
20265716,5,0.1,rule_agnostic_partial_identification,250,1,1,1
20265716,5,0.1,rule_aware_partial_identification,250,0.908,0.96,0.836503461671
20265716,5,0.2,rule_agnostic_partial_identification,250,1,1,1
20265716,5,0.2,rule_aware_partial_identification,250,0.812,0.94,0.838402322197
20265716,6,0,rule_agnostic_partial_identification,250,1,1,1
20265716,6,0,rule_aware_partial_identification,250,1,1,0.864256386982
20265716,6,0.05,rule_agnostic_partial_identification,250,1,1,1
20265716,6,0.05,rule_aware_partial_identification,250,0.936,0.976,0.863252737552
20265716,6,0.1,rule_agnostic_partial_identification,250,1,1,1
20265716,6,0.1,rule_aware_partial_identification,250,0.896,0.948,0.857296624646
20265716,6,0.2,rule_agnostic_partial_identification,250,1,1,1
20265716,6,0.2,rule_aware_partial_identification,250,0.788,0.904,0.846756858669
20266716,4,0,rule_agnostic_partial_identification,250,1,1,1
20266716,4,0,rule_aware_partial_identification,250,1,1,0.825593232625
20266716,4,0.05,rule_agnostic_partial_identification,250,1,1,1
20266716,4,0.05,rule_aware_partial_identification,250,0.948,0.984,0.821497673427
20266716,4,0.1,rule_agnostic_partial_identification,250,1,1,1
20266716,4,0.1,rule_aware_partial_identification,250,0.88,0.952,0.810163542524
20266716,4,0.2,rule_agnostic_partial_identification,250,1,1,1
20266716,4,0.2,rule_aware_partial_identification,250,0.804,0.888,0.801604988565
20266716,5,0,rule_agnostic_partial_identification,250,1,1,1
20266716,5,0,rule_aware_partial_identification,250,1,1,0.846748007193
20266716,5,0.05,rule_agnostic_partial_identification,250,1,1,1
20266716,5,0.05,rule_aware_partial_identification,250,0.952,0.98,0.846115552817
20266716,5,0.1,rule_agnostic_partial_identification,250,1,1,1
20266716,5,0.1,rule_aware_partial_identification,250,0.912,0.964,0.842626985523
20266716,5,0.2,rule_agnostic_partial_identification,250,1,1,1
20266716,5,0.2,rule_aware_partial_identification,250,0.82,0.904,0.8302527441
20266716,6,0,rule_agnostic_partial_identification,250,1,1,1
20266716,6,0,rule_aware_partial_identification,250,1,1,0.863618303351
20266716,6,0.05,rule_agnostic_partial_identification,250,1,1,1
20266716,6,0.05,rule_aware_partial_identification,250,0.952,0.976,0.862057728131
20266716,6,0.1,rule_agnostic_partial_identification,250,1,1,1
20266716,6,0.1,rule_aware_partial_identification,250,0.892,0.952,0.861296590274
20266716,6,0.2,rule_agnostic_partial_identification,250,1,1,1
20266716,6,0.2,rule_aware_partial_identification,250,0.808,0.92,0.85374885774
20267716,4,0,rule_agnostic_partial_identification,250,1,1,1
20267716,4,0,rule_aware_partial_identification,250,1,1,0.827673575499
20267716,4,0.05,rule_agnostic_partial_identification,250,1,1,1
20267716,4,0.05,rule_aware_partial_identification,250,0.916,0.956,0.815336536962
20267716,4,0.1,rule_agnostic_partial_identification,250,1,1,1
20267716,4,0.1,rule_aware_partial_identification,250,0.9,0.968,0.815559248217
20267716,4,0.2,rule_agnostic_partial_identification,250,1,1,1
20267716,4,0.2,rule_aware_partial_identification,250,0.772,0.896,0.811500573761
20267716,5,0,rule_agnostic_partial_identification,250,1,1,1
20267716,5,0,rule_aware_partial_identification,250,1,1,0.84893195045
20267716,5,0.05,rule_agnostic_partial_identification,250,1,1,1
20267716,5,0.05,rule_aware_partial_identification,250,0.948,0.988,0.849305811759
20267716,5,0.1,rule_agnostic_partial_identification,250,1,1,1
20267716,5,0.1,rule_aware_partial_identification,250,0.904,0.956,0.839164074168
20267716,5,0.2,rule_agnostic_partial_identification,250,1,1,1
20267716,5,0.2,rule_aware_partial_identification,250,0.74,0.888,0.824559215042
20267716,6,0,rule_agnostic_partial_identification,250,1,1,1
20267716,6,0,rule_aware_partial_identification,250,1,1,0.861060935984
20267716,6,0.05,rule_agnostic_partial_identification,250,1,1,1
20267716,6,0.05,rule_aware_partial_identification,250,0.964,0.988,0.862948065281
20267716,6,0.1,rule_agnostic_partial_identification,250,1,1,1
20267716,6,0.1,rule_aware_partial_identification,250,0.84,0.948,0.858362925073
20267716,6,0.2,rule_agnostic_partial_identification,250,1,1,1
20267716,6,0.2,rule_aware_partial_identification,250,0.764,0.924,0.856105854481
20268716,4,0,rule_agnostic_partial_identification,250,1,1,1
20268716,4,0,rule_aware_partial_identification,250,1,1,0.826813460724
20268716,4,0.05,rule_agnostic_partial_identification,250,1,1,1
20268716,4,0.05,rule_aware_partial_identification,250,0.956,0.98,0.821422097373
20268716,4,0.1,rule_agnostic_partial_identification,250,1,1,1
20268716,4,0.1,rule_aware_partial_identification,250,0.912,0.956,0.815545519548
20268716,4,0.2,rule_agnostic_partial_identification,250,1,1,1
20268716,4,0.2,rule_aware_partial_identification,250,0.78,0.896,0.798219910339
20268716,5,0,rule_agnostic_partial_identification,250,1,1,1
20268716,5,0,rule_aware_partial_identification,250,1,1,0.848832482784
20268716,5,0.05,rule_agnostic_partial_identification,250,1,1,1
20268716,5,0.05,rule_aware_partial_identification,250,0.956,0.98,0.842779584861
20268716,5,0.1,rule_agnostic_partial_identification,250,1,1,1
20268716,5,0.1,rule_aware_partial_identification,250,0.936,0.976,0.840657973778
20268716,5,0.2,rule_agnostic_partial_identification,250,1,1,1
20268716,5,0.2,rule_aware_partial_identification,250,0.848,0.948,0.828344820068
20268716,6,0,rule_agnostic_partial_identification,250,1,1,1
20268716,6,0,rule_aware_partial_identification,250,1,1,0.865728249007
20268716,6,0.05,rule_agnostic_partial_identification,250,1,1,1
20268716,6,0.05,rule_aware_partial_identification,250,0.964,0.984,0.866011918489
20268716,6,0.1,rule_agnostic_partial_identification,250,1,1,1
20268716,6,0.1,rule_aware_partial_identification,250,0.896,0.964,0.854842691409
20268716,6,0.2,rule_agnostic_partial_identification,250,1,1,1
20268716,6,0.2,rule_aware_partial_identification,250,0.832,0.928,0.857442275752
20269716,4,0,rule_agnostic_partial_identification,250,1,1,1
20269716,4,0,rule_aware_partial_identification,250,1,1,0.823816092349
20269716,4,0.05,rule_agnostic_partial_identification,250,1,1,1
20269716,4,0.05,rule_aware_partial_identification,250,0.956,0.98,0.816697396931
20269716,4,0.1,rule_agnostic_partial_identification,250,1,1,1
20269716,4,0.1,rule_aware_partial_identification,250,0.896,0.968,0.824887896727
20269716,4,0.2,rule_agnostic_partial_identification,250,1,1,1
20269716,4,0.2,rule_aware_partial_identification,250,0.804,0.908,0.800151029541
20269716,5,0,rule_agnostic_partial_identification,250,1,1,1
20269716,5,0,rule_aware_partial_identification,250,1,1,0.841153047754
20269716,5,0.05,rule_agnostic_partial_identification,250,1,1,1
20269716,5,0.05,rule_aware_partial_identification,250,0.964,0.984,0.841589326613
20269716,5,0.1,rule_agnostic_partial_identification,250,1,1,1
20269716,5,0.1,rule_aware_partial_identification,250,0.94,0.976,0.844333124647
20269716,5,0.2,rule_agnostic_partial_identification,250,1,1,1
20269716,5,0.2,rule_aware_partial_identification,250,0.792,0.908,0.831420035046
20269716,6,0,rule_agnostic_partial_identification,250,1,1,1
20269716,6,0,rule_aware_partial_identification,250,1,1,0.866159219963
20269716,6,0.05,rule_agnostic_partial_identification,250,1,1,1
20269716,6,0.05,rule_aware_partial_identification,250,0.936,0.98,0.866243030285
20269716,6,0.1,rule_agnostic_partial_identification,250,1,1,1
20269716,6,0.1,rule_aware_partial_identification,250,0.912,0.964,0.859419973712
20269716,6,0.2,rule_agnostic_partial_identification,250,1,1,1
20269716,6,0.2,rule_aware_partial_identification,250,0.788,0.904,0.848496113255
20270716,4,0,rule_agnostic_partial_identification,250,1,1,1
20270716,4,0,rule_aware_partial_identification,250,1,1,0.821151992855
20270716,4,0.05,rule_agnostic_partial_identification,250,1,1,1
20270716,4,0.05,rule_aware_partial_identification,250,0.932,0.98,0.818003241782
20270716,4,0.1,rule_agnostic_partial_identification,250,1,1,1
20270716,4,0.1,rule_aware_partial_identification,250,0.888,0.952,0.815289106481
20270716,4,0.2,rule_agnostic_partial_identification,250,1,1,1
20270716,4,0.2,rule_aware_partial_identification,250,0.788,0.904,0.803700511638
20270716,5,0,rule_agnostic_partial_identification,250,1,1,1
20270716,5,0,rule_aware_partial_identification,250,1,1,0.846923994785
20270716,5,0.05,rule_agnostic_partial_identification,250,1,1,1
20270716,5,0.05,rule_aware_partial_identification,250,0.948,0.98,0.840989083467
20270716,5,0.1,rule_agnostic_partial_identification,250,1,1,1
20270716,5,0.1,rule_aware_partial_identification,250,0.876,0.952,0.838634670937
20270716,5,0.2,rule_agnostic_partial_identification,250,1,1,1
20270716,5,0.2,rule_aware_partial_identification,250,0.824,0.94,0.835194954269
20270716,6,0,rule_agnostic_partial_identification,250,1,1,1
20270716,6,0,rule_aware_partial_identification,250,1,1,0.859534424071
20270716,6,0.05,rule_agnostic_partial_identification,250,1,1,1
20270716,6,0.05,rule_aware_partial_identification,250,0.94,0.964,0.862379592661
20270716,6,0.1,rule_agnostic_partial_identification,250,1,1,1
20270716,6,0.1,rule_aware_partial_identification,250,0.924,0.968,0.858640195553
20270716,6,0.2,rule_agnostic_partial_identification,250,1,1,1
20270716,6,0.2,rule_aware_partial_identification,250,0.828,0.92,0.852636784355
20271716,4,0,rule_agnostic_partial_identification,250,1,1,1
20271716,4,0,rule_aware_partial_identification,250,1,1,0.823325489855
20271716,4,0.05,rule_agnostic_partial_identification,250,1,1,1
20271716,4,0.05,rule_aware_partial_identification,250,0.948,0.992,0.822892328828
20271716,4,0.1,rule_agnostic_partial_identification,250,1,1,1
20271716,4,0.1,rule_aware_partial_identification,250,0.92,0.956,0.814653487502
20271716,4,0.2,rule_agnostic_partial_identification,250,1,1,1
20271716,4,0.2,rule_aware_partial_identification,250,0.792,0.916,0.811410803359
20271716,5,0,rule_agnostic_partial_identification,250,1,1,1
20271716,5,0,rule_aware_partial_identification,250,1,1,0.843189840338
20271716,5,0.05,rule_agnostic_partial_identification,250,1,1,1
20271716,5,0.05,rule_aware_partial_identification,250,0.92,0.972,0.842540813617
20271716,5,0.1,rule_agnostic_partial_identification,250,1,1,1
20271716,5,0.1,rule_aware_partial_identification,250,0.912,0.976,0.839542269413
20271716,5,0.2,rule_agnostic_partial_identification,250,1,1,1
20271716,5,0.2,rule_aware_partial_identification,250,0.816,0.924,0.836451946569
20271716,6,0,rule_agnostic_partial_identification,250,1,1,1
20271716,6,0,rule_aware_partial_identification,250,1,1,0.861352762263
20271716,6,0.05,rule_agnostic_partial_identification,250,1,1,1
20271716,6,0.05,rule_aware_partial_identification,250,0.932,0.968,0.860521749547
20271716,6,0.1,rule_agnostic_partial_identification,250,1,1,1
20271716,6,0.1,rule_aware_partial_identification,250,0.928,0.96,0.858848463904
20271716,6,0.2,rule_agnostic_partial_identification,250,1,1,1
20271716,6,0.2,rule_aware_partial_identification,250,0.804,0.916,0.849891097969
20272716,4,0,rule_agnostic_partial_identification,250,1,1,1
20272716,4,0,rule_aware_partial_identification,250,1,1,0.824431050523
20272716,4,0.05,rule_agnostic_partial_identification,250,1,1,1
20272716,4,0.05,rule_aware_partial_identification,250,0.936,0.976,0.822683998096
20272716,4,0.1,rule_agnostic_partial_identification,250,1,1,1
20272716,4,0.1,rule_aware_partial_identification,250,0.888,0.96,0.813199665508
20272716,4,0.2,rule_agnostic_partial_identification,250,1,1,1
20272716,4,0.2,rule_aware_partial_identification,250,0.78,0.9,0.800532400383
20272716,5,0,rule_agnostic_partial_identification,250,1,1,1
20272716,5,0,rule_aware_partial_identification,250,1,1,0.849506369715
20272716,5,0.05,rule_agnostic_partial_identification,250,1,1,1
20272716,5,0.05,rule_aware_partial_identification,250,0.952,0.984,0.844449248769
20272716,5,0.1,rule_agnostic_partial_identification,250,1,1,1
20272716,5,0.1,rule_aware_partial_identification,250,0.888,0.96,0.835571081783
20272716,5,0.2,rule_agnostic_partial_identification,250,1,1,1
20272716,5,0.2,rule_aware_partial_identification,250,0.84,0.94,0.842812338652
20272716,6,0,rule_agnostic_partial_identification,250,1,1,1
20272716,6,0,rule_aware_partial_identification,250,1,1,0.863980844754
20272716,6,0.05,rule_agnostic_partial_identification,250,1,1,1
20272716,6,0.05,rule_aware_partial_identification,250,0.956,0.972,0.860619528073
20272716,6,0.1,rule_agnostic_partial_identification,250,1,1,1
20272716,6,0.1,rule_aware_partial_identification,250,0.896,0.944,0.85491837088
20272716,6,0.2,rule_agnostic_partial_identification,250,1,1,1
20272716,6,0.2,rule_aware_partial_identification,250,0.78,0.92,0.855024515153
20273716,4,0,rule_agnostic_partial_identification,250,1,1,1
20273716,4,0,rule_aware_partial_identification,250,1,1,0.821242617301
20273716,4,0.05,rule_agnostic_partial_identification,250,1,1,1
20273716,4,0.05,rule_aware_partial_identification,250,0.944,0.988,0.821870787879
20273716,4,0.1,rule_agnostic_partial_identification,250,1,1,1
20273716,4,0.1,rule_aware_partial_identification,250,0.908,0.984,0.820690552578
20273716,4,0.2,rule_agnostic_partial_identification,250,1,1,1
20273716,4,0.2,rule_aware_partial_identification,250,0.8,0.932,0.811950035427
20273716,5,0,rule_agnostic_partial_identification,250,1,1,1
20273716,5,0,rule_aware_partial_identification,250,1,1,0.84991470148
20273716,5,0.05,rule_agnostic_partial_identification,250,1,1,1
20273716,5,0.05,rule_aware_partial_identification,250,0.968,0.988,0.842360243375
20273716,5,0.1,rule_agnostic_partial_identification,250,1,1,1
20273716,5,0.1,rule_aware_partial_identification,250,0.868,0.944,0.840927997482
20273716,5,0.2,rule_agnostic_partial_identification,250,1,1,1
20273716,5,0.2,rule_aware_partial_identification,250,0.808,0.92,0.833622750507
20273716,6,0,rule_agnostic_partial_identification,250,1,1,1
20273716,6,0,rule_aware_partial_identification,250,1,1,0.867175890013
20273716,6,0.05,rule_agnostic_partial_identification,250,1,1,1
20273716,6,0.05,rule_aware_partial_identification,250,0.972,0.98,0.858435825919
20273716,6,0.1,rule_agnostic_partial_identification,250,1,1,1
20273716,6,0.1,rule_aware_partial_identification,250,0.876,0.964,0.858294225582
20273716,6,0.2,rule_agnostic_partial_identification,250,1,1,1
20273716,6,0.2,rule_aware_partial_identification,250,0.796,0.904,0.854471486574
20274716,4,0,rule_agnostic_partial_identification,250,1,1,1
20274716,4,0,rule_aware_partial_identification,250,1,1,0.825450349802
20274716,4,0.05,rule_agnostic_partial_identification,250,1,1,1
20274716,4,0.05,rule_aware_partial_identification,250,0.948,0.968,0.826369995063
20274716,4,0.1,rule_agnostic_partial_identification,250,1,1,1
20274716,4,0.1,rule_aware_partial_identification,250,0.912,0.964,0.815309652647
20274716,4,0.2,rule_agnostic_partial_identification,250,1,1,1
20274716,4,0.2,rule_aware_partial_identification,250,0.772,0.912,0.808823097391
20274716,5,0,rule_agnostic_partial_identification,250,1,1,1
20274716,5,0,rule_aware_partial_identification,250,1,1,0.84813426823
20274716,5,0.05,rule_agnostic_partial_identification,250,1,1,1
20274716,5,0.05,rule_aware_partial_identification,250,0.944,0.976,0.839391820466
20274716,5,0.1,rule_agnostic_partial_identification,250,1,1,1
20274716,5,0.1,rule_aware_partial_identification,250,0.896,0.972,0.841345875574
20274716,5,0.2,rule_agnostic_partial_identification,250,1,1,1
20274716,5,0.2,rule_aware_partial_identification,250,0.784,0.9,0.828885189399
20274716,6,0,rule_agnostic_partial_identification,250,1,1,1
20274716,6,0,rule_aware_partial_identification,250,1,1,0.866626205432
20274716,6,0.05,rule_agnostic_partial_identification,250,1,1,1
20274716,6,0.05,rule_aware_partial_identification,250,0.96,0.988,0.865641970906
20274716,6,0.1,rule_agnostic_partial_identification,250,1,1,1
20274716,6,0.1,rule_aware_partial_identification,250,0.872,0.952,0.861566522327
20274716,6,0.2,rule_agnostic_partial_identification,250,1,1,1
20274716,6,0.2,rule_aware_partial_identification,250,0.8,0.916,0.851481678713
20275716,4,0,rule_agnostic_partial_identification,250,1,1,1
20275716,4,0,rule_aware_partial_identification,250,1,1,0.825193993546
20275716,4,0.05,rule_agnostic_partial_identification,250,1,1,1
20275716,4,0.05,rule_aware_partial_identification,250,0.956,0.976,0.817809254925
20275716,4,0.1,rule_agnostic_partial_identification,250,1,1,1
20275716,4,0.1,rule_aware_partial_identification,250,0.896,0.944,0.816481606194
20275716,4,0.2,rule_agnostic_partial_identification,250,1,1,1
20275716,4,0.2,rule_aware_partial_identification,250,0.784,0.888,0.804828343581
20275716,5,0,rule_agnostic_partial_identification,250,1,1,1
20275716,5,0,rule_aware_partial_identification,250,1,1,0.841633464635
20275716,5,0.05,rule_agnostic_partial_identification,250,1,1,1
20275716,5,0.05,rule_aware_partial_identification,250,0.96,0.98,0.844821269376
20275716,5,0.1,rule_agnostic_partial_identification,250,1,1,1
20275716,5,0.1,rule_aware_partial_identification,250,0.88,0.952,0.841678946288
20275716,5,0.2,rule_agnostic_partial_identification,250,1,1,1
20275716,5,0.2,rule_aware_partial_identification,250,0.812,0.932,0.835051407674
20275716,6,0,rule_agnostic_partial_identification,250,1,1,1
20275716,6,0,rule_aware_partial_identification,250,1,1,0.863508410788
20275716,6,0.05,rule_agnostic_partial_identification,250,1,1,1
20275716,6,0.05,rule_aware_partial_identification,250,0.928,0.98,0.862262443664
20275716,6,0.1,rule_agnostic_partial_identification,250,1,1,1
20275716,6,0.1,rule_aware_partial_identification,250,0.9,0.948,0.860823742569
20275716,6,0.2,rule_agnostic_partial_identification,250,1,1,1
20275716,6,0.2,rule_aware_partial_identification,250,0.844,0.952,0.864113682166
20276716,4,0,rule_agnostic_partial_identification,250,1,1,1
20276716,4,0,rule_aware_partial_identification,250,1,1,0.821523362629
20276716,4,0.05,rule_agnostic_partial_identification,250,1,1,1
20276716,4,0.05,rule_aware_partial_identification,250,0.932,0.952,0.821839732369
20276716,4,0.1,rule_agnostic_partial_identification,250,1,1,1
20276716,4,0.1,rule_aware_partial_identification,250,0.904,0.96,0.818195897408
20276716,4,0.2,rule_agnostic_partial_identification,250,1,1,1
20276716,4,0.2,rule_aware_partial_identification,250,0.82,0.908,0.808331280134
20276716,5,0,rule_agnostic_partial_identification,250,1,1,1
20276716,5,0,rule_aware_partial_identification,250,1,1,0.849070747572
20276716,5,0.05,rule_agnostic_partial_identification,250,1,1,1
20276716,5,0.05,rule_aware_partial_identification,250,0.94,0.976,0.839714832981
20276716,5,0.1,rule_agnostic_partial_identification,250,1,1,1
20276716,5,0.1,rule_aware_partial_identification,250,0.912,0.956,0.842918953427
20276716,5,0.2,rule_agnostic_partial_identification,250,1,1,1
20276716,5,0.2,rule_aware_partial_identification,250,0.824,0.908,0.830174988647
20276716,6,0,rule_agnostic_partial_identification,250,1,1,1
20276716,6,0,rule_aware_partial_identification,250,1,1,0.862678940386
20276716,6,0.05,rule_agnostic_partial_identification,250,1,1,1
20276716,6,0.05,rule_aware_partial_identification,250,0.944,0.964,0.859254134486
20276716,6,0.1,rule_agnostic_partial_identification,250,1,1,1
20276716,6,0.1,rule_aware_partial_identification,250,0.92,0.972,0.865055738265
20276716,6,0.2,rule_agnostic_partial_identification,250,1,1,1
20276716,6,0.2,rule_aware_partial_identification,250,0.828,0.952,0.856064609456
20277716,4,0,rule_agnostic_partial_identification,250,1,1,1
20277716,4,0,rule_aware_partial_identification,250,1,1,0.823727104916
20277716,4,0.05,rule_agnostic_partial_identification,250,1,1,1
20277716,4,0.05,rule_aware_partial_identification,250,0.972,0.984,0.818593781651
20277716,4,0.1,rule_agnostic_partial_identification,250,1,1,1
20277716,4,0.1,rule_aware_partial_identification,250,0.876,0.928,0.804355431139
20277716,4,0.2,rule_agnostic_partial_identification,250,1,1,1
20277716,4,0.2,rule_aware_partial_identification,250,0.808,0.928,0.811477489241
20277716,5,0,rule_agnostic_partial_identification,250,1,1,1
20277716,5,0,rule_aware_partial_identification,250,1,1,0.840189205906
20277716,5,0.05,rule_agnostic_partial_identification,250,1,1,1
20277716,5,0.05,rule_aware_partial_identification,250,0.92,0.96,0.836966536128
20277716,5,0.1,rule_agnostic_partial_identification,250,1,1,1
20277716,5,0.1,rule_aware_partial_identification,250,0.892,0.952,0.838807431095
20277716,5,0.2,rule_agnostic_partial_identification,250,1,1,1
20277716,5,0.2,rule_aware_partial_identification,250,0.804,0.928,0.83322276265
20277716,6,0,rule_agnostic_partial_identification,250,1,1,1
20277716,6,0,rule_aware_partial_identification,250,1,1,0.865278053524
20277716,6,0.05,rule_agnostic_partial_identification,250,1,1,1
20277716,6,0.05,rule_aware_partial_identification,250,0.936,0.984,0.858263991033
20277716,6,0.1,rule_agnostic_partial_identification,250,1,1,1
20277716,6,0.1,rule_aware_partial_identification,250,0.924,0.96,0.86202757631
20277716,6,0.2,rule_agnostic_partial_identification,250,1,1,1
20277716,6,0.2,rule_aware_partial_identification,250,0.792,0.912,0.853942863651
20278716,4,0,rule_agnostic_partial_identification,250,1,1,1
20278716,4,0,rule_aware_partial_identification,250,1,1,0.826744846009
20278716,4,0.05,rule_agnostic_partial_identification,250,1,1,1
20278716,4,0.05,rule_aware_partial_identification,250,0.956,0.972,0.819565751088
20278716,4,0.1,rule_agnostic_partial_identification,250,1,1,1
20278716,4,0.1,rule_aware_partial_identification,250,0.908,0.96,0.815152588834
20278716,4,0.2,rule_agnostic_partial_identification,250,1,1,1
20278716,4,0.2,rule_aware_partial_identification,250,0.812,0.904,0.807663893676
20278716,5,0,rule_agnostic_partial_identification,250,1,1,1
20278716,5,0,rule_aware_partial_identification,250,1,1,0.847926897529
20278716,5,0.05,rule_agnostic_partial_identification,250,1,1,1
20278716,5,0.05,rule_aware_partial_identification,250,0.972,0.984,0.842890210414
20278716,5,0.1,rule_agnostic_partial_identification,250,1,1,1
20278716,5,0.1,rule_aware_partial_identification,250,0.86,0.94,0.832195525437
20278716,5,0.2,rule_agnostic_partial_identification,250,1,1,1
20278716,5,0.2,rule_aware_partial_identification,250,0.796,0.908,0.829879903885
20278716,6,0,rule_agnostic_partial_identification,250,1,1,1
20278716,6,0,rule_aware_partial_identification,250,1,1,0.866928188764
20278716,6,0.05,rule_agnostic_partial_identification,250,1,1,1
20278716,6,0.05,rule_aware_partial_identification,250,0.94,0.968,0.85836628628
20278716,6,0.1,rule_agnostic_partial_identification,250,1,1,1
20278716,6,0.1,rule_aware_partial_identification,250,0.908,0.94,0.860926784449
20278716,6,0.2,rule_agnostic_partial_identification,250,1,1,1
20278716,6,0.2,rule_aware_partial_identification,250,0.784,0.892,0.85033726541
20279716,4,0,rule_agnostic_partial_identification,250,1,1,1
20279716,4,0,rule_aware_partial_identification,250,1,1,0.814817787423
20279716,4,0.05,rule_agnostic_partial_identification,250,1,1,1
20279716,4,0.05,rule_aware_partial_identification,250,0.964,0.988,0.822214619436
20279716,4,0.1,rule_agnostic_partial_identification,250,1,1,1
20279716,4,0.1,rule_aware_partial_identification,250,0.864,0.94,0.807875467209
20279716,4,0.2,rule_agnostic_partial_identification,250,1,1,1
20279716,4,0.2,rule_aware_partial_identification,250,0.784,0.896,0.807837784015
20279716,5,0,rule_agnostic_partial_identification,250,1,1,1
20279716,5,0,rule_aware_partial_identification,250,1,1,0.843159045999
20279716,5,0.05,rule_agnostic_partial_identification,250,1,1,1
20279716,5,0.05,rule_aware_partial_identification,250,0.948,0.976,0.842225221581
20279716,5,0.1,rule_agnostic_partial_identification,250,1,1,1
20279716,5,0.1,rule_aware_partial_identification,250,0.9,0.96,0.838204684956
20279716,5,0.2,rule_agnostic_partial_identification,250,1,1,1
20279716,5,0.2,rule_aware_partial_identification,250,0.808,0.912,0.830555827636
20279716,6,0,rule_agnostic_partial_identification,250,1,1,1
20279716,6,0,rule_aware_partial_identification,250,1,1,0.864792677963
20279716,6,0.05,rule_agnostic_partial_identification,250,1,1,1
20279716,6,0.05,rule_aware_partial_identification,250,0.948,0.972,0.8617255371
20279716,6,0.1,rule_agnostic_partial_identification,250,1,1,1
20279716,6,0.1,rule_aware_partial_identification,250,0.892,0.972,0.863458142263
20279716,6,0.2,rule_agnostic_partial_identification,250,1,1,1
20279716,6,0.2,rule_aware_partial_identification,250,0.776,0.916,0.851006061886
