synthesizer,seed,n_active,outcome_noise_probability,configuration,coverage,width,feasible,n_candidates,n_rounds,false_certainty,mean_compatible_states,full_coverage,full_width,coverage_change,width_change,coverage_improved,coverage_worsened
external_ordinal,20260716,,,external_without_disclosure,1.0,0.9504166666666667,1.0,6.0,3.0,0.0,146.77222222222224,1.0,0.7861111111111111,0.0,0.1643055555555556,False,False
external_ordinal,20261716,,,external_without_disclosure,1.0,0.9497222222222222,1.0,6.0,3.0,0.0,143.825,1.0,0.7920833333333334,0.0,0.15763888888888888,False,False
external_ordinal,20262716,,,external_without_disclosure,1.0,0.957962962962963,1.0,6.0,3.0,0.0,148.27777777777777,1.0,0.7962037037037037,0.0,0.16175925925925927,False,False
external_ordinal,20263716,,,external_without_disclosure,1.0,0.9525925925925927,1.0,6.0,3.0,0.0,145.08055555555558,1.0,0.7913888888888889,0.0,0.16120370370370374,False,False
external_ordinal,20264716,,,external_without_disclosure,1.0,0.9540277777777778,1.0,6.0,3.0,0.0,145.36944444444444,1.0,0.7881944444444444,0.0,0.1658333333333334,False,False
external_ordinal,20265716,,,external_without_disclosure,1.0,0.961111111111111,1.0,6.0,3.0,0.0,148.10833333333332,1.0,0.7999537037037037,0.0,0.16115740740740736,False,False
external_ordinal,20266716,,,external_without_disclosure,1.0,0.9545833333333333,1.0,6.0,3.0,0.0,146.23055555555555,1.0,0.7976851851851853,0.0,0.15689814814814806,False,False
external_ordinal,20267716,,,external_without_disclosure,1.0,0.9536574074074075,1.0,6.0,3.0,0.0,143.99166666666667,1.0,0.7879166666666666,0.0,0.16574074074074086,False,False
external_ordinal,20268716,,,external_without_disclosure,1.0,0.9531018518518518,1.0,6.0,3.0,0.0,142.85833333333332,1.0,0.7931018518518518,0.0,0.16000000000000003,False,False
external_ordinal,20269716,,,external_without_disclosure,1.0,0.9554166666666667,1.0,6.0,3.0,0.0,144.56666666666666,1.0,0.7969444444444445,0.0,0.15847222222222224,False,False
external_ordinal,20270716,,,external_without_disclosure,1.0,0.9550000000000001,1.0,6.0,3.0,0.0,144.1638888888889,1.0,0.7942592592592593,0.0,0.16074074074074074,False,False
external_ordinal,20271716,,,external_without_disclosure,1.0,0.9515277777777779,1.0,6.0,3.0,0.0,149.0361111111111,1.0,0.7903240740740741,0.0,0.16120370370370374,False,False
external_ordinal,20272716,,,external_without_disclosure,1.0,0.9606018518518519,1.0,6.0,3.0,0.0,146.99166666666667,1.0,0.8026388888888889,0.0,0.15796296296296297,False,False
external_ordinal,20273716,,,external_without_disclosure,1.0,0.9541666666666667,1.0,6.0,3.0,0.0,144.88888888888889,1.0,0.7941666666666667,0.0,0.16000000000000003,False,False
external_ordinal,20274716,,,external_without_disclosure,1.0,0.9560648148148148,1.0,6.0,3.0,0.0,146.45833333333334,1.0,0.7928240740740741,0.0,0.1632407407407407,False,False
external_ordinal,20275716,,,external_without_disclosure,1.0,0.9523148148148147,1.0,6.0,3.0,0.0,147.0388888888889,1.0,0.7950925925925926,0.0,0.15722222222222215,False,False
external_ordinal,20276716,,,external_without_disclosure,1.0,0.9540277777777778,1.0,6.0,3.0,0.0,146.3861111111111,1.0,0.7943055555555555,0.0,0.15972222222222232,False,False
external_ordinal,20277716,,,external_without_disclosure,1.0,0.9599537037037037,1.0,6.0,3.0,0.0,146.65,1.0,0.7969907407407407,0.0,0.16296296296296298,False,False
external_ordinal,20278716,,,external_without_disclosure,1.0,0.9485185185185185,1.0,6.0,3.0,0.0,143.03055555555557,1.0,0.7825462962962962,0.0,0.1659722222222223,False,False
external_ordinal,20279716,,,external_without_disclosure,1.0,0.9499074074074074,1.0,6.0,3.0,0.0,142.39444444444445,1.0,0.7866203703703704,0.0,0.16328703703703706,False,False
external_ordinal,20260716,,,external_without_disclosure,1.0,0.9630886243386243,1.0,7.0,3.0,0.0,892.7361111111111,1.0,0.8677645502645502,0.0,0.09532407407407406,False,False
external_ordinal,20261716,,,external_without_disclosure,1.0,0.9632936507936507,1.0,7.0,3.0,0.0,879.1388888888889,1.0,0.8663955026455027,0.0,0.09689814814814801,False,False
external_ordinal,20262716,,,external_without_disclosure,1.0,0.9583531746031746,1.0,7.0,3.0,0.0,885.5083333333333,1.0,0.8567526455026455,0.0,0.10160052910052908,False,False
external_ordinal,20263716,,,external_without_disclosure,1.0,0.9643055555555555,1.0,7.0,3.0,0.0,903.4833333333333,1.0,0.8631746031746032,0.0,0.10113095238095238,False,False
external_ordinal,20264716,,,external_without_disclosure,1.0,0.9668915343915344,1.0,7.0,3.0,0.0,909.1,1.0,0.8675925925925926,0.0,0.09929894179894183,False,False
external_ordinal,20265716,,,external_without_disclosure,1.0,0.9621957671957672,1.0,7.0,3.0,0.0,913.4944444444444,1.0,0.8639616402116402,0.0,0.09823412698412692,False,False
external_ordinal,20266716,,,external_without_disclosure,1.0,0.960324074074074,1.0,7.0,3.0,0.0,869.8944444444444,1.0,0.8632473544973546,0.0,0.09707671957671948,False,False
external_ordinal,20267716,,,external_without_disclosure,1.0,0.9621164021164021,1.0,7.0,3.0,0.0,899.1416666666667,1.0,0.8643386243386243,0.0,0.09777777777777785,False,False
external_ordinal,20268716,,,external_without_disclosure,1.0,0.9573280423280423,1.0,7.0,3.0,0.0,854.7027777777778,1.0,0.8560912698412699,0.0,0.10123677248677232,False,False
external_ordinal,20269716,,,external_without_disclosure,1.0,0.9579365079365079,1.0,7.0,3.0,0.0,885.6638888888889,1.0,0.8571428571428572,0.0,0.10079365079365066,False,False
external_ordinal,20270716,,,external_without_disclosure,1.0,0.963478835978836,1.0,7.0,3.0,0.0,891.5333333333333,1.0,0.8641732804232805,0.0,0.09930555555555554,False,False
external_ordinal,20271716,,,external_without_disclosure,1.0,0.9594841269841269,1.0,7.0,3.0,0.0,890.938888888889,1.0,0.8601058201058202,0.0,0.09937830687830673,False,False
external_ordinal,20272716,,,external_without_disclosure,1.0,0.961818783068783,1.0,7.0,3.0,0.0,876.3305555555556,1.0,0.861633597883598,0.0,0.10018518518518504,False,False
external_ordinal,20273716,,,external_without_disclosure,1.0,0.959510582010582,1.0,7.0,3.0,0.0,890.3333333333334,1.0,0.8590079365079365,0.0,0.10050264550264554,False,False
external_ordinal,20274716,,,external_without_disclosure,1.0,0.9625859788359789,1.0,7.0,3.0,0.0,902.9722222222223,1.0,0.8659259259259259,0.0,0.09666005291005297,False,False
external_ordinal,20275716,,,external_without_disclosure,1.0,0.9610449735449735,1.0,7.0,3.0,0.0,857.175,1.0,0.863095238095238,0.0,0.09794973544973551,False,False
external_ordinal,20276716,,,external_without_disclosure,1.0,0.9602248677248677,1.0,7.0,3.0,0.0,892.1666666666666,1.0,0.8597156084656085,0.0,0.10050925925925924,False,False
external_ordinal,20277716,,,external_without_disclosure,1.0,0.9642791005291005,1.0,7.0,3.0,0.0,900.7777777777777,1.0,0.8700066137566137,0.0,0.09427248677248679,False,False
external_ordinal,20278716,,,external_without_disclosure,1.0,0.9664153439153439,1.0,7.0,3.0,0.0,886.561111111111,1.0,0.8668650793650793,0.0,0.09955026455026461,False,False
external_ordinal,20279716,,,external_without_disclosure,1.0,0.9634325396825396,1.0,7.0,3.0,0.0,902.6638888888889,1.0,0.8664087301587301,0.0,0.09702380952380951,False,False
external_ordinal,20260716,,,external_without_disclosure,1.0,0.9604613095238095,1.0,7.0,4.0,0.0,670.10625,1.0,0.8352132936507937,0.0,0.12524801587301582,False,False
external_ordinal,20261716,,,external_without_disclosure,1.0,0.960406746031746,1.0,7.0,4.0,0.0,685.9041666666667,1.0,0.8317708333333333,0.0,0.12863591269841268,False,False
external_ordinal,20262716,,,external_without_disclosure,1.0,0.9600000000000001,1.0,7.0,4.0,0.0,677.55,1.0,0.8321825396825397,0.0,0.12781746031746033,False,False
external_ordinal,20263716,,,external_without_disclosure,1.0,0.9575099206349207,1.0,7.0,4.0,0.0,660.1125,1.0,0.8306051587301587,0.0,0.12690476190476196,False,False
external_ordinal,20264716,,,external_without_disclosure,1.0,0.9604811507936508,1.0,7.0,4.0,0.0,672.66875,1.0,0.833561507936508,0.0,0.12691964285714286,False,False
external_ordinal,20265716,,,external_without_disclosure,1.0,0.9641815476190476,1.0,7.0,4.0,0.0,674.0979166666667,1.0,0.8372222222222222,0.0,0.12695932539682542,False,False
external_ordinal,20266716,,,external_without_disclosure,1.0,0.9547569444444444,1.0,7.0,4.0,0.0,673.7375,1.0,0.8271329365079365,0.0,0.12762400793650786,False,False
external_ordinal,20267716,,,external_without_disclosure,1.0,0.9609275793650794,1.0,7.0,4.0,0.0,670.0125,1.0,0.8342212301587302,0.0,0.12670634920634927,False,False
external_ordinal,20268716,,,external_without_disclosure,1.0,0.9592212301587302,1.0,7.0,4.0,0.0,650.5458333333333,1.0,0.8310565476190476,0.0,0.1281646825396826,False,False
external_ordinal,20269716,,,external_without_disclosure,1.0,0.9572271825396825,1.0,7.0,4.0,0.0,671.2375,1.0,0.8270287698412698,0.0,0.1301984126984127,False,False
external_ordinal,20270716,,,external_without_disclosure,1.0,0.9592509920634921,1.0,7.0,4.0,0.0,660.2,1.0,0.8338789682539682,0.0,0.12537202380952384,False,False
external_ordinal,20271716,,,external_without_disclosure,1.0,0.9591170634920635,1.0,7.0,4.0,0.0,666.6020833333333,1.0,0.8302132936507937,0.0,0.12890376984126983,False,False
external_ordinal,20272716,,,external_without_disclosure,1.0,0.9581200396825397,1.0,7.0,4.0,0.0,681.7125,1.0,0.8314136904761905,0.0,0.12670634920634916,False,False
external_ordinal,20273716,,,external_without_disclosure,1.0,0.9554662698412698,1.0,7.0,4.0,0.0,686.1145833333334,1.0,0.8288789682539683,0.0,0.12658730158730147,False,False
external_ordinal,20274716,,,external_without_disclosure,1.0,0.9592857142857143,1.0,7.0,4.0,0.0,674.0583333333333,1.0,0.833407738095238,0.0,0.12587797619047625,False,False
external_ordinal,20275716,,,external_without_disclosure,1.0,0.958953373015873,1.0,7.0,4.0,0.0,643.0520833333334,1.0,0.830500992063492,0.0,0.12845238095238098,False,False
external_ordinal,20276716,,,external_without_disclosure,1.0,0.9638789682539682,1.0,7.0,4.0,0.0,681.1729166666667,1.0,0.8373908730158731,0.0,0.12648809523809512,False,False
external_ordinal,20277716,,,external_without_disclosure,1.0,0.9580208333333334,1.0,7.0,4.0,0.0,681.98125,1.0,0.8303571428571428,0.0,0.12766369047619064,False,False
external_ordinal,20278716,,,external_without_disclosure,1.0,0.9586507936507936,1.0,7.0,4.0,0.0,682.7958333333333,1.0,0.8301785714285715,0.0,0.1284722222222221,False,False
external_ordinal,20279716,,,external_without_disclosure,1.0,0.956374007936508,1.0,7.0,4.0,0.0,683.2104166666667,1.0,0.8288244047619048,0.0,0.12754960317460318,False,False
external_ordinal,20260716,,,external_without_elimination,1.0,0.888888888888889,1.0,6.0,3.0,0.0,144.0,1.0,0.7861111111111111,0.0,0.10277777777777786,False,False
external_ordinal,20261716,,,external_without_elimination,1.0,0.888888888888889,1.0,6.0,3.0,0.0,144.0,1.0,0.7920833333333334,0.0,0.09680555555555559,False,False
external_ordinal,20262716,,,external_without_elimination,1.0,0.888888888888889,1.0,6.0,3.0,0.0,144.0,1.0,0.7962037037037037,0.0,0.0926851851851852,False,False
external_ordinal,20263716,,,external_without_elimination,1.0,0.888888888888889,1.0,6.0,3.0,0.0,144.0,1.0,0.7913888888888889,0.0,0.09750000000000003,False,False
external_ordinal,20264716,,,external_without_elimination,1.0,0.888888888888889,1.0,6.0,3.0,0.0,144.0,1.0,0.7881944444444444,0.0,0.10069444444444453,False,False
external_ordinal,20265716,,,external_without_elimination,1.0,0.888888888888889,1.0,6.0,3.0,0.0,144.0,1.0,0.7999537037037037,0.0,0.08893518518518528,False,False
external_ordinal,20266716,,,external_without_elimination,1.0,0.888888888888889,1.0,6.0,3.0,0.0,144.0,1.0,0.7976851851851853,0.0,0.09120370370370368,False,False
external_ordinal,20267716,,,external_without_elimination,1.0,0.888888888888889,1.0,6.0,3.0,0.0,144.0,1.0,0.7879166666666666,0.0,0.10097222222222235,False,False
external_ordinal,20268716,,,external_without_elimination,1.0,0.888888888888889,1.0,6.0,3.0,0.0,144.0,1.0,0.7931018518518518,0.0,0.09578703703703717,False,False
external_ordinal,20269716,,,external_without_elimination,1.0,0.888888888888889,1.0,6.0,3.0,0.0,144.0,1.0,0.7969444444444445,0.0,0.0919444444444445,False,False
external_ordinal,20270716,,,external_without_elimination,1.0,0.888888888888889,1.0,6.0,3.0,0.0,144.0,1.0,0.7942592592592593,0.0,0.09462962962962962,False,False
external_ordinal,20271716,,,external_without_elimination,1.0,0.888888888888889,1.0,6.0,3.0,0.0,144.0,1.0,0.7903240740740741,0.0,0.09856481481481483,False,False
external_ordinal,20272716,,,external_without_elimination,1.0,0.888888888888889,1.0,6.0,3.0,0.0,144.0,1.0,0.8026388888888889,0.0,0.08625000000000005,False,False
external_ordinal,20273716,,,external_without_elimination,1.0,0.888888888888889,1.0,6.0,3.0,0.0,144.0,1.0,0.7941666666666667,0.0,0.09472222222222226,False,False
external_ordinal,20274716,,,external_without_elimination,1.0,0.888888888888889,1.0,6.0,3.0,0.0,144.0,1.0,0.7928240740740741,0.0,0.09606481481481488,False,False
external_ordinal,20275716,,,external_without_elimination,1.0,0.888888888888889,1.0,6.0,3.0,0.0,144.0,1.0,0.7950925925925926,0.0,0.09379629629629638,False,False
external_ordinal,20276716,,,external_without_elimination,1.0,0.888888888888889,1.0,6.0,3.0,0.0,144.0,1.0,0.7943055555555555,0.0,0.09458333333333346,False,False
external_ordinal,20277716,,,external_without_elimination,1.0,0.888888888888889,1.0,6.0,3.0,0.0,144.0,1.0,0.7969907407407407,0.0,0.09189814814814823,False,False
external_ordinal,20278716,,,external_without_elimination,1.0,0.888888888888889,1.0,6.0,3.0,0.0,144.0,1.0,0.7825462962962962,0.0,0.10634259259259271,False,False
external_ordinal,20279716,,,external_without_elimination,1.0,0.888888888888889,1.0,6.0,3.0,0.0,144.0,1.0,0.7866203703703704,0.0,0.10226851851851859,False,False
external_ordinal,20260716,,,external_without_elimination,1.0,0.9285714285714284,1.0,7.0,3.0,0.0,980.0,1.0,0.8677645502645502,0.0,0.06080687830687814,False,False
external_ordinal,20261716,,,external_without_elimination,1.0,0.9285714285714284,1.0,7.0,3.0,0.0,980.0,1.0,0.8663955026455027,0.0,0.06217592592592569,False,False
external_ordinal,20262716,,,external_without_elimination,1.0,0.9285714285714284,1.0,7.0,3.0,0.0,980.0,1.0,0.8567526455026455,0.0,0.07181878306878287,False,False
external_ordinal,20263716,,,external_without_elimination,1.0,0.9285714285714284,1.0,7.0,3.0,0.0,980.0,1.0,0.8631746031746032,0.0,0.06539682539682523,False,False
external_ordinal,20264716,,,external_without_elimination,1.0,0.9285714285714284,1.0,7.0,3.0,0.0,980.0,1.0,0.8675925925925926,0.0,0.0609788359788358,False,False
external_ordinal,20265716,,,external_without_elimination,1.0,0.9285714285714284,1.0,7.0,3.0,0.0,980.0,1.0,0.8639616402116402,0.0,0.06460978835978815,False,False
external_ordinal,20266716,,,external_without_elimination,1.0,0.9285714285714284,1.0,7.0,3.0,0.0,980.0,1.0,0.8632473544973546,0.0,0.06532407407407381,False,False
external_ordinal,20267716,,,external_without_elimination,1.0,0.9285714285714284,1.0,7.0,3.0,0.0,980.0,1.0,0.8643386243386243,0.0,0.06423280423280409,False,False
external_ordinal,20268716,,,external_without_elimination,1.0,0.9285714285714284,1.0,7.0,3.0,0.0,980.0,1.0,0.8560912698412699,0.0,0.07248015873015845,False,False
external_ordinal,20269716,,,external_without_elimination,1.0,0.9285714285714284,1.0,7.0,3.0,0.0,980.0,1.0,0.8571428571428572,0.0,0.07142857142857117,False,False
external_ordinal,20270716,,,external_without_elimination,1.0,0.9285714285714284,1.0,7.0,3.0,0.0,980.0,1.0,0.8641732804232805,0.0,0.06439814814814793,False,False
external_ordinal,20271716,,,external_without_elimination,1.0,0.9285714285714284,1.0,7.0,3.0,0.0,980.0,1.0,0.8601058201058202,0.0,0.06846560846560823,False,False
external_ordinal,20272716,,,external_without_elimination,1.0,0.9285714285714284,1.0,7.0,3.0,0.0,980.0,1.0,0.861633597883598,0.0,0.06693783068783044,False,False
external_ordinal,20273716,,,external_without_elimination,1.0,0.9285714285714284,1.0,7.0,3.0,0.0,980.0,1.0,0.8590079365079365,0.0,0.06956349206349188,False,False
external_ordinal,20274716,,,external_without_elimination,1.0,0.9285714285714284,1.0,7.0,3.0,0.0,980.0,1.0,0.8659259259259259,0.0,0.0626455026455025,False,False
external_ordinal,20275716,,,external_without_elimination,1.0,0.9285714285714284,1.0,7.0,3.0,0.0,980.0,1.0,0.863095238095238,0.0,0.06547619047619035,False,False
external_ordinal,20276716,,,external_without_elimination,1.0,0.9285714285714284,1.0,7.0,3.0,0.0,980.0,1.0,0.8597156084656085,0.0,0.06885582010581992,False,False
external_ordinal,20277716,,,external_without_elimination,1.0,0.9285714285714284,1.0,7.0,3.0,0.0,980.0,1.0,0.8700066137566137,0.0,0.05856481481481468,False,False
external_ordinal,20278716,,,external_without_elimination,1.0,0.9285714285714284,1.0,7.0,3.0,0.0,980.0,1.0,0.8668650793650793,0.0,0.0617063492063491,False,False
external_ordinal,20279716,,,external_without_elimination,1.0,0.9285714285714284,1.0,7.0,3.0,0.0,980.0,1.0,0.8664087301587301,0.0,0.06216269841269828,False,False
external_ordinal,20260716,,,external_without_elimination,1.0,0.9047619047619048,1.0,7.0,4.0,0.0,738.0,1.0,0.8352132936507937,0.0,0.0695486111111111,False,False
external_ordinal,20261716,,,external_without_elimination,1.0,0.9047619047619048,1.0,7.0,4.0,0.0,738.0,1.0,0.8317708333333333,0.0,0.07299107142857142,False,False
external_ordinal,20262716,,,external_without_elimination,1.0,0.9047619047619048,1.0,7.0,4.0,0.0,738.0,1.0,0.8321825396825397,0.0,0.07257936507936502,False,False
external_ordinal,20263716,,,external_without_elimination,1.0,0.9047619047619048,1.0,7.0,4.0,0.0,738.0,1.0,0.8306051587301587,0.0,0.07415674603174605,False,False
external_ordinal,20264716,,,external_without_elimination,1.0,0.9047619047619048,1.0,7.0,4.0,0.0,738.0,1.0,0.833561507936508,0.0,0.0712003968253968,False,False
external_ordinal,20265716,,,external_without_elimination,1.0,0.9047619047619048,1.0,7.0,4.0,0.0,738.0,1.0,0.8372222222222222,0.0,0.06753968253968257,False,False
external_ordinal,20266716,,,external_without_elimination,1.0,0.9047619047619048,1.0,7.0,4.0,0.0,738.0,1.0,0.8271329365079365,0.0,0.07762896825396826,False,False
external_ordinal,20267716,,,external_without_elimination,1.0,0.9047619047619048,1.0,7.0,4.0,0.0,738.0,1.0,0.8342212301587302,0.0,0.07054067460317459,False,False
external_ordinal,20268716,,,external_without_elimination,1.0,0.9047619047619048,1.0,7.0,4.0,0.0,738.0,1.0,0.8310565476190476,0.0,0.0737053571428572,False,False
external_ordinal,20269716,,,external_without_elimination,1.0,0.9047619047619048,1.0,7.0,4.0,0.0,738.0,1.0,0.8270287698412698,0.0,0.07773313492063494,False,False
external_ordinal,20270716,,,external_without_elimination,1.0,0.9047619047619048,1.0,7.0,4.0,0.0,738.0,1.0,0.8338789682539682,0.0,0.07088293650793653,False,False
external_ordinal,20271716,,,external_without_elimination,1.0,0.9047619047619048,1.0,7.0,4.0,0.0,738.0,1.0,0.8302132936507937,0.0,0.07454861111111111,False,False
external_ordinal,20272716,,,external_without_elimination,1.0,0.9047619047619048,1.0,7.0,4.0,0.0,738.0,1.0,0.8314136904761905,0.0,0.07334821428571425,False,False
external_ordinal,20273716,,,external_without_elimination,1.0,0.9047619047619048,1.0,7.0,4.0,0.0,738.0,1.0,0.8288789682539683,0.0,0.07588293650793643,False,False
external_ordinal,20274716,,,external_without_elimination,1.0,0.9047619047619048,1.0,7.0,4.0,0.0,738.0,1.0,0.833407738095238,0.0,0.07135416666666672,False,False
external_ordinal,20275716,,,external_without_elimination,1.0,0.9047619047619048,1.0,7.0,4.0,0.0,738.0,1.0,0.830500992063492,0.0,0.07426091269841273,False,False
external_ordinal,20276716,,,external_without_elimination,1.0,0.9047619047619048,1.0,7.0,4.0,0.0,738.0,1.0,0.8373908730158731,0.0,0.06737103174603165,False,False
external_ordinal,20277716,,,external_without_elimination,1.0,0.9047619047619048,1.0,7.0,4.0,0.0,738.0,1.0,0.8303571428571428,0.0,0.07440476190476197,False,False
external_ordinal,20278716,,,external_without_elimination,1.0,0.9047619047619048,1.0,7.0,4.0,0.0,738.0,1.0,0.8301785714285715,0.0,0.07458333333333322,False,False
external_ordinal,20279716,,,external_without_elimination,1.0,0.9047619047619048,1.0,7.0,4.0,0.0,738.0,1.0,0.8288244047619048,0.0,0.07593749999999999,False,False
external_ordinal,20260716,,,external_without_save,0.2833333333333333,0.7305555555555556,0.9916666666666667,6.0,3.0,0.7083333333333334,66.67222222222223,1.0,0.7861111111111111,-0.7166666666666667,-0.05555555555555547,False,True
external_ordinal,20261716,,,external_without_save,0.25833333333333336,0.7376388888888888,0.9916666666666667,6.0,3.0,0.7333333333333333,64.76944444444445,1.0,0.7920833333333334,-0.7416666666666667,-0.05444444444444452,False,True
external_ordinal,20262716,,,external_without_save,0.15833333333333333,0.7380555555555556,0.9916666666666667,6.0,3.0,0.8333333333333334,67.27777777777777,1.0,0.7962037037037037,-0.8416666666666667,-0.05814814814814817,False,True
external_ordinal,20263716,,,external_without_save,0.275,0.7296296296296296,0.9916666666666667,6.0,3.0,0.7166666666666667,65.92777777777778,1.0,0.7913888888888889,-0.725,-0.06175925925925929,False,True
external_ordinal,20264716,,,external_without_save,0.24166666666666667,0.7342129629629629,0.975,6.0,3.0,0.7333333333333333,65.53333333333333,1.0,0.7881944444444444,-0.7583333333333333,-0.05398148148148152,False,True
external_ordinal,20265716,,,external_without_save,0.25,0.7464351851851851,0.9916666666666667,6.0,3.0,0.7416666666666667,67.45833333333333,1.0,0.7999537037037037,-0.75,-0.05351851851851852,False,True
external_ordinal,20266716,,,external_without_save,0.20833333333333334,0.7427777777777779,0.9916666666666667,6.0,3.0,0.7833333333333333,66.35,1.0,0.7976851851851853,-0.7916666666666666,-0.054907407407407405,False,True
external_ordinal,20267716,,,external_without_save,0.14166666666666666,0.7295833333333334,1.0,6.0,3.0,0.8583333333333333,64.55,1.0,0.7879166666666666,-0.8583333333333334,-0.05833333333333324,False,True
external_ordinal,20268716,,,external_without_save,0.25833333333333336,0.7415277777777778,0.9833333333333333,6.0,3.0,0.725,64.45833333333333,1.0,0.7931018518518518,-0.7416666666666667,-0.051574074074073994,False,True
external_ordinal,20269716,,,external_without_save,0.18333333333333332,0.7424537037037038,0.9833333333333333,6.0,3.0,0.8,65.8638888888889,1.0,0.7969444444444445,-0.8166666666666667,-0.05449074074074067,False,True
external_ordinal,20270716,,,external_without_save,0.19166666666666668,0.7364351851851851,0.9916666666666667,6.0,3.0,0.8,65.85833333333333,1.0,0.7942592592592593,-0.8083333333333333,-0.057824074074074194,False,True
external_ordinal,20271716,,,external_without_save,0.175,0.7384259259259259,0.9916666666666667,6.0,3.0,0.8166666666666667,67.88333333333334,1.0,0.7903240740740741,-0.825,-0.05189814814814819,False,True
external_ordinal,20272716,,,external_without_save,0.23333333333333334,0.7470833333333334,1.0,6.0,3.0,0.7666666666666667,66.84166666666667,1.0,0.8026388888888889,-0.7666666666666666,-0.05555555555555547,False,True
external_ordinal,20273716,,,external_without_save,0.18333333333333332,0.7429629629629629,0.9916666666666667,6.0,3.0,0.8083333333333333,65.95555555555556,1.0,0.7941666666666667,-0.8166666666666667,-0.05120370370370375,False,True
external_ordinal,20274716,,,external_without_save,0.175,0.7381018518518518,1.0,6.0,3.0,0.825,66.95,1.0,0.7928240740740741,-0.825,-0.05472222222222223,False,True
external_ordinal,20275716,,,external_without_save,0.20833333333333334,0.7365277777777778,0.9833333333333333,6.0,3.0,0.775,67.19166666666666,1.0,0.7950925925925926,-0.7916666666666666,-0.05856481481481479,False,True
external_ordinal,20276716,,,external_without_save,0.23333333333333334,0.7425462962962963,0.9833333333333333,6.0,3.0,0.75,66.17777777777778,1.0,0.7943055555555555,-0.7666666666666666,-0.05175925925925917,False,True
external_ordinal,20277716,,,external_without_save,0.31666666666666665,0.7396296296296296,0.9916666666666667,6.0,3.0,0.675,66.38888888888889,1.0,0.7969907407407407,-0.6833333333333333,-0.057361111111111085,False,True
external_ordinal,20278716,,,external_without_save,0.15833333333333333,0.7185879629629629,0.9833333333333333,6.0,3.0,0.825,65.09444444444445,1.0,0.7825462962962962,-0.8416666666666667,-0.06395833333333334,False,True
external_ordinal,20279716,,,external_without_save,0.21666666666666667,0.732824074074074,0.9916666666666667,6.0,3.0,0.775,64.45,1.0,0.7866203703703704,-0.7833333333333333,-0.05379629629629634,False,True
external_ordinal,20260716,,,external_without_save,0.23333333333333334,0.8316534391534393,1.0,7.0,3.0,0.7666666666666667,411.2611111111111,1.0,0.8677645502645502,-0.7666666666666666,-0.03611111111111098,False,True
external_ordinal,20261716,,,external_without_save,0.175,0.8253769841269841,1.0,7.0,3.0,0.825,405.5027777777778,1.0,0.8663955026455027,-0.825,-0.041018518518518565,False,True
external_ordinal,20262716,,,external_without_save,0.19166666666666668,0.8187896825396825,1.0,7.0,3.0,0.8083333333333333,404.3861111111111,1.0,0.8567526455026455,-0.8083333333333333,-0.037962962962962976,False,True
external_ordinal,20263716,,,external_without_save,0.24166666666666667,0.8174338624338624,1.0,7.0,3.0,0.7583333333333333,413.5222222222222,1.0,0.8631746031746032,-0.7583333333333333,-0.04574074074074075,False,True
external_ordinal,20264716,,,external_without_save,0.175,0.8273148148148148,1.0,7.0,3.0,0.825,413.5305555555555,1.0,0.8675925925925926,-0.825,-0.040277777777777746,False,True
external_ordinal,20265716,,,external_without_save,0.23333333333333334,0.8216468253968254,1.0,7.0,3.0,0.7666666666666667,419.6722222222222,1.0,0.8639616402116402,-0.7666666666666666,-0.042314814814814805,False,True
external_ordinal,20266716,,,external_without_save,0.23333333333333334,0.8256547619047618,1.0,7.0,3.0,0.7666666666666667,400.4166666666667,1.0,0.8632473544973546,-0.7666666666666666,-0.03759259259259273,False,True
external_ordinal,20267716,,,external_without_save,0.15833333333333333,0.8248015873015874,1.0,7.0,3.0,0.8416666666666667,411.075,1.0,0.8643386243386243,-0.8416666666666667,-0.039537037037036926,False,True
external_ordinal,20268716,,,external_without_save,0.275,0.8154431216931217,1.0,7.0,3.0,0.725,390.41111111111115,1.0,0.8560912698412699,-0.725,-0.04064814814814821,False,True
external_ordinal,20269716,,,external_without_save,0.23333333333333334,0.8138095238095239,1.0,7.0,3.0,0.7666666666666667,407.0305555555555,1.0,0.8571428571428572,-0.7666666666666666,-0.043333333333333335,False,True
external_ordinal,20270716,,,external_without_save,0.2,0.8193584656084656,1.0,7.0,3.0,0.8,408.6972222222222,1.0,0.8641732804232805,-0.8,-0.04481481481481486,False,True
external_ordinal,20271716,,,external_without_save,0.25,0.8211243386243386,1.0,7.0,3.0,0.75,409.3666666666667,1.0,0.8601058201058202,-0.75,-0.038981481481481506,False,True
external_ordinal,20272716,,,external_without_save,0.225,0.8159854497354497,1.0,7.0,3.0,0.775,400.5861111111111,1.0,0.861633597883598,-0.775,-0.045648148148148215,False,True
external_ordinal,20273716,,,external_without_save,0.15833333333333333,0.8116005291005292,1.0,7.0,3.0,0.8416666666666667,409.96666666666664,1.0,0.8590079365079365,-0.8416666666666667,-0.04740740740740734,False,True
external_ordinal,20274716,,,external_without_save,0.20833333333333334,0.825462962962963,1.0,7.0,3.0,0.7916666666666666,414.6777777777778,1.0,0.8659259259259259,-0.7916666666666666,-0.04046296296296292,False,True
external_ordinal,20275716,,,external_without_save,0.20833333333333334,0.8235383597883599,0.9916666666666667,7.0,3.0,0.7833333333333333,388.6166666666667,1.0,0.863095238095238,-0.7916666666666666,-0.03955687830687815,False,True
external_ordinal,20276716,,,external_without_save,0.25,0.8153637566137566,1.0,7.0,3.0,0.75,408.09166666666664,1.0,0.8597156084656085,-0.75,-0.044351851851851865,False,True
external_ordinal,20277716,,,external_without_save,0.20833333333333334,0.8332473544973545,1.0,7.0,3.0,0.7916666666666666,414.775,1.0,0.8700066137566137,-0.7916666666666666,-0.03675925925925916,False,True
external_ordinal,20278716,,,external_without_save,0.26666666666666666,0.8336210317460319,0.9916666666666667,7.0,3.0,0.725,409.71388888888885,1.0,0.8668650793650793,-0.7333333333333334,-0.03324404761904742,False,True
external_ordinal,20279716,,,external_without_save,0.175,0.8288657407407407,0.9916666666666667,7.0,3.0,0.8166666666666667,415.69444444444446,1.0,0.8664087301587301,-0.825,-0.03754298941798939,False,True
external_ordinal,20260716,,,external_without_save,0.041666666666666664,0.7444146825396826,1.0,7.0,4.0,0.9583333333333334,307.68333333333334,1.0,0.8352132936507937,-0.9583333333333334,-0.0907986111111111,False,True
external_ordinal,20261716,,,external_without_save,0.041666666666666664,0.7446709656084656,0.9833333333333333,7.0,4.0,0.9416666666666667,316.00625,1.0,0.8317708333333333,-0.9583333333333334,-0.08709986772486777,False,True
external_ordinal,20262716,,,external_without_save,0.041666666666666664,0.7462681878306878,0.9666666666666667,7.0,4.0,0.925,307.15625,1.0,0.8321825396825397,-0.9583333333333334,-0.08591435185185192,False,True
external_ordinal,20263716,,,external_without_save,0.025,0.7475661375661375,0.9583333333333334,7.0,4.0,0.9333333333333333,303.79791666666665,1.0,0.8306051587301587,-0.975,-0.08303902116402118,False,True
external_ordinal,20264716,,,external_without_save,0.075,0.7489368386243386,0.975,7.0,4.0,0.9,305.6625,1.0,0.833561507936508,-0.925,-0.08462466931216939,False,True
external_ordinal,20265716,,,external_without_save,0.025,0.7592609126984127,0.9666666666666667,7.0,4.0,0.9416666666666667,307.0416666666667,1.0,0.8372222222222222,-0.975,-0.07796130952380953,False,True
external_ordinal,20266716,,,external_without_save,0.041666666666666664,0.7396263227513227,0.9833333333333333,7.0,4.0,0.9416666666666667,307.87083333333334,1.0,0.8271329365079365,-0.9583333333333334,-0.08750661375661384,False,True
external_ordinal,20267716,,,external_without_save,0.025,0.7551901455026455,0.975,7.0,4.0,0.95,304.62708333333336,1.0,0.8342212301587302,-0.975,-0.07903108465608466,False,True
external_ordinal,20268716,,,external_without_save,0.041666666666666664,0.7451736111111111,0.975,7.0,4.0,0.9333333333333333,298.84791666666666,1.0,0.8310565476190476,-0.9583333333333334,-0.08588293650793644,False,True
external_ordinal,20269716,,,external_without_save,0.058333333333333334,0.7421792328042328,0.9583333333333334,7.0,4.0,0.9,306.03541666666666,1.0,0.8270287698412698,-0.9416666666666667,-0.08484953703703701,False,True
external_ordinal,20270716,,,external_without_save,0.058333333333333334,0.7578538359788359,0.95,7.0,4.0,0.8916666666666667,300.1875,1.0,0.8338789682539682,-0.9416666666666667,-0.0760251322751323,False,True
external_ordinal,20271716,,,external_without_save,0.03333333333333333,0.7467625661375661,0.95,7.0,4.0,0.9166666666666666,302.96666666666664,1.0,0.8302132936507937,-0.9666666666666667,-0.08345072751322757,False,True
external_ordinal,20272716,,,external_without_save,0.058333333333333334,0.7490674603174603,0.95,7.0,4.0,0.8916666666666667,312.5875,1.0,0.8314136904761905,-0.9416666666666667,-0.08234623015873022,False,True
external_ordinal,20273716,,,external_without_save,0.041666666666666664,0.7510218253968255,0.9416666666666667,7.0,4.0,0.9,313.62916666666666,1.0,0.8288789682539683,-0.9583333333333334,-0.07785714285714285,False,True
external_ordinal,20274716,,,external_without_save,0.025,0.7518237433862434,0.9583333333333334,7.0,4.0,0.9333333333333333,308.16875,1.0,0.833407738095238,-0.975,-0.08158399470899469,False,True
external_ordinal,20275716,,,external_without_save,0.041666666666666664,0.7492542989417988,0.9666666666666667,7.0,4.0,0.925,291.93333333333334,1.0,0.830500992063492,-0.9583333333333334,-0.08124669312169319,False,True
external_ordinal,20276716,,,external_without_save,0.05,0.7574371693121693,0.9666666666666667,7.0,4.0,0.9166666666666666,309.71666666666664,1.0,0.8373908730158731,-0.95,-0.0799537037037038,False,True
external_ordinal,20277716,,,external_without_save,0.03333333333333333,0.7412979497354498,0.975,7.0,4.0,0.9416666666666667,314.83958333333334,1.0,0.8303571428571428,-0.9666666666666667,-0.08905919312169297,False,True
external_ordinal,20278716,,,external_without_save,0.025,0.7436904761904762,0.9333333333333333,7.0,4.0,0.9083333333333333,309.47083333333336,1.0,0.8301785714285715,-0.975,-0.08648809523809531,False,True
external_ordinal,20279716,,,external_without_save,0.08333333333333333,0.7426554232804232,0.9583333333333334,7.0,4.0,0.875,310.59166666666664,1.0,0.8288244047619048,-0.9166666666666666,-0.08616898148148155,False,True
external_ordinal,20260716,,,external_without_tie_handling,0.9416666666666667,0.785462962962963,1.0,6.0,3.0,0.058333333333333334,73.64722222222221,1.0,0.7861111111111111,-0.05833333333333335,-0.0006481481481480644,False,True
external_ordinal,20261716,,,external_without_tie_handling,0.9583333333333334,0.8002546296296296,0.9916666666666667,6.0,3.0,0.03333333333333333,71.57222222222222,1.0,0.7920833333333334,-0.04166666666666663,0.008171296296296204,False,True
external_ordinal,20262716,,,external_without_tie_handling,0.9666666666666667,0.8009259259259259,1.0,6.0,3.0,0.03333333333333333,74.39444444444445,1.0,0.7962037037037037,-0.033333333333333326,0.004722222222222183,False,True
external_ordinal,20263716,,,external_without_tie_handling,0.9666666666666667,0.7974074074074075,1.0,6.0,3.0,0.03333333333333333,73.48055555555555,1.0,0.7913888888888889,-0.033333333333333326,0.006018518518518534,False,True
external_ordinal,20264716,,,external_without_tie_handling,0.9666666666666667,0.788425925925926,1.0,6.0,3.0,0.03333333333333333,72.05277777777778,1.0,0.7881944444444444,-0.033333333333333326,0.00023148148148155467,False,True
external_ordinal,20265716,,,external_without_tie_handling,0.9333333333333333,0.8012962962962963,1.0,6.0,3.0,0.06666666666666667,74.20555555555555,1.0,0.7999537037037037,-0.06666666666666665,0.0013425925925926174,False,True
external_ordinal,20266716,,,external_without_tie_handling,0.9416666666666667,0.7993981481481481,0.9916666666666667,6.0,3.0,0.05,74.06111111111112,1.0,0.7976851851851853,-0.05833333333333335,0.0017129629629628607,False,True
external_ordinal,20267716,,,external_without_tie_handling,0.9416666666666667,0.789537037037037,1.0,6.0,3.0,0.058333333333333334,71.86666666666666,1.0,0.7879166666666666,-0.05833333333333335,0.0016203703703704386,False,True
external_ordinal,20268716,,,external_without_tie_handling,0.9666666666666667,0.8012962962962963,1.0,6.0,3.0,0.03333333333333333,71.46666666666667,1.0,0.7931018518518518,-0.033333333333333326,0.008194444444444504,False,True
external_ordinal,20269716,,,external_without_tie_handling,0.9416666666666667,0.8003240740740741,1.0,6.0,3.0,0.058333333333333334,72.64166666666667,1.0,0.7969444444444445,-0.05833333333333335,0.003379629629629677,False,True
external_ordinal,20270716,,,external_without_tie_handling,0.9333333333333333,0.8008564814814815,0.9916666666666667,6.0,3.0,0.058333333333333334,72.7,1.0,0.7942592592592593,-0.06666666666666665,0.006597222222222143,False,True
external_ordinal,20271716,,,external_without_tie_handling,0.9916666666666667,0.7970833333333334,1.0,6.0,3.0,0.008333333333333333,74.23055555555555,1.0,0.7903240740740741,-0.008333333333333304,0.006759259259259243,False,True
external_ordinal,20272716,,,external_without_tie_handling,0.9833333333333333,0.8062037037037036,1.0,6.0,3.0,0.016666666666666666,73.75833333333334,1.0,0.8026388888888889,-0.01666666666666672,0.003564814814814743,False,True
external_ordinal,20273716,,,external_without_tie_handling,0.9833333333333333,0.8001851851851852,1.0,6.0,3.0,0.016666666666666666,72.95833333333333,1.0,0.7941666666666667,-0.01666666666666672,0.006018518518518534,False,True
external_ordinal,20274716,,,external_without_tie_handling,0.9916666666666667,0.7984722222222221,1.0,6.0,3.0,0.008333333333333333,73.25833333333334,1.0,0.7928240740740741,-0.008333333333333304,0.005648148148148069,False,True
external_ordinal,20275716,,,external_without_tie_handling,0.8916666666666667,0.7977777777777778,0.9916666666666667,6.0,3.0,0.1,73.34444444444445,1.0,0.7950925925925926,-0.10833333333333328,0.002685185185185235,False,True
external_ordinal,20276716,,,external_without_tie_handling,0.9916666666666667,0.7966203703703704,1.0,6.0,3.0,0.008333333333333333,71.75277777777778,1.0,0.7943055555555555,-0.008333333333333304,0.0023148148148148806,False,True
external_ordinal,20277716,,,external_without_tie_handling,0.9666666666666667,0.8006018518518518,1.0,6.0,3.0,0.03333333333333333,72.625,1.0,0.7969907407407407,-0.033333333333333326,0.0036111111111111205,False,True
external_ordinal,20278716,,,external_without_tie_handling,0.9083333333333333,0.7815277777777777,1.0,6.0,3.0,0.09166666666666666,71.43055555555556,1.0,0.7825462962962962,-0.09166666666666667,-0.0010185185185185297,False,True
external_ordinal,20279716,,,external_without_tie_handling,0.95,0.7928240740740741,0.9916666666666667,6.0,3.0,0.041666666666666664,70.98055555555555,1.0,0.7866203703703704,-0.050000000000000044,0.006203703703703711,False,True
external_ordinal,20260716,,,external_without_tie_handling,0.9666666666666667,0.8764880952380952,1.0,7.0,3.0,0.03333333333333333,459.51388888888886,1.0,0.8677645502645502,-0.033333333333333326,0.008723544973544994,False,True
external_ordinal,20261716,,,external_without_tie_handling,0.9333333333333333,0.8721097883597884,1.0,7.0,3.0,0.06666666666666667,452.5722222222222,1.0,0.8663955026455027,-0.06666666666666665,0.005714285714285672,False,True
external_ordinal,20262716,,,external_without_tie_handling,0.9083333333333333,0.8617592592592592,1.0,7.0,3.0,0.09166666666666666,450.6638888888889,1.0,0.8567526455026455,-0.09166666666666667,0.005006613756613709,False,True
external_ordinal,20263716,,,external_without_tie_handling,0.9333333333333333,0.8729166666666667,1.0,7.0,3.0,0.06666666666666667,467.2916666666667,1.0,0.8631746031746032,-0.06666666666666665,0.009742063492063524,False,True
external_ordinal,20264716,,,external_without_tie_handling,0.9333333333333333,0.8737962962962963,1.0,7.0,3.0,0.06666666666666667,456.6638888888889,1.0,0.8675925925925926,-0.06666666666666665,0.006203703703703711,False,True
external_ordinal,20265716,,,external_without_tie_handling,0.8916666666666667,0.8701455026455027,1.0,7.0,3.0,0.10833333333333334,462.27777777777777,1.0,0.8639616402116402,-0.10833333333333328,0.006183862433862486,False,True
external_ordinal,20266716,,,external_without_tie_handling,0.875,0.8714616402116402,0.9916666666666667,7.0,3.0,0.11666666666666667,445.40277777777777,1.0,0.8632473544973546,-0.125,0.008214285714285618,False,True
external_ordinal,20267716,,,external_without_tie_handling,0.9166666666666666,0.8698544973544974,1.0,7.0,3.0,0.08333333333333333,451.2416666666667,1.0,0.8643386243386243,-0.08333333333333337,0.005515873015873085,False,True
external_ordinal,20268716,,,external_without_tie_handling,0.9166666666666666,0.8614550264550265,1.0,7.0,3.0,0.08333333333333333,437.28611111111115,1.0,0.8560912698412699,-0.08333333333333337,0.005363756613756543,False,True
external_ordinal,20269716,,,external_without_tie_handling,0.8916666666666667,0.8647420634920634,1.0,7.0,3.0,0.10833333333333334,454.7805555555555,1.0,0.8571428571428572,-0.10833333333333328,0.007599206349206189,False,True
external_ordinal,20270716,,,external_without_tie_handling,0.9166666666666666,0.8713756613756615,1.0,7.0,3.0,0.08333333333333333,458.48333333333335,1.0,0.8641732804232805,-0.08333333333333337,0.007202380952381016,False,True
external_ordinal,20271716,,,external_without_tie_handling,0.95,0.8669708994708994,0.9916666666666667,7.0,3.0,0.041666666666666664,453.59166666666664,1.0,0.8601058201058202,-0.050000000000000044,0.006865079365079296,False,True
external_ordinal,20272716,,,external_without_tie_handling,0.9416666666666667,0.8690740740740741,1.0,7.0,3.0,0.058333333333333334,447.19166666666666,1.0,0.861633597883598,-0.05833333333333335,0.007440476190476164,False,True
external_ordinal,20273716,,,external_without_tie_handling,0.8916666666666667,0.8642791005291006,1.0,7.0,3.0,0.10833333333333334,449.72222222222223,1.0,0.8590079365079365,-0.10833333333333328,0.005271164021164121,False,True
external_ordinal,20274716,,,external_without_tie_handling,0.9083333333333333,0.871712962962963,1.0,7.0,3.0,0.09166666666666666,455.96666666666664,1.0,0.8659259259259259,-0.09166666666666667,0.0057870370370370905,False,True
external_ordinal,20275716,,,external_without_tie_handling,0.9083333333333333,0.8689583333333334,0.9916666666666667,7.0,3.0,0.08333333333333333,435.56944444444446,1.0,0.863095238095238,-0.09166666666666667,0.005863095238095362,False,True
external_ordinal,20276716,,,external_without_tie_handling,0.9,0.8677116402116402,1.0,7.0,3.0,0.1,456.1138888888889,1.0,0.8597156084656085,-0.09999999999999998,0.007996031746031695,False,True
external_ordinal,20277716,,,external_without_tie_handling,0.9166666666666666,0.87494708994709,1.0,7.0,3.0,0.08333333333333333,458.21388888888885,1.0,0.8700066137566137,-0.08333333333333337,0.004940476190476328,False,True
external_ordinal,20278716,,,external_without_tie_handling,0.9333333333333333,0.8735119047619048,1.0,7.0,3.0,0.06666666666666667,457.675,1.0,0.8668650793650793,-0.06666666666666665,0.006646825396825484,False,True
external_ordinal,20279716,,,external_without_tie_handling,0.9166666666666666,0.8710251322751323,1.0,7.0,3.0,0.08333333333333333,461.74444444444447,1.0,0.8664087301587301,-0.08333333333333337,0.004616402116402241,False,True
external_ordinal,20260716,,,external_without_tie_handling,0.9333333333333333,0.8379017857142858,1.0,7.0,4.0,0.06666666666666667,342.825,1.0,0.8352132936507937,-0.06666666666666665,0.0026884920634920872,False,True
external_ordinal,20261716,,,external_without_tie_handling,0.8916666666666667,0.8362698412698413,1.0,7.0,4.0,0.10833333333333334,347.5375,1.0,0.8317708333333333,-0.10833333333333328,0.004499007936507926,False,True
external_ordinal,20262716,,,external_without_tie_handling,0.9333333333333333,0.8348561507936508,1.0,7.0,4.0,0.06666666666666667,345.7,1.0,0.8321825396825397,-0.06666666666666665,0.002673611111111085,False,True
external_ordinal,20263716,,,external_without_tie_handling,0.9166666666666666,0.8324503968253969,1.0,7.0,4.0,0.08333333333333333,339.04375,1.0,0.8306051587301587,-0.08333333333333337,0.0018452380952381775,False,True
external_ordinal,20264716,,,external_without_tie_handling,0.8833333333333333,0.8373809523809524,1.0,7.0,4.0,0.11666666666666667,341.11041666666665,1.0,0.833561507936508,-0.1166666666666667,0.0038194444444444864,False,True
external_ordinal,20265716,,,external_without_tie_handling,0.925,0.8414285714285714,1.0,7.0,4.0,0.075,343.89375,1.0,0.8372222222222222,-0.07499999999999996,0.004206349206349214,False,True
external_ordinal,20266716,,,external_without_tie_handling,0.8833333333333333,0.8333035714285715,0.975,7.0,4.0,0.09166666666666666,342.94166666666666,1.0,0.8271329365079365,-0.1166666666666667,0.006170634920634965,False,True
external_ordinal,20267716,,,external_without_tie_handling,0.9416666666666667,0.8382341269841269,1.0,7.0,4.0,0.058333333333333334,341.8125,1.0,0.8342212301587302,-0.05833333333333335,0.004012896825396739,False,True
external_ordinal,20268716,,,external_without_tie_handling,0.8916666666666667,0.8380009920634921,0.9916666666666667,7.0,4.0,0.1,336.33958333333334,1.0,0.8310565476190476,-0.10833333333333328,0.006944444444444531,False,True
external_ordinal,20269716,,,external_without_tie_handling,0.925,0.8302281746031747,1.0,7.0,4.0,0.075,339.19166666666666,1.0,0.8270287698412698,-0.07499999999999996,0.003199404761904834,False,True
external_ordinal,20270716,,,external_without_tie_handling,0.9,0.8391369047619047,1.0,7.0,4.0,0.1,337.96458333333334,1.0,0.8338789682539682,-0.09999999999999998,0.005257936507936489,False,True
external_ordinal,20271716,,,external_without_tie_handling,0.95,0.8348511904761905,1.0,7.0,4.0,0.05,337.0833333333333,1.0,0.8302132936507937,-0.050000000000000044,0.004637896825396837,False,True
external_ordinal,20272716,,,external_without_tie_handling,0.9,0.8332787698412698,1.0,7.0,4.0,0.1,347.9895833333333,1.0,0.8314136904761905,-0.09999999999999998,0.0018650793650792918,False,True
external_ordinal,20273716,,,external_without_tie_handling,0.8916666666666667,0.8318005952380952,1.0,7.0,4.0,0.10833333333333334,345.9770833333333,1.0,0.8288789682539683,-0.10833333333333328,0.0029216269841269016,False,True
external_ordinal,20274716,,,external_without_tie_handling,0.9166666666666666,0.8367460317460317,1.0,7.0,4.0,0.08333333333333333,344.31041666666664,1.0,0.833407738095238,-0.08333333333333337,0.0033382936507936334,False,True
external_ordinal,20275716,,,external_without_tie_handling,0.8833333333333333,0.8332440476190476,0.9916666666666667,7.0,4.0,0.10833333333333334,325.55625,1.0,0.830500992063492,-0.1166666666666667,0.0027430555555555403,False,True
external_ordinal,20276716,,,external_without_tie_handling,0.9,0.8421974206349206,1.0,7.0,4.0,0.1,346.57708333333335,1.0,0.8373908730158731,-0.09999999999999998,0.00480654761904753,False,True
external_ordinal,20277716,,,external_without_tie_handling,0.8916666666666667,0.8333184523809524,1.0,7.0,4.0,0.10833333333333334,349.74583333333334,1.0,0.8303571428571428,-0.10833333333333328,0.0029613095238095744,False,True
external_ordinal,20278716,,,external_without_tie_handling,0.875,0.8328521825396825,1.0,7.0,4.0,0.125,342.8,1.0,0.8301785714285715,-0.125,0.002673611111110974,False,True
external_ordinal,20279716,,,external_without_tie_handling,0.925,0.829484126984127,1.0,7.0,4.0,0.075,343.90833333333336,1.0,0.8288244047619048,-0.07499999999999996,0.0006597222222222143,False,True
internal_percentage,20260716,4.0,0.0,internal_without_elimination,1.0,1.0,1.0,,,,,1.0,0.8250481400750768,0.0,0.17495185992492324,False,False
internal_percentage,20261716,4.0,0.0,internal_without_elimination,1.0,1.0,1.0,,,,,1.0,0.8238980824069145,0.0,0.17610191759308547,False,False
internal_percentage,20262716,4.0,0.0,internal_without_elimination,1.0,1.0,1.0,,,,,1.0,0.8328668413828849,0.0,0.16713315861711509,False,False
internal_percentage,20263716,4.0,0.0,internal_without_elimination,1.0,1.0,1.0,,,,,1.0,0.8257543241192237,0.0,0.17424567588077633,False,False
internal_percentage,20264716,4.0,0.0,internal_without_elimination,1.0,1.0,1.0,,,,,1.0,0.8265054064208833,0.0,0.17349459357911667,False,False
internal_percentage,20265716,4.0,0.0,internal_without_elimination,1.0,1.0,1.0,,,,,1.0,0.8299546084025942,0.0,0.17004539159740584,False,False
internal_percentage,20266716,4.0,0.0,internal_without_elimination,1.0,1.0,1.0,,,,,1.0,0.8255932326253932,0.0,0.1744067673746068,False,False
internal_percentage,20267716,4.0,0.0,internal_without_elimination,1.0,1.0,1.0,,,,,1.0,0.8276735754988755,0.0,0.17232642450112445,False,False
internal_percentage,20268716,4.0,0.0,internal_without_elimination,1.0,1.0,1.0,,,,,1.0,0.8268134607235774,0.0,0.17318653927642258,False,False
internal_percentage,20269716,4.0,0.0,internal_without_elimination,1.0,1.0,1.0,,,,,1.0,0.8238160923492897,0.0,0.17618390765071035,False,False
internal_percentage,20270716,4.0,0.0,internal_without_elimination,1.0,1.0,1.0,,,,,1.0,0.8211519928551431,0.0,0.17884800714485694,False,False
internal_percentage,20271716,4.0,0.0,internal_without_elimination,1.0,1.0,1.0,,,,,1.0,0.8233254898548906,0.0,0.17667451014510938,False,False
internal_percentage,20272716,4.0,0.0,internal_without_elimination,1.0,1.0,1.0,,,,,1.0,0.8244310505226414,0.0,0.17556894947735857,False,False
internal_percentage,20273716,4.0,0.0,internal_without_elimination,1.0,1.0,1.0,,,,,1.0,0.8212426173013017,0.0,0.17875738269869834,False,False
internal_percentage,20274716,4.0,0.0,internal_without_elimination,1.0,1.0,1.0,,,,,1.0,0.825450349802239,0.0,0.17454965019776103,False,False
internal_percentage,20275716,4.0,0.0,internal_without_elimination,1.0,1.0,1.0,,,,,1.0,0.8251939935457075,0.0,0.17480600645429245,False,False
internal_percentage,20276716,4.0,0.0,internal_without_elimination,1.0,1.0,1.0,,,,,1.0,0.8215233626285834,0.0,0.1784766373714166,False,False
internal_percentage,20277716,4.0,0.0,internal_without_elimination,1.0,1.0,1.0,,,,,1.0,0.82372710491575,0.0,0.17627289508425004,False,False
internal_percentage,20278716,4.0,0.0,internal_without_elimination,1.0,1.0,1.0,,,,,1.0,0.8267448460094875,0.0,0.1732551539905125,False,False
internal_percentage,20279716,4.0,0.0,internal_without_elimination,1.0,1.0,1.0,,,,,1.0,0.8148177874230833,0.0,0.1851822125769167,False,False
internal_percentage,20260716,4.0,0.05,internal_without_elimination,1.0,1.0,1.0,,,,,0.984,0.8154139859910686,0.016000000000000014,0.18458601400893138,True,False
internal_percentage,20261716,4.0,0.05,internal_without_elimination,1.0,1.0,1.0,,,,,0.992,0.8272435950461543,0.008000000000000007,0.1727564049538457,True,False
internal_percentage,20262716,4.0,0.05,internal_without_elimination,1.0,1.0,1.0,,,,,0.98,0.8174079013930252,0.020000000000000018,0.18259209860697478,True,False
internal_percentage,20263716,4.0,0.05,internal_without_elimination,1.0,1.0,1.0,,,,,0.984,0.8257244683307191,0.016000000000000014,0.1742755316692809,True,False
internal_percentage,20264716,4.0,0.05,internal_without_elimination,1.0,1.0,1.0,,,,,0.972,0.8197204823401599,0.028000000000000025,0.18027951765984007,True,False
internal_percentage,20265716,4.0,0.05,internal_without_elimination,1.0,1.0,1.0,,,,,0.984,0.8232149964950326,0.016000000000000014,0.1767850035049674,True,False
internal_percentage,20266716,4.0,0.05,internal_without_elimination,1.0,1.0,1.0,,,,,0.984,0.821497673427456,0.016000000000000014,0.17850232657254395,True,False
internal_percentage,20267716,4.0,0.05,internal_without_elimination,1.0,1.0,1.0,,,,,0.956,0.8153365369624502,0.04400000000000004,0.18466346303754977,True,False
internal_percentage,20268716,4.0,0.05,internal_without_elimination,1.0,1.0,1.0,,,,,0.98,0.8214220973734406,0.020000000000000018,0.17857790262655937,True,False
internal_percentage,20269716,4.0,0.05,internal_without_elimination,1.0,1.0,1.0,,,,,0.98,0.8166973969305839,0.020000000000000018,0.18330260306941615,True,False
internal_percentage,20270716,4.0,0.05,internal_without_elimination,1.0,1.0,1.0,,,,,0.98,0.8180032417822501,0.020000000000000018,0.18199675821774985,True,False
internal_percentage,20271716,4.0,0.05,internal_without_elimination,1.0,1.0,1.0,,,,,0.992,0.8228923288283008,0.008000000000000007,0.17710767117169923,True,False
internal_percentage,20272716,4.0,0.05,internal_without_elimination,1.0,1.0,1.0,,,,,0.976,0.8226839980959404,0.02400000000000002,0.1773160019040596,True,False
internal_percentage,20273716,4.0,0.05,internal_without_elimination,1.0,1.0,1.0,,,,,0.988,0.8218707878793128,0.01200000000000001,0.17812921212068722,True,False
internal_percentage,20274716,4.0,0.05,internal_without_elimination,1.0,1.0,1.0,,,,,0.968,0.8263699950634685,0.03200000000000003,0.17363000493653147,True,False
internal_percentage,20275716,4.0,0.05,internal_without_elimination,1.0,1.0,1.0,,,,,0.976,0.8178092549251899,0.02400000000000002,0.18219074507481015,True,False
internal_percentage,20276716,4.0,0.05,internal_without_elimination,1.0,1.0,1.0,,,,,0.952,0.8218397323685964,0.04800000000000004,0.17816026763140358,True,False
internal_percentage,20277716,4.0,0.05,internal_without_elimination,1.0,1.0,1.0,,,,,0.984,0.8185937816512734,0.016000000000000014,0.1814062183487266,True,False
internal_percentage,20278716,4.0,0.05,internal_without_elimination,1.0,1.0,1.0,,,,,0.972,0.819565751087997,0.028000000000000025,0.180434248912003,True,False
internal_percentage,20279716,4.0,0.05,internal_without_elimination,1.0,1.0,1.0,,,,,0.988,0.8222146194355283,0.01200000000000001,0.17778538056447168,True,False
internal_percentage,20260716,4.0,0.1,internal_without_elimination,1.0,1.0,1.0,,,,,0.952,0.8119495290053548,0.04800000000000004,0.18805047099464522,True,False
internal_percentage,20261716,4.0,0.1,internal_without_elimination,1.0,1.0,1.0,,,,,0.964,0.8221266980690816,0.03600000000000003,0.17787330193091844,True,False
internal_percentage,20262716,4.0,0.1,internal_without_elimination,1.0,1.0,1.0,,,,,0.944,0.8156746572306781,0.05600000000000005,0.1843253427693219,True,False
internal_percentage,20263716,4.0,0.1,internal_without_elimination,1.0,1.0,1.0,,,,,0.952,0.8093783588701662,0.04800000000000004,0.19062164112983382,True,False
internal_percentage,20264716,4.0,0.1,internal_without_elimination,1.0,1.0,1.0,,,,,0.936,0.8155816656938853,0.06399999999999995,0.18441833430611465,True,False
internal_percentage,20265716,4.0,0.1,internal_without_elimination,1.0,1.0,1.0,,,,,0.948,0.8100312431856216,0.052000000000000046,0.18996875681437841,True,False
internal_percentage,20266716,4.0,0.1,internal_without_elimination,1.0,1.0,1.0,,,,,0.952,0.8101635425237023,0.04800000000000004,0.18983645747629774,True,False
internal_percentage,20267716,4.0,0.1,internal_without_elimination,1.0,1.0,1.0,,,,,0.968,0.815559248217303,0.03200000000000003,0.18444075178269703,True,False
internal_percentage,20268716,4.0,0.1,internal_without_elimination,1.0,1.0,1.0,,,,,0.956,0.8155455195476687,0.04400000000000004,0.18445448045233126,True,False
internal_percentage,20269716,4.0,0.1,internal_without_elimination,1.0,1.0,1.0,,,,,0.968,0.8248878967272495,0.03200000000000003,0.1751121032727505,True,False
internal_percentage,20270716,4.0,0.1,internal_without_elimination,1.0,1.0,1.0,,,,,0.952,0.8152891064805425,0.04800000000000004,0.18471089351945746,True,False
internal_percentage,20271716,4.0,0.1,internal_without_elimination,1.0,1.0,1.0,,,,,0.956,0.8146534875022844,0.04400000000000004,0.1853465124977156,True,False
internal_percentage,20272716,4.0,0.1,internal_without_elimination,1.0,1.0,1.0,,,,,0.96,0.813199665507731,0.040000000000000036,0.18680033449226896,True,False
internal_percentage,20273716,4.0,0.1,internal_without_elimination,1.0,1.0,1.0,,,,,0.984,0.8206905525783383,0.016000000000000014,0.17930944742166166,True,False
internal_percentage,20274716,4.0,0.1,internal_without_elimination,1.0,1.0,1.0,,,,,0.964,0.8153096526465872,0.03600000000000003,0.18469034735341283,True,False
internal_percentage,20275716,4.0,0.1,internal_without_elimination,1.0,1.0,1.0,,,,,0.944,0.8164816061936258,0.05600000000000005,0.18351839380637425,True,False
internal_percentage,20276716,4.0,0.1,internal_without_elimination,1.0,1.0,1.0,,,,,0.96,0.8181958974084237,0.040000000000000036,0.1818041025915763,True,False
internal_percentage,20277716,4.0,0.1,internal_without_elimination,1.0,1.0,1.0,,,,,0.928,0.8043554311393947,0.07199999999999995,0.19564456886060533,True,False
internal_percentage,20278716,4.0,0.1,internal_without_elimination,1.0,1.0,1.0,,,,,0.96,0.8151525888337874,0.040000000000000036,0.18484741116621262,True,False
internal_percentage,20279716,4.0,0.1,internal_without_elimination,1.0,1.0,1.0,,,,,0.94,0.8078754672088876,0.06000000000000005,0.1921245327911124,True,False
internal_percentage,20260716,4.0,0.2,internal_without_elimination,1.0,1.0,1.0,,,,,0.932,0.8128054447556207,0.06799999999999995,0.18719455524437933,True,False
internal_percentage,20261716,4.0,0.2,internal_without_elimination,1.0,1.0,1.0,,,,,0.888,0.7933950765728065,0.11199999999999999,0.2066049234271935,True,False
internal_percentage,20262716,4.0,0.2,internal_without_elimination,1.0,1.0,1.0,,,,,0.908,0.8038231313904454,0.09199999999999997,0.19617686860955463,True,False
internal_percentage,20263716,4.0,0.2,internal_without_elimination,1.0,1.0,1.0,,,,,0.892,0.8040347763732384,0.10799999999999998,0.1959652236267616,True,False
internal_percentage,20264716,4.0,0.2,internal_without_elimination,1.0,1.0,1.0,,,,,0.936,0.8116331073584946,0.06399999999999995,0.1883668926415054,True,False
internal_percentage,20265716,4.0,0.2,internal_without_elimination,1.0,1.0,1.0,,,,,0.912,0.8091045218558195,0.08799999999999997,0.1908954781441805,True,False
internal_percentage,20266716,4.0,0.2,internal_without_elimination,1.0,1.0,1.0,,,,,0.888,0.8016049885652027,0.11199999999999999,0.19839501143479732,True,False
internal_percentage,20267716,4.0,0.2,internal_without_elimination,1.0,1.0,1.0,,,,,0.896,0.8115005737611041,0.10399999999999998,0.18849942623889593,True,False
internal_percentage,20268716,4.0,0.2,internal_without_elimination,1.0,1.0,1.0,,,,,0.896,0.7982199103394328,0.10399999999999998,0.20178008966056715,True,False
internal_percentage,20269716,4.0,0.2,internal_without_elimination,1.0,1.0,1.0,,,,,0.908,0.8001510295408667,0.09199999999999997,0.1998489704591333,True,False
internal_percentage,20270716,4.0,0.2,internal_without_elimination,1.0,1.0,1.0,,,,,0.904,0.8037005116377366,0.09599999999999997,0.1962994883622634,True,False
internal_percentage,20271716,4.0,0.2,internal_without_elimination,1.0,1.0,1.0,,,,,0.916,0.8114108033594045,0.08399999999999996,0.18858919664059548,True,False
internal_percentage,20272716,4.0,0.2,internal_without_elimination,1.0,1.0,1.0,,,,,0.9,0.8005324003825423,0.09999999999999998,0.19946759961745775,True,False
internal_percentage,20273716,4.0,0.2,internal_without_elimination,1.0,1.0,1.0,,,,,0.932,0.8119500354266065,0.06799999999999995,0.1880499645733935,True,False
internal_percentage,20274716,4.0,0.2,internal_without_elimination,1.0,1.0,1.0,,,,,0.912,0.8088230973905597,0.08799999999999997,0.1911769026094403,True,False
internal_percentage,20275716,4.0,0.2,internal_without_elimination,1.0,1.0,1.0,,,,,0.888,0.8048283435810027,0.11199999999999999,0.19517165641899725,True,False
internal_percentage,20276716,4.0,0.2,internal_without_elimination,1.0,1.0,1.0,,,,,0.908,0.8083312801336657,0.09199999999999997,0.19166871986633427,True,False
internal_percentage,20277716,4.0,0.2,internal_without_elimination,1.0,1.0,1.0,,,,,0.928,0.8114774892414126,0.07199999999999995,0.1885225107585874,True,False
internal_percentage,20278716,4.0,0.2,internal_without_elimination,1.0,1.0,1.0,,,,,0.904,0.8076638936756709,0.09599999999999997,0.19233610632432907,True,False
internal_percentage,20279716,4.0,0.2,internal_without_elimination,1.0,1.0,1.0,,,,,0.896,0.8078377840150646,0.10399999999999998,0.19216221598493544,True,False
internal_percentage,20260716,5.0,0.0,internal_without_elimination,1.0,1.0,1.0,,,,,1.0,0.8454678439453088,0.0,0.15453215605469117,False,False
internal_percentage,20261716,5.0,0.0,internal_without_elimination,1.0,1.0,1.0,,,,,1.0,0.8463242072654975,0.0,0.1536757927345025,False,False
internal_percentage,20262716,5.0,0.0,internal_without_elimination,1.0,1.0,1.0,,,,,1.0,0.8473846552045962,0.0,0.15261534479540384,False,False
internal_percentage,20263716,5.0,0.0,internal_without_elimination,1.0,1.0,1.0,,,,,1.0,0.8458109507514937,0.0,0.1541890492485063,False,False
internal_percentage,20264716,5.0,0.0,internal_without_elimination,1.0,1.0,1.0,,,,,1.0,0.845730465318593,0.0,0.15426953468140703,False,False
internal_percentage,20265716,5.0,0.0,internal_without_elimination,1.0,1.0,1.0,,,,,1.0,0.8508978498945693,0.0,0.1491021501054307,False,False
internal_percentage,20266716,5.0,0.0,internal_without_elimination,1.0,1.0,1.0,,,,,1.0,0.8467480071932764,0.0,0.15325199280672364,False,False
internal_percentage,20267716,5.0,0.0,internal_without_elimination,1.0,1.0,1.0,,,,,1.0,0.8489319504500569,0.0,0.15106804954994313,False,False
internal_percentage,20268716,5.0,0.0,internal_without_elimination,1.0,1.0,1.0,,,,,1.0,0.8488324827841279,0.0,0.15116751721587207,False,False
internal_percentage,20269716,5.0,0.0,internal_without_elimination,1.0,1.0,1.0,,,,,1.0,0.841153047754399,0.0,0.15884695224560097,False,False
internal_percentage,20270716,5.0,0.0,internal_without_elimination,1.0,1.0,1.0,,,,,1.0,0.8469239947850673,0.0,0.1530760052149327,False,False
internal_percentage,20271716,5.0,0.0,internal_without_elimination,1.0,1.0,1.0,,,,,1.0,0.8431898403380661,0.0,0.1568101596619339,False,False
internal_percentage,20272716,5.0,0.0,internal_without_elimination,1.0,1.0,1.0,,,,,1.0,0.8495063697146756,0.0,0.15049363028532436,False,False
internal_percentage,20273716,5.0,0.0,internal_without_elimination,1.0,1.0,1.0,,,,,1.0,0.84991470147973,0.0,0.15008529852026997,False,False
internal_percentage,20274716,5.0,0.0,internal_without_elimination,1.0,1.0,1.0,,,,,1.0,0.8481342682297186,0.0,0.1518657317702814,False,False
internal_percentage,20275716,5.0,0.0,internal_without_elimination,1.0,1.0,1.0,,,,,1.0,0.841633464635245,0.0,0.15836653536475498,False,False
internal_percentage,20276716,5.0,0.0,internal_without_elimination,1.0,1.0,1.0,,,,,1.0,0.8490707475719492,0.0,0.15092925242805078,False,False
internal_percentage,20277716,5.0,0.0,internal_without_elimination,1.0,1.0,1.0,,,,,1.0,0.840189205906172,0.0,0.15981079409382803,False,False
internal_percentage,20278716,5.0,0.0,internal_without_elimination,1.0,1.0,1.0,,,,,1.0,0.8479268975286934,0.0,0.15207310247130656,False,False
internal_percentage,20279716,5.0,0.0,internal_without_elimination,1.0,1.0,1.0,,,,,1.0,0.8431590459991517,0.0,0.1568409540008483,False,False
internal_percentage,20260716,5.0,0.05,internal_without_elimination,1.0,1.0,1.0,,,,,0.976,0.8468328349379755,0.02400000000000002,0.15316716506202455,True,False
internal_percentage,20261716,5.0,0.05,internal_without_elimination,1.0,1.0,1.0,,,,,0.984,0.8395456661356445,0.016000000000000014,0.16045433386435548,True,False
internal_percentage,20262716,5.0,0.05,internal_without_elimination,1.0,1.0,1.0,,,,,0.976,0.8461374942530375,0.02400000000000002,0.15386250574696247,True,False
internal_percentage,20263716,5.0,0.05,internal_without_elimination,1.0,1.0,1.0,,,,,0.98,0.8426302881761785,0.020000000000000018,0.15736971182382153,True,False
internal_percentage,20264716,5.0,0.05,internal_without_elimination,1.0,1.0,1.0,,,,,0.976,0.8496782730877018,0.02400000000000002,0.15032172691229817,True,False
internal_percentage,20265716,5.0,0.05,internal_without_elimination,1.0,1.0,1.0,,,,,0.984,0.8430035073391925,0.016000000000000014,0.1569964926608075,True,False
internal_percentage,20266716,5.0,0.05,internal_without_elimination,1.0,1.0,1.0,,,,,0.98,0.846115552816956,0.020000000000000018,0.15388444718304395,True,False
internal_percentage,20267716,5.0,0.05,internal_without_elimination,1.0,1.0,1.0,,,,,0.988,0.8493058117594656,0.01200000000000001,0.15069418824053438,True,False
internal_percentage,20268716,5.0,0.05,internal_without_elimination,1.0,1.0,1.0,,,,,0.98,0.8427795848611839,0.020000000000000018,0.15722041513881613,True,False
internal_percentage,20269716,5.0,0.05,internal_without_elimination,1.0,1.0,1.0,,,,,0.984,0.8415893266134012,0.016000000000000014,0.15841067338659875,True,False
internal_percentage,20270716,5.0,0.05,internal_without_elimination,1.0,1.0,1.0,,,,,0.98,0.8409890834668188,0.020000000000000018,0.15901091653318122,True,False
internal_percentage,20271716,5.0,0.05,internal_without_elimination,1.0,1.0,1.0,,,,,0.972,0.8425408136172302,0.028000000000000025,0.1574591863827698,True,False
internal_percentage,20272716,5.0,0.05,internal_without_elimination,1.0,1.0,1.0,,,,,0.984,0.8444492487689272,0.016000000000000014,0.15555075123107276,True,False
internal_percentage,20273716,5.0,0.05,internal_without_elimination,1.0,1.0,1.0,,,,,0.988,0.8423602433748977,0.01200000000000001,0.15763975662510232,True,False
internal_percentage,20274716,5.0,0.05,internal_without_elimination,1.0,1.0,1.0,,,,,0.976,0.8393918204659063,0.02400000000000002,0.16060817953409368,True,False
internal_percentage,20275716,5.0,0.05,internal_without_elimination,1.0,1.0,1.0,,,,,0.98,0.8448212693758942,0.020000000000000018,0.1551787306241058,True,False
internal_percentage,20276716,5.0,0.05,internal_without_elimination,1.0,1.0,1.0,,,,,0.976,0.8397148329811163,0.02400000000000002,0.16028516701888373,True,False
internal_percentage,20277716,5.0,0.05,internal_without_elimination,1.0,1.0,1.0,,,,,0.96,0.8369665361281218,0.040000000000000036,0.16303346387187823,True,False
internal_percentage,20278716,5.0,0.05,internal_without_elimination,1.0,1.0,1.0,,,,,0.984,0.8428902104141541,0.016000000000000014,0.15710978958584587,True,False
internal_percentage,20279716,5.0,0.05,internal_without_elimination,1.0,1.0,1.0,,,,,0.976,0.842225221581026,0.02400000000000002,0.15777477841897403,True,False
internal_percentage,20260716,5.0,0.1,internal_without_elimination,1.0,1.0,1.0,,,,,0.948,0.8362326368476187,0.052000000000000046,0.16376736315238127,True,False
internal_percentage,20261716,5.0,0.1,internal_without_elimination,1.0,1.0,1.0,,,,,0.952,0.8380313681549136,0.04800000000000004,0.16196863184508636,True,False
internal_percentage,20262716,5.0,0.1,internal_without_elimination,1.0,1.0,1.0,,,,,0.952,0.8368145004216596,0.04800000000000004,0.1631854995783404,True,False
internal_percentage,20263716,5.0,0.1,internal_without_elimination,1.0,1.0,1.0,,,,,0.968,0.8390143961919927,0.03200000000000003,0.1609856038080073,True,False
internal_percentage,20264716,5.0,0.1,internal_without_elimination,1.0,1.0,1.0,,,,,0.968,0.8397478037866859,0.03200000000000003,0.1602521962133141,True,False
internal_percentage,20265716,5.0,0.1,internal_without_elimination,1.0,1.0,1.0,,,,,0.96,0.8365034616712352,0.040000000000000036,0.16349653832876476,True,False
internal_percentage,20266716,5.0,0.1,internal_without_elimination,1.0,1.0,1.0,,,,,0.964,0.8426269855231383,0.03600000000000003,0.1573730144768617,True,False
internal_percentage,20267716,5.0,0.1,internal_without_elimination,1.0,1.0,1.0,,,,,0.956,0.8391640741684304,0.04400000000000004,0.16083592583156958,True,False
internal_percentage,20268716,5.0,0.1,internal_without_elimination,1.0,1.0,1.0,,,,,0.976,0.8406579737784612,0.02400000000000002,0.1593420262215388,True,False
internal_percentage,20269716,5.0,0.1,internal_without_elimination,1.0,1.0,1.0,,,,,0.976,0.8443331246471111,0.02400000000000002,0.15566687535288892,True,False
internal_percentage,20270716,5.0,0.1,internal_without_elimination,1.0,1.0,1.0,,,,,0.952,0.8386346709374952,0.04800000000000004,0.16136532906250478,True,False
internal_percentage,20271716,5.0,0.1,internal_without_elimination,1.0,1.0,1.0,,,,,0.976,0.8395422694132126,0.02400000000000002,0.16045773058678736,True,False
internal_percentage,20272716,5.0,0.1,internal_without_elimination,1.0,1.0,1.0,,,,,0.96,0.8355710817826201,0.040000000000000036,0.16442891821737993,True,False
internal_percentage,20273716,5.0,0.1,internal_without_elimination,1.0,1.0,1.0,,,,,0.944,0.8409279974820475,0.05600000000000005,0.1590720025179525,True,False
internal_percentage,20274716,5.0,0.1,internal_without_elimination,1.0,1.0,1.0,,,,,0.972,0.8413458755739757,0.028000000000000025,0.15865412442602433,True,False
internal_percentage,20275716,5.0,0.1,internal_without_elimination,1.0,1.0,1.0,,,,,0.952,0.8416789462879223,0.04800000000000004,0.15832105371207772,True,False
internal_percentage,20276716,5.0,0.1,internal_without_elimination,1.0,1.0,1.0,,,,,0.956,0.8429189534271507,0.04400000000000004,0.15708104657284927,True,False
internal_percentage,20277716,5.0,0.1,internal_without_elimination,1.0,1.0,1.0,,,,,0.952,0.838807431094822,0.04800000000000004,0.16119256890517797,True,False
internal_percentage,20278716,5.0,0.1,internal_without_elimination,1.0,1.0,1.0,,,,,0.94,0.8321955254365615,0.06000000000000005,0.1678044745634385,True,False
internal_percentage,20279716,5.0,0.1,internal_without_elimination,1.0,1.0,1.0,,,,,0.96,0.838204684955677,0.040000000000000036,0.16179531504432298,True,False
internal_percentage,20260716,5.0,0.2,internal_without_elimination,1.0,1.0,1.0,,,,,0.904,0.8374341477374592,0.09599999999999997,0.16256585226254083,True,False
internal_percentage,20261716,5.0,0.2,internal_without_elimination,1.0,1.0,1.0,,,,,0.912,0.8298013416156157,0.08799999999999997,0.1701986583843843,True,False
internal_percentage,20262716,5.0,0.2,internal_without_elimination,1.0,1.0,1.0,,,,,0.9,0.8324891762986881,0.09999999999999998,0.16751082370131187,True,False
internal_percentage,20263716,5.0,0.2,internal_without_elimination,1.0,1.0,1.0,,,,,0.924,0.8406407155965775,0.07599999999999996,0.1593592844034225,True,False
internal_percentage,20264716,5.0,0.2,internal_without_elimination,1.0,1.0,1.0,,,,,0.9,0.8307508479732992,0.09999999999999998,0.16924915202670077,True,False
internal_percentage,20265716,5.0,0.2,internal_without_elimination,1.0,1.0,1.0,,,,,0.94,0.8384023221971383,0.06000000000000005,0.16159767780286172,True,False
internal_percentage,20266716,5.0,0.2,internal_without_elimination,1.0,1.0,1.0,,,,,0.904,0.8302527440995786,0.09599999999999997,0.1697472559004214,True,False
internal_percentage,20267716,5.0,0.2,internal_without_elimination,1.0,1.0,1.0,,,,,0.888,0.824559215042243,0.11199999999999999,0.17544078495775695,True,False
internal_percentage,20268716,5.0,0.2,internal_without_elimination,1.0,1.0,1.0,,,,,0.948,0.8283448200680485,0.052000000000000046,0.17165517993195145,True,False
internal_percentage,20269716,5.0,0.2,internal_without_elimination,1.0,1.0,1.0,,,,,0.908,0.8314200350464972,0.09199999999999997,0.1685799649535028,True,False
internal_percentage,20270716,5.0,0.2,internal_without_elimination,1.0,1.0,1.0,,,,,0.94,0.8351949542690814,0.06000000000000005,0.1648050457309186,True,False
internal_percentage,20271716,5.0,0.2,internal_without_elimination,1.0,1.0,1.0,,,,,0.924,0.8364519465691495,0.07599999999999996,0.16354805343085055,True,False
internal_percentage,20272716,5.0,0.2,internal_without_elimination,1.0,1.0,1.0,,,,,0.94,0.8428123386523775,0.06000000000000005,0.15718766134762252,True,False
internal_percentage,20273716,5.0,0.2,internal_without_elimination,1.0,1.0,1.0,,,,,0.92,0.8336227505066013,0.07999999999999996,0.16637724949339872,True,False
internal_percentage,20274716,5.0,0.2,internal_without_elimination,1.0,1.0,1.0,,,,,0.9,0.8288851893988597,0.09999999999999998,0.1711148106011403,True,False
internal_percentage,20275716,5.0,0.2,internal_without_elimination,1.0,1.0,1.0,,,,,0.932,0.8350514076735538,0.06799999999999995,0.1649485923264462,True,False
internal_percentage,20276716,5.0,0.2,internal_without_elimination,1.0,1.0,1.0,,,,,0.908,0.8301749886472747,0.09199999999999997,0.16982501135272532,True,False
internal_percentage,20277716,5.0,0.2,internal_without_elimination,1.0,1.0,1.0,,,,,0.928,0.8332227626497308,0.07199999999999995,0.16677723735026917,True,False
internal_percentage,20278716,5.0,0.2,internal_without_elimination,1.0,1.0,1.0,,,,,0.908,0.8298799038849037,0.09199999999999997,0.17012009611509626,True,False
internal_percentage,20279716,5.0,0.2,internal_without_elimination,1.0,1.0,1.0,,,,,0.912,0.8305558276357915,0.08799999999999997,0.1694441723642085,True,False
internal_percentage,20260716,6.0,0.0,internal_without_elimination,1.0,1.0,1.0,,,,,1.0,0.8628515617549695,0.0,0.13714843824503054,False,False
internal_percentage,20261716,6.0,0.0,internal_without_elimination,1.0,1.0,1.0,,,,,1.0,0.8607156381646573,0.0,0.13928436183534265,False,False
internal_percentage,20262716,6.0,0.0,internal_without_elimination,1.0,1.0,1.0,,,,,1.0,0.8678630711611672,0.0,0.13213692883883277,False,False
internal_percentage,20263716,6.0,0.0,internal_without_elimination,1.0,1.0,1.0,,,,,1.0,0.8632521136326442,0.0,0.1367478863673558,False,False
internal_percentage,20264716,6.0,0.0,internal_without_elimination,1.0,1.0,1.0,,,,,1.0,0.864769083482641,0.0,0.13523091651735897,False,False
internal_percentage,20265716,6.0,0.0,internal_without_elimination,1.0,1.0,1.0,,,,,1.0,0.864256386982373,0.0,0.13574361301762705,False,False
internal_percentage,20266716,6.0,0.0,internal_without_elimination,1.0,1.0,1.0,,,,,1.0,0.8636183033514305,0.0,0.13638169664856947,False,False
internal_percentage,20267716,6.0,0.0,internal_without_elimination,1.0,1.0,1.0,,,,,1.0,0.8610609359838067,0.0,0.13893906401619327,False,False
internal_percentage,20268716,6.0,0.0,internal_without_elimination,1.0,1.0,1.0,,,,,1.0,0.8657282490069371,0.0,0.13427175099306288,False,False
internal_percentage,20269716,6.0,0.0,internal_without_elimination,1.0,1.0,1.0,,,,,1.0,0.8661592199625212,0.0,0.1338407800374788,False,False
internal_percentage,20270716,6.0,0.0,internal_without_elimination,1.0,1.0,1.0,,,,,1.0,0.8595344240707224,0.0,0.14046557592927755,False,False
internal_percentage,20271716,6.0,0.0,internal_without_elimination,1.0,1.0,1.0,,,,,1.0,0.8613527622629344,0.0,0.13864723773706555,False,False
internal_percentage,20272716,6.0,0.0,internal_without_elimination,1.0,1.0,1.0,,,,,1.0,0.8639808447541971,0.0,0.13601915524580288,False,False
internal_percentage,20273716,6.0,0.0,internal_without_elimination,1.0,1.0,1.0,,,,,1.0,0.8671758900131302,0.0,0.13282410998686978,False,False
internal_percentage,20274716,6.0,0.0,internal_without_elimination,1.0,1.0,1.0,,,,,1.0,0.8666262054320973,0.0,0.13337379456790266,False,False
internal_percentage,20275716,6.0,0.0,internal_without_elimination,1.0,1.0,1.0,,,,,1.0,0.8635084107884022,0.0,0.13649158921159776,False,False
internal_percentage,20276716,6.0,0.0,internal_without_elimination,1.0,1.0,1.0,,,,,1.0,0.8626789403856889,0.0,0.13732105961431107,False,False
internal_percentage,20277716,6.0,0.0,internal_without_elimination,1.0,1.0,1.0,,,,,1.0,0.8652780535239765,0.0,0.13472194647602354,False,False
internal_percentage,20278716,6.0,0.0,internal_without_elimination,1.0,1.0,1.0,,,,,1.0,0.8669281887641649,0.0,0.1330718112358351,False,False
internal_percentage,20279716,6.0,0.0,internal_without_elimination,1.0,1.0,1.0,,,,,1.0,0.8647926779627286,0.0,0.13520732203727137,False,False
internal_percentage,20260716,6.0,0.05,internal_without_elimination,1.0,1.0,1.0,,,,,0.98,0.8607150113236216,0.020000000000000018,0.1392849886763784,True,False
internal_percentage,20261716,6.0,0.05,internal_without_elimination,1.0,1.0,1.0,,,,,0.984,0.8570383203505385,0.016000000000000014,0.1429616796494615,True,False
internal_percentage,20262716,6.0,0.05,internal_without_elimination,1.0,1.0,1.0,,,,,0.972,0.862017331337525,0.028000000000000025,0.137982668662475,True,False
internal_percentage,20263716,6.0,0.05,internal_without_elimination,1.0,1.0,1.0,,,,,0.976,0.8627537966760246,0.02400000000000002,0.1372462033239754,True,False
internal_percentage,20264716,6.0,0.05,internal_without_elimination,1.0,1.0,1.0,,,,,0.964,0.8620928303841329,0.03600000000000003,0.13790716961586713,True,False
internal_percentage,20265716,6.0,0.05,internal_without_elimination,1.0,1.0,1.0,,,,,0.976,0.8632527375515893,0.02400000000000002,0.13674726244841073,True,False
internal_percentage,20266716,6.0,0.05,internal_without_elimination,1.0,1.0,1.0,,,,,0.976,0.8620577281312897,0.02400000000000002,0.13794227186871033,True,False
internal_percentage,20267716,6.0,0.05,internal_without_elimination,1.0,1.0,1.0,,,,,0.988,0.862948065281413,0.01200000000000001,0.137051934718587,True,False
internal_percentage,20268716,6.0,0.05,internal_without_elimination,1.0,1.0,1.0,,,,,0.984,0.8660119184892625,0.016000000000000014,0.1339880815107375,True,False
internal_percentage,20269716,6.0,0.05,internal_without_elimination,1.0,1.0,1.0,,,,,0.98,0.8662430302852583,0.020000000000000018,0.1337569697147417,True,False
internal_percentage,20270716,6.0,0.05,internal_without_elimination,1.0,1.0,1.0,,,,,0.964,0.862379592661383,0.03600000000000003,0.13762040733861702,True,False
internal_percentage,20271716,6.0,0.05,internal_without_elimination,1.0,1.0,1.0,,,,,0.968,0.8605217495466648,0.03200000000000003,0.13947825045333517,True,False
internal_percentage,20272716,6.0,0.05,internal_without_elimination,1.0,1.0,1.0,,,,,0.972,0.8606195280727285,0.028000000000000025,0.13938047192727154,True,False
internal_percentage,20273716,6.0,0.05,internal_without_elimination,1.0,1.0,1.0,,,,,0.98,0.8584358259191058,0.020000000000000018,0.14156417408089417,True,False
internal_percentage,20274716,6.0,0.05,internal_without_elimination,1.0,1.0,1.0,,,,,0.988,0.8656419709058605,0.01200000000000001,0.13435802909413952,True,False
internal_percentage,20275716,6.0,0.05,internal_without_elimination,1.0,1.0,1.0,,,,,0.98,0.8622624436643821,0.020000000000000018,0.1377375563356179,True,False
internal_percentage,20276716,6.0,0.05,internal_without_elimination,1.0,1.0,1.0,,,,,0.964,0.8592541344860186,0.03600000000000003,0.14074586551398138,True,False
internal_percentage,20277716,6.0,0.05,internal_without_elimination,1.0,1.0,1.0,,,,,0.984,0.8582639910326483,0.016000000000000014,0.14173600896735172,True,False
internal_percentage,20278716,6.0,0.05,internal_without_elimination,1.0,1.0,1.0,,,,,0.968,0.8583662862799465,0.03200000000000003,0.1416337137200535,True,False
internal_percentage,20279716,6.0,0.05,internal_without_elimination,1.0,1.0,1.0,,,,,0.972,0.8617255371004775,0.028000000000000025,0.1382744628995225,True,False
internal_percentage,20260716,6.0,0.1,internal_without_elimination,1.0,1.0,1.0,,,,,0.972,0.8621991011296256,0.028000000000000025,0.1378008988703744,True,False
internal_percentage,20261716,6.0,0.1,internal_without_elimination,1.0,1.0,1.0,,,,,0.972,0.8626312517509044,0.028000000000000025,0.13736874824909562,True,False
internal_percentage,20262716,6.0,0.1,internal_without_elimination,1.0,1.0,1.0,,,,,0.976,0.8574436619402622,0.02400000000000002,0.14255633805973777,True,False
internal_percentage,20263716,6.0,0.1,internal_without_elimination,1.0,1.0,1.0,,,,,0.964,0.8615954241387973,0.03600000000000003,0.1384045758612027,True,False
internal_percentage,20264716,6.0,0.1,internal_without_elimination,1.0,1.0,1.0,,,,,0.948,0.8545069131466344,0.052000000000000046,0.1454930868533656,True,False
internal_percentage,20265716,6.0,0.1,internal_without_elimination,1.0,1.0,1.0,,,,,0.948,0.8572966246459354,0.052000000000000046,0.14270337535406463,True,False
internal_percentage,20266716,6.0,0.1,internal_without_elimination,1.0,1.0,1.0,,,,,0.952,0.8612965902739946,0.04800000000000004,0.13870340972600537,True,False
internal_percentage,20267716,6.0,0.1,internal_without_elimination,1.0,1.0,1.0,,,,,0.948,0.8583629250730902,0.052000000000000046,0.1416370749269098,True,False
internal_percentage,20268716,6.0,0.1,internal_without_elimination,1.0,1.0,1.0,,,,,0.964,0.8548426914088633,0.03600000000000003,0.14515730859113674,True,False
internal_percentage,20269716,6.0,0.1,internal_without_elimination,1.0,1.0,1.0,,,,,0.964,0.8594199737123542,0.03600000000000003,0.14058002628764577,True,False
internal_percentage,20270716,6.0,0.1,internal_without_elimination,1.0,1.0,1.0,,,,,0.968,0.8586401955534537,0.03200000000000003,0.14135980444654628,True,False
internal_percentage,20271716,6.0,0.1,internal_without_elimination,1.0,1.0,1.0,,,,,0.96,0.8588484639036307,0.040000000000000036,0.14115153609636932,True,False
internal_percentage,20272716,6.0,0.1,internal_without_elimination,1.0,1.0,1.0,,,,,0.944,0.85491837088036,0.05600000000000005,0.14508162911963995,True,False
internal_percentage,20273716,6.0,0.1,internal_without_elimination,1.0,1.0,1.0,,,,,0.964,0.8582942255817606,0.03600000000000003,0.1417057744182394,True,False
internal_percentage,20274716,6.0,0.1,internal_without_elimination,1.0,1.0,1.0,,,,,0.952,0.8615665223269321,0.04800000000000004,0.1384334776730679,True,False
internal_percentage,20275716,6.0,0.1,internal_without_elimination,1.0,1.0,1.0,,,,,0.948,0.8608237425690695,0.052000000000000046,0.13917625743093054,True,False
internal_percentage,20276716,6.0,0.1,internal_without_elimination,1.0,1.0,1.0,,,,,0.972,0.8650557382653085,0.028000000000000025,0.13494426173469154,True,False
internal_percentage,20277716,6.0,0.1,internal_without_elimination,1.0,1.0,1.0,,,,,0.96,0.8620275763097185,0.040000000000000036,0.1379724236902815,True,False
internal_percentage,20278716,6.0,0.1,internal_without_elimination,1.0,1.0,1.0,,,,,0.94,0.8609267844487154,0.06000000000000005,0.1390732155512846,True,False
internal_percentage,20279716,6.0,0.1,internal_without_elimination,1.0,1.0,1.0,,,,,0.972,0.863458142262528,0.028000000000000025,0.13654185773747196,True,False
internal_percentage,20260716,6.0,0.2,internal_without_elimination,1.0,1.0,1.0,,,,,0.92,0.8542526997107899,0.07999999999999996,0.14574730028921012,True,False
internal_percentage,20261716,6.0,0.2,internal_without_elimination,1.0,1.0,1.0,,,,,0.912,0.8541519488119889,0.08799999999999997,0.14584805118801114,True,False
internal_percentage,20262716,6.0,0.2,internal_without_elimination,1.0,1.0,1.0,,,,,0.896,0.8498615857119831,0.10399999999999998,0.15013841428801689,True,False
internal_percentage,20263716,6.0,0.2,internal_without_elimination,1.0,1.0,1.0,,,,,0.904,0.8584288100026434,0.09599999999999997,0.14157118999735663,True,False
internal_percentage,20264716,6.0,0.2,internal_without_elimination,1.0,1.0,1.0,,,,,0.916,0.8540706985803719,0.08399999999999996,0.14592930141962812,True,False
internal_percentage,20265716,6.0,0.2,internal_without_elimination,1.0,1.0,1.0,,,,,0.904,0.846756858668676,0.09599999999999997,0.153243141331324,True,False
internal_percentage,20266716,6.0,0.2,internal_without_elimination,1.0,1.0,1.0,,,,,0.92,0.8537488577400378,0.07999999999999996,0.14625114225996216,True,False
internal_percentage,20267716,6.0,0.2,internal_without_elimination,1.0,1.0,1.0,,,,,0.924,0.8561058544813295,0.07599999999999996,0.14389414551867052,True,False
internal_percentage,20268716,6.0,0.2,internal_without_elimination,1.0,1.0,1.0,,,,,0.928,0.8574422757516333,0.07199999999999995,0.14255772424836666,True,False
internal_percentage,20269716,6.0,0.2,internal_without_elimination,1.0,1.0,1.0,,,,,0.904,0.84849611325502,0.09599999999999997,0.15150388674498005,True,False
internal_percentage,20270716,6.0,0.2,internal_without_elimination,1.0,1.0,1.0,,,,,0.92,0.8526367843553071,0.07999999999999996,0.1473632156446929,True,False
internal_percentage,20271716,6.0,0.2,internal_without_elimination,1.0,1.0,1.0,,,,,0.916,0.8498910979689921,0.08399999999999996,0.1501089020310079,True,False
internal_percentage,20272716,6.0,0.2,internal_without_elimination,1.0,1.0,1.0,,,,,0.92,0.8550245151533267,0.07999999999999996,0.14497548484667333,True,False
internal_percentage,20273716,6.0,0.2,internal_without_elimination,1.0,1.0,1.0,,,,,0.904,0.8544714865736157,0.09599999999999997,0.1455285134263843,True,False
internal_percentage,20274716,6.0,0.2,internal_without_elimination,1.0,1.0,1.0,,,,,0.916,0.8514816787131674,0.08399999999999996,0.14851832128683262,True,False
internal_percentage,20275716,6.0,0.2,internal_without_elimination,1.0,1.0,1.0,,,,,0.952,0.8641136821659625,0.04800000000000004,0.13588631783403748,True,False
internal_percentage,20276716,6.0,0.2,internal_without_elimination,1.0,1.0,1.0,,,,,0.952,0.856064609455898,0.04800000000000004,0.14393539054410198,True,False
internal_percentage,20277716,6.0,0.2,internal_without_elimination,1.0,1.0,1.0,,,,,0.912,0.8539428636511125,0.08799999999999997,0.1460571363488875,True,False
internal_percentage,20278716,6.0,0.2,internal_without_elimination,1.0,1.0,1.0,,,,,0.892,0.8503372654104303,0.10799999999999998,0.1496627345895697,True,False
internal_percentage,20279716,6.0,0.2,internal_without_elimination,1.0,1.0,1.0,,,,,0.916,0.8510060618858474,0.08399999999999996,0.14899393811415262,True,False
