synthesizer,seed,n_active,outcome_noise_probability,configuration,coverage,width,feasible,n_candidates,n_rounds,false_certainty,mean_compatible_states
internal_percentage,20260716,4.0,0.0,internal_full_rule,1.0,0.8250481400750768,1.0,,,,
internal_percentage,20260716,4.0,0.0,internal_without_elimination,1.0,1.0,1.0,,,,
internal_percentage,20260716,4.0,0.05,internal_full_rule,0.984,0.8154139859910686,1.0,,,,
internal_percentage,20260716,4.0,0.05,internal_without_elimination,1.0,1.0,1.0,,,,
internal_percentage,20260716,4.0,0.1,internal_full_rule,0.952,0.8119495290053548,1.0,,,,
internal_percentage,20260716,4.0,0.1,internal_without_elimination,1.0,1.0,1.0,,,,
internal_percentage,20260716,4.0,0.2,internal_full_rule,0.932,0.8128054447556207,1.0,,,,
internal_percentage,20260716,4.0,0.2,internal_without_elimination,1.0,1.0,1.0,,,,
internal_percentage,20260716,5.0,0.0,internal_full_rule,1.0,0.8454678439453088,1.0,,,,
internal_percentage,20260716,5.0,0.0,internal_without_elimination,1.0,1.0,1.0,,,,
internal_percentage,20260716,5.0,0.05,internal_full_rule,0.976,0.8468328349379755,1.0,,,,
internal_percentage,20260716,5.0,0.05,internal_without_elimination,1.0,1.0,1.0,,,,
internal_percentage,20260716,5.0,0.1,internal_full_rule,0.948,0.8362326368476187,1.0,,,,
internal_percentage,20260716,5.0,0.1,internal_without_elimination,1.0,1.0,1.0,,,,
internal_percentage,20260716,5.0,0.2,internal_full_rule,0.904,0.8374341477374592,1.0,,,,
internal_percentage,20260716,5.0,0.2,internal_without_elimination,1.0,1.0,1.0,,,,
internal_percentage,20260716,6.0,0.0,internal_full_rule,1.0,0.8628515617549695,1.0,,,,
internal_percentage,20260716,6.0,0.0,internal_without_elimination,1.0,1.0,1.0,,,,
internal_percentage,20260716,6.0,0.05,internal_full_rule,0.98,0.8607150113236216,1.0,,,,
internal_percentage,20260716,6.0,0.05,internal_without_elimination,1.0,1.0,1.0,,,,
internal_percentage,20260716,6.0,0.1,internal_full_rule,0.972,0.8621991011296256,1.0,,,,
internal_percentage,20260716,6.0,0.1,internal_without_elimination,1.0,1.0,1.0,,,,
internal_percentage,20260716,6.0,0.2,internal_full_rule,0.92,0.8542526997107899,1.0,,,,
internal_percentage,20260716,6.0,0.2,internal_without_elimination,1.0,1.0,1.0,,,,
internal_percentage,20261716,4.0,0.0,internal_full_rule,1.0,0.8238980824069145,1.0,,,,
internal_percentage,20261716,4.0,0.0,internal_without_elimination,1.0,1.0,1.0,,,,
internal_percentage,20261716,4.0,0.05,internal_full_rule,0.992,0.8272435950461543,1.0,,,,
internal_percentage,20261716,4.0,0.05,internal_without_elimination,1.0,1.0,1.0,,,,
internal_percentage,20261716,4.0,0.1,internal_full_rule,0.964,0.8221266980690816,1.0,,,,
internal_percentage,20261716,4.0,0.1,internal_without_elimination,1.0,1.0,1.0,,,,
internal_percentage,20261716,4.0,0.2,internal_full_rule,0.888,0.7933950765728065,1.0,,,,
internal_percentage,20261716,4.0,0.2,internal_without_elimination,1.0,1.0,1.0,,,,
internal_percentage,20261716,5.0,0.0,internal_full_rule,1.0,0.8463242072654975,1.0,,,,
internal_percentage,20261716,5.0,0.0,internal_without_elimination,1.0,1.0,1.0,,,,
internal_percentage,20261716,5.0,0.05,internal_full_rule,0.984,0.8395456661356445,1.0,,,,
internal_percentage,20261716,5.0,0.05,internal_without_elimination,1.0,1.0,1.0,,,,
internal_percentage,20261716,5.0,0.1,internal_full_rule,0.952,0.8380313681549136,1.0,,,,
internal_percentage,20261716,5.0,0.1,internal_without_elimination,1.0,1.0,1.0,,,,
internal_percentage,20261716,5.0,0.2,internal_full_rule,0.912,0.8298013416156157,1.0,,,,
internal_percentage,20261716,5.0,0.2,internal_without_elimination,1.0,1.0,1.0,,,,
internal_percentage,20261716,6.0,0.0,internal_full_rule,1.0,0.8607156381646573,1.0,,,,
internal_percentage,20261716,6.0,0.0,internal_without_elimination,1.0,1.0,1.0,,,,
internal_percentage,20261716,6.0,0.05,internal_full_rule,0.984,0.8570383203505385,1.0,,,,
internal_percentage,20261716,6.0,0.05,internal_without_elimination,1.0,1.0,1.0,,,,
internal_percentage,20261716,6.0,0.1,internal_full_rule,0.972,0.8626312517509044,1.0,,,,
internal_percentage,20261716,6.0,0.1,internal_without_elimination,1.0,1.0,1.0,,,,
internal_percentage,20261716,6.0,0.2,internal_full_rule,0.912,0.8541519488119889,1.0,,,,
internal_percentage,20261716,6.0,0.2,internal_without_elimination,1.0,1.0,1.0,,,,
internal_percentage,20262716,4.0,0.0,internal_full_rule,1.0,0.8328668413828849,1.0,,,,
internal_percentage,20262716,4.0,0.0,internal_without_elimination,1.0,1.0,1.0,,,,
internal_percentage,20262716,4.0,0.05,internal_full_rule,0.98,0.8174079013930252,1.0,,,,
internal_percentage,20262716,4.0,0.05,internal_without_elimination,1.0,1.0,1.0,,,,
internal_percentage,20262716,4.0,0.1,internal_full_rule,0.944,0.8156746572306781,1.0,,,,
internal_percentage,20262716,4.0,0.1,internal_without_elimination,1.0,1.0,1.0,,,,
internal_percentage,20262716,4.0,0.2,internal_full_rule,0.908,0.8038231313904454,1.0,,,,
internal_percentage,20262716,4.0,0.2,internal_without_elimination,1.0,1.0,1.0,,,,
internal_percentage,20262716,5.0,0.0,internal_full_rule,1.0,0.8473846552045962,1.0,,,,
internal_percentage,20262716,5.0,0.0,internal_without_elimination,1.0,1.0,1.0,,,,
internal_percentage,20262716,5.0,0.05,internal_full_rule,0.976,0.8461374942530375,1.0,,,,
internal_percentage,20262716,5.0,0.05,internal_without_elimination,1.0,1.0,1.0,,,,
internal_percentage,20262716,5.0,0.1,internal_full_rule,0.952,0.8368145004216596,1.0,,,,
internal_percentage,20262716,5.0,0.1,internal_without_elimination,1.0,1.0,1.0,,,,
internal_percentage,20262716,5.0,0.2,internal_full_rule,0.9,0.8324891762986881,1.0,,,,
internal_percentage,20262716,5.0,0.2,internal_without_elimination,1.0,1.0,1.0,,,,
internal_percentage,20262716,6.0,0.0,internal_full_rule,1.0,0.8678630711611672,1.0,,,,
internal_percentage,20262716,6.0,0.0,internal_without_elimination,1.0,1.0,1.0,,,,
internal_percentage,20262716,6.0,0.05,internal_full_rule,0.972,0.862017331337525,1.0,,,,
internal_percentage,20262716,6.0,0.05,internal_without_elimination,1.0,1.0,1.0,,,,
internal_percentage,20262716,6.0,0.1,internal_full_rule,0.976,0.8574436619402622,1.0,,,,
internal_percentage,20262716,6.0,0.1,internal_without_elimination,1.0,1.0,1.0,,,,
internal_percentage,20262716,6.0,0.2,internal_full_rule,0.896,0.8498615857119831,1.0,,,,
internal_percentage,20262716,6.0,0.2,internal_without_elimination,1.0,1.0,1.0,,,,
internal_percentage,20263716,4.0,0.0,internal_full_rule,1.0,0.8257543241192237,1.0,,,,
internal_percentage,20263716,4.0,0.0,internal_without_elimination,1.0,1.0,1.0,,,,
internal_percentage,20263716,4.0,0.05,internal_full_rule,0.984,0.8257244683307191,1.0,,,,
internal_percentage,20263716,4.0,0.05,internal_without_elimination,1.0,1.0,1.0,,,,
internal_percentage,20263716,4.0,0.1,internal_full_rule,0.952,0.8093783588701662,1.0,,,,
internal_percentage,20263716,4.0,0.1,internal_without_elimination,1.0,1.0,1.0,,,,
internal_percentage,20263716,4.0,0.2,internal_full_rule,0.892,0.8040347763732384,1.0,,,,
internal_percentage,20263716,4.0,0.2,internal_without_elimination,1.0,1.0,1.0,,,,
internal_percentage,20263716,5.0,0.0,internal_full_rule,1.0,0.8458109507514937,1.0,,,,
internal_percentage,20263716,5.0,0.0,internal_without_elimination,1.0,1.0,1.0,,,,
internal_percentage,20263716,5.0,0.05,internal_full_rule,0.98,0.8426302881761785,1.0,,,,
internal_percentage,20263716,5.0,0.05,internal_without_elimination,1.0,1.0,1.0,,,,
internal_percentage,20263716,5.0,0.1,internal_full_rule,0.968,0.8390143961919927,1.0,,,,
internal_percentage,20263716,5.0,0.1,internal_without_elimination,1.0,1.0,1.0,,,,
internal_percentage,20263716,5.0,0.2,internal_full_rule,0.924,0.8406407155965775,1.0,,,,
internal_percentage,20263716,5.0,0.2,internal_without_elimination,1.0,1.0,1.0,,,,
internal_percentage,20263716,6.0,0.0,internal_full_rule,1.0,0.8632521136326442,1.0,,,,
internal_percentage,20263716,6.0,0.0,internal_without_elimination,1.0,1.0,1.0,,,,
internal_percentage,20263716,6.0,0.05,internal_full_rule,0.976,0.8627537966760246,1.0,,,,
internal_percentage,20263716,6.0,0.05,internal_without_elimination,1.0,1.0,1.0,,,,
internal_percentage,20263716,6.0,0.1,internal_full_rule,0.964,0.8615954241387973,1.0,,,,
internal_percentage,20263716,6.0,0.1,internal_without_elimination,1.0,1.0,1.0,,,,
internal_percentage,20263716,6.0,0.2,internal_full_rule,0.904,0.8584288100026434,1.0,,,,
internal_percentage,20263716,6.0,0.2,internal_without_elimination,1.0,1.0,1.0,,,,
internal_percentage,20264716,4.0,0.0,internal_full_rule,1.0,0.8265054064208833,1.0,,,,
internal_percentage,20264716,4.0,0.0,internal_without_elimination,1.0,1.0,1.0,,,,
internal_percentage,20264716,4.0,0.05,internal_full_rule,0.972,0.8197204823401599,1.0,,,,
internal_percentage,20264716,4.0,0.05,internal_without_elimination,1.0,1.0,1.0,,,,
internal_percentage,20264716,4.0,0.1,internal_full_rule,0.936,0.8155816656938853,1.0,,,,
internal_percentage,20264716,4.0,0.1,internal_without_elimination,1.0,1.0,1.0,,,,
internal_percentage,20264716,4.0,0.2,internal_full_rule,0.936,0.8116331073584946,1.0,,,,
internal_percentage,20264716,4.0,0.2,internal_without_elimination,1.0,1.0,1.0,,,,
internal_percentage,20264716,5.0,0.0,internal_full_rule,1.0,0.845730465318593,1.0,,,,
internal_percentage,20264716,5.0,0.0,internal_without_elimination,1.0,1.0,1.0,,,,
internal_percentage,20264716,5.0,0.05,internal_full_rule,0.976,0.8496782730877018,1.0,,,,
internal_percentage,20264716,5.0,0.05,internal_without_elimination,1.0,1.0,1.0,,,,
internal_percentage,20264716,5.0,0.1,internal_full_rule,0.968,0.8397478037866859,1.0,,,,
internal_percentage,20264716,5.0,0.1,internal_without_elimination,1.0,1.0,1.0,,,,
internal_percentage,20264716,5.0,0.2,internal_full_rule,0.9,0.8307508479732992,1.0,,,,
internal_percentage,20264716,5.0,0.2,internal_without_elimination,1.0,1.0,1.0,,,,
internal_percentage,20264716,6.0,0.0,internal_full_rule,1.0,0.864769083482641,1.0,,,,
internal_percentage,20264716,6.0,0.0,internal_without_elimination,1.0,1.0,1.0,,,,
internal_percentage,20264716,6.0,0.05,internal_full_rule,0.964,0.8620928303841329,1.0,,,,
internal_percentage,20264716,6.0,0.05,internal_without_elimination,1.0,1.0,1.0,,,,
internal_percentage,20264716,6.0,0.1,internal_full_rule,0.948,0.8545069131466344,1.0,,,,
internal_percentage,20264716,6.0,0.1,internal_without_elimination,1.0,1.0,1.0,,,,
internal_percentage,20264716,6.0,0.2,internal_full_rule,0.916,0.8540706985803719,1.0,,,,
internal_percentage,20264716,6.0,0.2,internal_without_elimination,1.0,1.0,1.0,,,,
internal_percentage,20265716,4.0,0.0,internal_full_rule,1.0,0.8299546084025942,1.0,,,,
internal_percentage,20265716,4.0,0.0,internal_without_elimination,1.0,1.0,1.0,,,,
internal_percentage,20265716,4.0,0.05,internal_full_rule,0.984,0.8232149964950326,1.0,,,,
internal_percentage,20265716,4.0,0.05,internal_without_elimination,1.0,1.0,1.0,,,,
internal_percentage,20265716,4.0,0.1,internal_full_rule,0.948,0.8100312431856216,1.0,,,,
internal_percentage,20265716,4.0,0.1,internal_without_elimination,1.0,1.0,1.0,,,,
internal_percentage,20265716,4.0,0.2,internal_full_rule,0.912,0.8091045218558195,1.0,,,,
internal_percentage,20265716,4.0,0.2,internal_without_elimination,1.0,1.0,1.0,,,,
internal_percentage,20265716,5.0,0.0,internal_full_rule,1.0,0.8508978498945693,1.0,,,,
internal_percentage,20265716,5.0,0.0,internal_without_elimination,1.0,1.0,1.0,,,,
internal_percentage,20265716,5.0,0.05,internal_full_rule,0.984,0.8430035073391925,1.0,,,,
internal_percentage,20265716,5.0,0.05,internal_without_elimination,1.0,1.0,1.0,,,,
internal_percentage,20265716,5.0,0.1,internal_full_rule,0.96,0.8365034616712352,1.0,,,,
internal_percentage,20265716,5.0,0.1,internal_without_elimination,1.0,1.0,1.0,,,,
internal_percentage,20265716,5.0,0.2,internal_full_rule,0.94,0.8384023221971383,1.0,,,,
internal_percentage,20265716,5.0,0.2,internal_without_elimination,1.0,1.0,1.0,,,,
internal_percentage,20265716,6.0,0.0,internal_full_rule,1.0,0.864256386982373,1.0,,,,
internal_percentage,20265716,6.0,0.0,internal_without_elimination,1.0,1.0,1.0,,,,
internal_percentage,20265716,6.0,0.05,internal_full_rule,0.976,0.8632527375515893,1.0,,,,
internal_percentage,20265716,6.0,0.05,internal_without_elimination,1.0,1.0,1.0,,,,
internal_percentage,20265716,6.0,0.1,internal_full_rule,0.948,0.8572966246459354,1.0,,,,
internal_percentage,20265716,6.0,0.1,internal_without_elimination,1.0,1.0,1.0,,,,
internal_percentage,20265716,6.0,0.2,internal_full_rule,0.904,0.846756858668676,1.0,,,,
internal_percentage,20265716,6.0,0.2,internal_without_elimination,1.0,1.0,1.0,,,,
internal_percentage,20266716,4.0,0.0,internal_full_rule,1.0,0.8255932326253932,1.0,,,,
internal_percentage,20266716,4.0,0.0,internal_without_elimination,1.0,1.0,1.0,,,,
internal_percentage,20266716,4.0,0.05,internal_full_rule,0.984,0.821497673427456,1.0,,,,
internal_percentage,20266716,4.0,0.05,internal_without_elimination,1.0,1.0,1.0,,,,
internal_percentage,20266716,4.0,0.1,internal_full_rule,0.952,0.8101635425237023,1.0,,,,
internal_percentage,20266716,4.0,0.1,internal_without_elimination,1.0,1.0,1.0,,,,
internal_percentage,20266716,4.0,0.2,internal_full_rule,0.888,0.8016049885652027,1.0,,,,
internal_percentage,20266716,4.0,0.2,internal_without_elimination,1.0,1.0,1.0,,,,
internal_percentage,20266716,5.0,0.0,internal_full_rule,1.0,0.8467480071932764,1.0,,,,
internal_percentage,20266716,5.0,0.0,internal_without_elimination,1.0,1.0,1.0,,,,
internal_percentage,20266716,5.0,0.05,internal_full_rule,0.98,0.846115552816956,1.0,,,,
internal_percentage,20266716,5.0,0.05,internal_without_elimination,1.0,1.0,1.0,,,,
internal_percentage,20266716,5.0,0.1,internal_full_rule,0.964,0.8426269855231383,1.0,,,,
internal_percentage,20266716,5.0,0.1,internal_without_elimination,1.0,1.0,1.0,,,,
internal_percentage,20266716,5.0,0.2,internal_full_rule,0.904,0.8302527440995786,1.0,,,,
internal_percentage,20266716,5.0,0.2,internal_without_elimination,1.0,1.0,1.0,,,,
internal_percentage,20266716,6.0,0.0,internal_full_rule,1.0,0.8636183033514305,1.0,,,,
internal_percentage,20266716,6.0,0.0,internal_without_elimination,1.0,1.0,1.0,,,,
internal_percentage,20266716,6.0,0.05,internal_full_rule,0.976,0.8620577281312897,1.0,,,,
internal_percentage,20266716,6.0,0.05,internal_without_elimination,1.0,1.0,1.0,,,,
internal_percentage,20266716,6.0,0.1,internal_full_rule,0.952,0.8612965902739946,1.0,,,,
internal_percentage,20266716,6.0,0.1,internal_without_elimination,1.0,1.0,1.0,,,,
internal_percentage,20266716,6.0,0.2,internal_full_rule,0.92,0.8537488577400378,1.0,,,,
internal_percentage,20266716,6.0,0.2,internal_without_elimination,1.0,1.0,1.0,,,,
internal_percentage,20267716,4.0,0.0,internal_full_rule,1.0,0.8276735754988755,1.0,,,,
internal_percentage,20267716,4.0,0.0,internal_without_elimination,1.0,1.0,1.0,,,,
internal_percentage,20267716,4.0,0.05,internal_full_rule,0.956,0.8153365369624502,1.0,,,,
internal_percentage,20267716,4.0,0.05,internal_without_elimination,1.0,1.0,1.0,,,,
internal_percentage,20267716,4.0,0.1,internal_full_rule,0.968,0.815559248217303,1.0,,,,
internal_percentage,20267716,4.0,0.1,internal_without_elimination,1.0,1.0,1.0,,,,
internal_percentage,20267716,4.0,0.2,internal_full_rule,0.896,0.8115005737611041,1.0,,,,
internal_percentage,20267716,4.0,0.2,internal_without_elimination,1.0,1.0,1.0,,,,
internal_percentage,20267716,5.0,0.0,internal_full_rule,1.0,0.8489319504500569,1.0,,,,
internal_percentage,20267716,5.0,0.0,internal_without_elimination,1.0,1.0,1.0,,,,
internal_percentage,20267716,5.0,0.05,internal_full_rule,0.988,0.8493058117594656,1.0,,,,
internal_percentage,20267716,5.0,0.05,internal_without_elimination,1.0,1.0,1.0,,,,
internal_percentage,20267716,5.0,0.1,internal_full_rule,0.956,0.8391640741684304,1.0,,,,
internal_percentage,20267716,5.0,0.1,internal_without_elimination,1.0,1.0,1.0,,,,
internal_percentage,20267716,5.0,0.2,internal_full_rule,0.888,0.824559215042243,1.0,,,,
internal_percentage,20267716,5.0,0.2,internal_without_elimination,1.0,1.0,1.0,,,,
internal_percentage,20267716,6.0,0.0,internal_full_rule,1.0,0.8610609359838067,1.0,,,,
internal_percentage,20267716,6.0,0.0,internal_without_elimination,1.0,1.0,1.0,,,,
internal_percentage,20267716,6.0,0.05,internal_full_rule,0.988,0.862948065281413,1.0,,,,
internal_percentage,20267716,6.0,0.05,internal_without_elimination,1.0,1.0,1.0,,,,
internal_percentage,20267716,6.0,0.1,internal_full_rule,0.948,0.8583629250730902,1.0,,,,
internal_percentage,20267716,6.0,0.1,internal_without_elimination,1.0,1.0,1.0,,,,
internal_percentage,20267716,6.0,0.2,internal_full_rule,0.924,0.8561058544813295,1.0,,,,
internal_percentage,20267716,6.0,0.2,internal_without_elimination,1.0,1.0,1.0,,,,
internal_percentage,20268716,4.0,0.0,internal_full_rule,1.0,0.8268134607235774,1.0,,,,
internal_percentage,20268716,4.0,0.0,internal_without_elimination,1.0,1.0,1.0,,,,
internal_percentage,20268716,4.0,0.05,internal_full_rule,0.98,0.8214220973734406,1.0,,,,
internal_percentage,20268716,4.0,0.05,internal_without_elimination,1.0,1.0,1.0,,,,
internal_percentage,20268716,4.0,0.1,internal_full_rule,0.956,0.8155455195476687,1.0,,,,
internal_percentage,20268716,4.0,0.1,internal_without_elimination,1.0,1.0,1.0,,,,
internal_percentage,20268716,4.0,0.2,internal_full_rule,0.896,0.7982199103394328,1.0,,,,
internal_percentage,20268716,4.0,0.2,internal_without_elimination,1.0,1.0,1.0,,,,
internal_percentage,20268716,5.0,0.0,internal_full_rule,1.0,0.8488324827841279,1.0,,,,
internal_percentage,20268716,5.0,0.0,internal_without_elimination,1.0,1.0,1.0,,,,
internal_percentage,20268716,5.0,0.05,internal_full_rule,0.98,0.8427795848611839,1.0,,,,
internal_percentage,20268716,5.0,0.05,internal_without_elimination,1.0,1.0,1.0,,,,
internal_percentage,20268716,5.0,0.1,internal_full_rule,0.976,0.8406579737784612,1.0,,,,
internal_percentage,20268716,5.0,0.1,internal_without_elimination,1.0,1.0,1.0,,,,
internal_percentage,20268716,5.0,0.2,internal_full_rule,0.948,0.8283448200680485,1.0,,,,
internal_percentage,20268716,5.0,0.2,internal_without_elimination,1.0,1.0,1.0,,,,
internal_percentage,20268716,6.0,0.0,internal_full_rule,1.0,0.8657282490069371,1.0,,,,
internal_percentage,20268716,6.0,0.0,internal_without_elimination,1.0,1.0,1.0,,,,
internal_percentage,20268716,6.0,0.05,internal_full_rule,0.984,0.8660119184892625,1.0,,,,
internal_percentage,20268716,6.0,0.05,internal_without_elimination,1.0,1.0,1.0,,,,
internal_percentage,20268716,6.0,0.1,internal_full_rule,0.964,0.8548426914088633,1.0,,,,
internal_percentage,20268716,6.0,0.1,internal_without_elimination,1.0,1.0,1.0,,,,
internal_percentage,20268716,6.0,0.2,internal_full_rule,0.928,0.8574422757516333,1.0,,,,
internal_percentage,20268716,6.0,0.2,internal_without_elimination,1.0,1.0,1.0,,,,
internal_percentage,20269716,4.0,0.0,internal_full_rule,1.0,0.8238160923492897,1.0,,,,
internal_percentage,20269716,4.0,0.0,internal_without_elimination,1.0,1.0,1.0,,,,
internal_percentage,20269716,4.0,0.05,internal_full_rule,0.98,0.8166973969305839,1.0,,,,
internal_percentage,20269716,4.0,0.05,internal_without_elimination,1.0,1.0,1.0,,,,
internal_percentage,20269716,4.0,0.1,internal_full_rule,0.968,0.8248878967272495,1.0,,,,
internal_percentage,20269716,4.0,0.1,internal_without_elimination,1.0,1.0,1.0,,,,
internal_percentage,20269716,4.0,0.2,internal_full_rule,0.908,0.8001510295408667,1.0,,,,
internal_percentage,20269716,4.0,0.2,internal_without_elimination,1.0,1.0,1.0,,,,
internal_percentage,20269716,5.0,0.0,internal_full_rule,1.0,0.841153047754399,1.0,,,,
internal_percentage,20269716,5.0,0.0,internal_without_elimination,1.0,1.0,1.0,,,,
internal_percentage,20269716,5.0,0.05,internal_full_rule,0.984,0.8415893266134012,1.0,,,,
internal_percentage,20269716,5.0,0.05,internal_without_elimination,1.0,1.0,1.0,,,,
internal_percentage,20269716,5.0,0.1,internal_full_rule,0.976,0.8443331246471111,1.0,,,,
internal_percentage,20269716,5.0,0.1,internal_without_elimination,1.0,1.0,1.0,,,,
internal_percentage,20269716,5.0,0.2,internal_full_rule,0.908,0.8314200350464972,1.0,,,,
internal_percentage,20269716,5.0,0.2,internal_without_elimination,1.0,1.0,1.0,,,,
internal_percentage,20269716,6.0,0.0,internal_full_rule,1.0,0.8661592199625212,1.0,,,,
internal_percentage,20269716,6.0,0.0,internal_without_elimination,1.0,1.0,1.0,,,,
internal_percentage,20269716,6.0,0.05,internal_full_rule,0.98,0.8662430302852583,1.0,,,,
internal_percentage,20269716,6.0,0.05,internal_without_elimination,1.0,1.0,1.0,,,,
internal_percentage,20269716,6.0,0.1,internal_full_rule,0.964,0.8594199737123542,1.0,,,,
internal_percentage,20269716,6.0,0.1,internal_without_elimination,1.0,1.0,1.0,,,,
internal_percentage,20269716,6.0,0.2,internal_full_rule,0.904,0.84849611325502,1.0,,,,
internal_percentage,20269716,6.0,0.2,internal_without_elimination,1.0,1.0,1.0,,,,
internal_percentage,20270716,4.0,0.0,internal_full_rule,1.0,0.8211519928551431,1.0,,,,
internal_percentage,20270716,4.0,0.0,internal_without_elimination,1.0,1.0,1.0,,,,
internal_percentage,20270716,4.0,0.05,internal_full_rule,0.98,0.8180032417822501,1.0,,,,
internal_percentage,20270716,4.0,0.05,internal_without_elimination,1.0,1.0,1.0,,,,
internal_percentage,20270716,4.0,0.1,internal_full_rule,0.952,0.8152891064805425,1.0,,,,
internal_percentage,20270716,4.0,0.1,internal_without_elimination,1.0,1.0,1.0,,,,
internal_percentage,20270716,4.0,0.2,internal_full_rule,0.904,0.8037005116377366,1.0,,,,
internal_percentage,20270716,4.0,0.2,internal_without_elimination,1.0,1.0,1.0,,,,
internal_percentage,20270716,5.0,0.0,internal_full_rule,1.0,0.8469239947850673,1.0,,,,
internal_percentage,20270716,5.0,0.0,internal_without_elimination,1.0,1.0,1.0,,,,
internal_percentage,20270716,5.0,0.05,internal_full_rule,0.98,0.8409890834668188,1.0,,,,
internal_percentage,20270716,5.0,0.05,internal_without_elimination,1.0,1.0,1.0,,,,
internal_percentage,20270716,5.0,0.1,internal_full_rule,0.952,0.8386346709374952,1.0,,,,
internal_percentage,20270716,5.0,0.1,internal_without_elimination,1.0,1.0,1.0,,,,
internal_percentage,20270716,5.0,0.2,internal_full_rule,0.94,0.8351949542690814,1.0,,,,
internal_percentage,20270716,5.0,0.2,internal_without_elimination,1.0,1.0,1.0,,,,
internal_percentage,20270716,6.0,0.0,internal_full_rule,1.0,0.8595344240707224,1.0,,,,
internal_percentage,20270716,6.0,0.0,internal_without_elimination,1.0,1.0,1.0,,,,
internal_percentage,20270716,6.0,0.05,internal_full_rule,0.964,0.862379592661383,1.0,,,,
internal_percentage,20270716,6.0,0.05,internal_without_elimination,1.0,1.0,1.0,,,,
internal_percentage,20270716,6.0,0.1,internal_full_rule,0.968,0.8586401955534537,1.0,,,,
internal_percentage,20270716,6.0,0.1,internal_without_elimination,1.0,1.0,1.0,,,,
internal_percentage,20270716,6.0,0.2,internal_full_rule,0.92,0.8526367843553071,1.0,,,,
internal_percentage,20270716,6.0,0.2,internal_without_elimination,1.0,1.0,1.0,,,,
internal_percentage,20271716,4.0,0.0,internal_full_rule,1.0,0.8233254898548906,1.0,,,,
internal_percentage,20271716,4.0,0.0,internal_without_elimination,1.0,1.0,1.0,,,,
internal_percentage,20271716,4.0,0.05,internal_full_rule,0.992,0.8228923288283008,1.0,,,,
internal_percentage,20271716,4.0,0.05,internal_without_elimination,1.0,1.0,1.0,,,,
internal_percentage,20271716,4.0,0.1,internal_full_rule,0.956,0.8146534875022844,1.0,,,,
internal_percentage,20271716,4.0,0.1,internal_without_elimination,1.0,1.0,1.0,,,,
internal_percentage,20271716,4.0,0.2,internal_full_rule,0.916,0.8114108033594045,1.0,,,,
internal_percentage,20271716,4.0,0.2,internal_without_elimination,1.0,1.0,1.0,,,,
internal_percentage,20271716,5.0,0.0,internal_full_rule,1.0,0.8431898403380661,1.0,,,,
internal_percentage,20271716,5.0,0.0,internal_without_elimination,1.0,1.0,1.0,,,,
internal_percentage,20271716,5.0,0.05,internal_full_rule,0.972,0.8425408136172302,1.0,,,,
internal_percentage,20271716,5.0,0.05,internal_without_elimination,1.0,1.0,1.0,,,,
internal_percentage,20271716,5.0,0.1,internal_full_rule,0.976,0.8395422694132126,1.0,,,,
internal_percentage,20271716,5.0,0.1,internal_without_elimination,1.0,1.0,1.0,,,,
internal_percentage,20271716,5.0,0.2,internal_full_rule,0.924,0.8364519465691495,1.0,,,,
internal_percentage,20271716,5.0,0.2,internal_without_elimination,1.0,1.0,1.0,,,,
internal_percentage,20271716,6.0,0.0,internal_full_rule,1.0,0.8613527622629344,1.0,,,,
internal_percentage,20271716,6.0,0.0,internal_without_elimination,1.0,1.0,1.0,,,,
internal_percentage,20271716,6.0,0.05,internal_full_rule,0.968,0.8605217495466648,1.0,,,,
internal_percentage,20271716,6.0,0.05,internal_without_elimination,1.0,1.0,1.0,,,,
internal_percentage,20271716,6.0,0.1,internal_full_rule,0.96,0.8588484639036307,1.0,,,,
internal_percentage,20271716,6.0,0.1,internal_without_elimination,1.0,1.0,1.0,,,,
internal_percentage,20271716,6.0,0.2,internal_full_rule,0.916,0.8498910979689921,1.0,,,,
internal_percentage,20271716,6.0,0.2,internal_without_elimination,1.0,1.0,1.0,,,,
internal_percentage,20272716,4.0,0.0,internal_full_rule,1.0,0.8244310505226414,1.0,,,,
internal_percentage,20272716,4.0,0.0,internal_without_elimination,1.0,1.0,1.0,,,,
internal_percentage,20272716,4.0,0.05,internal_full_rule,0.976,0.8226839980959404,1.0,,,,
internal_percentage,20272716,4.0,0.05,internal_without_elimination,1.0,1.0,1.0,,,,
internal_percentage,20272716,4.0,0.1,internal_full_rule,0.96,0.813199665507731,1.0,,,,
internal_percentage,20272716,4.0,0.1,internal_without_elimination,1.0,1.0,1.0,,,,
internal_percentage,20272716,4.0,0.2,internal_full_rule,0.9,0.8005324003825423,1.0,,,,
internal_percentage,20272716,4.0,0.2,internal_without_elimination,1.0,1.0,1.0,,,,
internal_percentage,20272716,5.0,0.0,internal_full_rule,1.0,0.8495063697146756,1.0,,,,
internal_percentage,20272716,5.0,0.0,internal_without_elimination,1.0,1.0,1.0,,,,
internal_percentage,20272716,5.0,0.05,internal_full_rule,0.984,0.8444492487689272,1.0,,,,
internal_percentage,20272716,5.0,0.05,internal_without_elimination,1.0,1.0,1.0,,,,
internal_percentage,20272716,5.0,0.1,internal_full_rule,0.96,0.8355710817826201,1.0,,,,
internal_percentage,20272716,5.0,0.1,internal_without_elimination,1.0,1.0,1.0,,,,
internal_percentage,20272716,5.0,0.2,internal_full_rule,0.94,0.8428123386523775,1.0,,,,
internal_percentage,20272716,5.0,0.2,internal_without_elimination,1.0,1.0,1.0,,,,
internal_percentage,20272716,6.0,0.0,internal_full_rule,1.0,0.8639808447541971,1.0,,,,
internal_percentage,20272716,6.0,0.0,internal_without_elimination,1.0,1.0,1.0,,,,
internal_percentage,20272716,6.0,0.05,internal_full_rule,0.972,0.8606195280727285,1.0,,,,
internal_percentage,20272716,6.0,0.05,internal_without_elimination,1.0,1.0,1.0,,,,
internal_percentage,20272716,6.0,0.1,internal_full_rule,0.944,0.85491837088036,1.0,,,,
internal_percentage,20272716,6.0,0.1,internal_without_elimination,1.0,1.0,1.0,,,,
internal_percentage,20272716,6.0,0.2,internal_full_rule,0.92,0.8550245151533267,1.0,,,,
internal_percentage,20272716,6.0,0.2,internal_without_elimination,1.0,1.0,1.0,,,,
internal_percentage,20273716,4.0,0.0,internal_full_rule,1.0,0.8212426173013017,1.0,,,,
internal_percentage,20273716,4.0,0.0,internal_without_elimination,1.0,1.0,1.0,,,,
internal_percentage,20273716,4.0,0.05,internal_full_rule,0.988,0.8218707878793128,1.0,,,,
internal_percentage,20273716,4.0,0.05,internal_without_elimination,1.0,1.0,1.0,,,,
internal_percentage,20273716,4.0,0.1,internal_full_rule,0.984,0.8206905525783383,1.0,,,,
internal_percentage,20273716,4.0,0.1,internal_without_elimination,1.0,1.0,1.0,,,,
internal_percentage,20273716,4.0,0.2,internal_full_rule,0.932,0.8119500354266065,1.0,,,,
internal_percentage,20273716,4.0,0.2,internal_without_elimination,1.0,1.0,1.0,,,,
internal_percentage,20273716,5.0,0.0,internal_full_rule,1.0,0.84991470147973,1.0,,,,
internal_percentage,20273716,5.0,0.0,internal_without_elimination,1.0,1.0,1.0,,,,
internal_percentage,20273716,5.0,0.05,internal_full_rule,0.988,0.8423602433748977,1.0,,,,
internal_percentage,20273716,5.0,0.05,internal_without_elimination,1.0,1.0,1.0,,,,
internal_percentage,20273716,5.0,0.1,internal_full_rule,0.944,0.8409279974820475,1.0,,,,
internal_percentage,20273716,5.0,0.1,internal_without_elimination,1.0,1.0,1.0,,,,
internal_percentage,20273716,5.0,0.2,internal_full_rule,0.92,0.8336227505066013,1.0,,,,
internal_percentage,20273716,5.0,0.2,internal_without_elimination,1.0,1.0,1.0,,,,
internal_percentage,20273716,6.0,0.0,internal_full_rule,1.0,0.8671758900131302,1.0,,,,
internal_percentage,20273716,6.0,0.0,internal_without_elimination,1.0,1.0,1.0,,,,
internal_percentage,20273716,6.0,0.05,internal_full_rule,0.98,0.8584358259191058,1.0,,,,
internal_percentage,20273716,6.0,0.05,internal_without_elimination,1.0,1.0,1.0,,,,
internal_percentage,20273716,6.0,0.1,internal_full_rule,0.964,0.8582942255817606,1.0,,,,
internal_percentage,20273716,6.0,0.1,internal_without_elimination,1.0,1.0,1.0,,,,
internal_percentage,20273716,6.0,0.2,internal_full_rule,0.904,0.8544714865736157,1.0,,,,
internal_percentage,20273716,6.0,0.2,internal_without_elimination,1.0,1.0,1.0,,,,
internal_percentage,20274716,4.0,0.0,internal_full_rule,1.0,0.825450349802239,1.0,,,,
internal_percentage,20274716,4.0,0.0,internal_without_elimination,1.0,1.0,1.0,,,,
internal_percentage,20274716,4.0,0.05,internal_full_rule,0.968,0.8263699950634685,1.0,,,,
internal_percentage,20274716,4.0,0.05,internal_without_elimination,1.0,1.0,1.0,,,,
internal_percentage,20274716,4.0,0.1,internal_full_rule,0.964,0.8153096526465872,1.0,,,,
internal_percentage,20274716,4.0,0.1,internal_without_elimination,1.0,1.0,1.0,,,,
internal_percentage,20274716,4.0,0.2,internal_full_rule,0.912,0.8088230973905597,1.0,,,,
internal_percentage,20274716,4.0,0.2,internal_without_elimination,1.0,1.0,1.0,,,,
internal_percentage,20274716,5.0,0.0,internal_full_rule,1.0,0.8481342682297186,1.0,,,,
internal_percentage,20274716,5.0,0.0,internal_without_elimination,1.0,1.0,1.0,,,,
internal_percentage,20274716,5.0,0.05,internal_full_rule,0.976,0.8393918204659063,1.0,,,,
internal_percentage,20274716,5.0,0.05,internal_without_elimination,1.0,1.0,1.0,,,,
internal_percentage,20274716,5.0,0.1,internal_full_rule,0.972,0.8413458755739757,1.0,,,,
internal_percentage,20274716,5.0,0.1,internal_without_elimination,1.0,1.0,1.0,,,,
internal_percentage,20274716,5.0,0.2,internal_full_rule,0.9,0.8288851893988597,1.0,,,,
internal_percentage,20274716,5.0,0.2,internal_without_elimination,1.0,1.0,1.0,,,,
internal_percentage,20274716,6.0,0.0,internal_full_rule,1.0,0.8666262054320973,1.0,,,,
internal_percentage,20274716,6.0,0.0,internal_without_elimination,1.0,1.0,1.0,,,,
internal_percentage,20274716,6.0,0.05,internal_full_rule,0.988,0.8656419709058605,1.0,,,,
internal_percentage,20274716,6.0,0.05,internal_without_elimination,1.0,1.0,1.0,,,,
internal_percentage,20274716,6.0,0.1,internal_full_rule,0.952,0.8615665223269321,1.0,,,,
internal_percentage,20274716,6.0,0.1,internal_without_elimination,1.0,1.0,1.0,,,,
internal_percentage,20274716,6.0,0.2,internal_full_rule,0.916,0.8514816787131674,1.0,,,,
internal_percentage,20274716,6.0,0.2,internal_without_elimination,1.0,1.0,1.0,,,,
internal_percentage,20275716,4.0,0.0,internal_full_rule,1.0,0.8251939935457075,1.0,,,,
internal_percentage,20275716,4.0,0.0,internal_without_elimination,1.0,1.0,1.0,,,,
internal_percentage,20275716,4.0,0.05,internal_full_rule,0.976,0.8178092549251899,1.0,,,,
internal_percentage,20275716,4.0,0.05,internal_without_elimination,1.0,1.0,1.0,,,,
internal_percentage,20275716,4.0,0.1,internal_full_rule,0.944,0.8164816061936258,1.0,,,,
internal_percentage,20275716,4.0,0.1,internal_without_elimination,1.0,1.0,1.0,,,,
internal_percentage,20275716,4.0,0.2,internal_full_rule,0.888,0.8048283435810027,1.0,,,,
internal_percentage,20275716,4.0,0.2,internal_without_elimination,1.0,1.0,1.0,,,,
internal_percentage,20275716,5.0,0.0,internal_full_rule,1.0,0.841633464635245,1.0,,,,
internal_percentage,20275716,5.0,0.0,internal_without_elimination,1.0,1.0,1.0,,,,
internal_percentage,20275716,5.0,0.05,internal_full_rule,0.98,0.8448212693758942,1.0,,,,
internal_percentage,20275716,5.0,0.05,internal_without_elimination,1.0,1.0,1.0,,,,
internal_percentage,20275716,5.0,0.1,internal_full_rule,0.952,0.8416789462879223,1.0,,,,
internal_percentage,20275716,5.0,0.1,internal_without_elimination,1.0,1.0,1.0,,,,
internal_percentage,20275716,5.0,0.2,internal_full_rule,0.932,0.8350514076735538,1.0,,,,
internal_percentage,20275716,5.0,0.2,internal_without_elimination,1.0,1.0,1.0,,,,
internal_percentage,20275716,6.0,0.0,internal_full_rule,1.0,0.8635084107884022,1.0,,,,
internal_percentage,20275716,6.0,0.0,internal_without_elimination,1.0,1.0,1.0,,,,
internal_percentage,20275716,6.0,0.05,internal_full_rule,0.98,0.8622624436643821,1.0,,,,
internal_percentage,20275716,6.0,0.05,internal_without_elimination,1.0,1.0,1.0,,,,
internal_percentage,20275716,6.0,0.1,internal_full_rule,0.948,0.8608237425690695,1.0,,,,
internal_percentage,20275716,6.0,0.1,internal_without_elimination,1.0,1.0,1.0,,,,
internal_percentage,20275716,6.0,0.2,internal_full_rule,0.952,0.8641136821659625,1.0,,,,
internal_percentage,20275716,6.0,0.2,internal_without_elimination,1.0,1.0,1.0,,,,
internal_percentage,20276716,4.0,0.0,internal_full_rule,1.0,0.8215233626285834,1.0,,,,
internal_percentage,20276716,4.0,0.0,internal_without_elimination,1.0,1.0,1.0,,,,
internal_percentage,20276716,4.0,0.05,internal_full_rule,0.952,0.8218397323685964,1.0,,,,
internal_percentage,20276716,4.0,0.05,internal_without_elimination,1.0,1.0,1.0,,,,
internal_percentage,20276716,4.0,0.1,internal_full_rule,0.96,0.8181958974084237,1.0,,,,
internal_percentage,20276716,4.0,0.1,internal_without_elimination,1.0,1.0,1.0,,,,
internal_percentage,20276716,4.0,0.2,internal_full_rule,0.908,0.8083312801336657,1.0,,,,
internal_percentage,20276716,4.0,0.2,internal_without_elimination,1.0,1.0,1.0,,,,
internal_percentage,20276716,5.0,0.0,internal_full_rule,1.0,0.8490707475719492,1.0,,,,
internal_percentage,20276716,5.0,0.0,internal_without_elimination,1.0,1.0,1.0,,,,
internal_percentage,20276716,5.0,0.05,internal_full_rule,0.976,0.8397148329811163,1.0,,,,
internal_percentage,20276716,5.0,0.05,internal_without_elimination,1.0,1.0,1.0,,,,
internal_percentage,20276716,5.0,0.1,internal_full_rule,0.956,0.8429189534271507,1.0,,,,
internal_percentage,20276716,5.0,0.1,internal_without_elimination,1.0,1.0,1.0,,,,
internal_percentage,20276716,5.0,0.2,internal_full_rule,0.908,0.8301749886472747,1.0,,,,
internal_percentage,20276716,5.0,0.2,internal_without_elimination,1.0,1.0,1.0,,,,
internal_percentage,20276716,6.0,0.0,internal_full_rule,1.0,0.8626789403856889,1.0,,,,
internal_percentage,20276716,6.0,0.0,internal_without_elimination,1.0,1.0,1.0,,,,
internal_percentage,20276716,6.0,0.05,internal_full_rule,0.964,0.8592541344860186,1.0,,,,
internal_percentage,20276716,6.0,0.05,internal_without_elimination,1.0,1.0,1.0,,,,
internal_percentage,20276716,6.0,0.1,internal_full_rule,0.972,0.8650557382653085,1.0,,,,
internal_percentage,20276716,6.0,0.1,internal_without_elimination,1.0,1.0,1.0,,,,
internal_percentage,20276716,6.0,0.2,internal_full_rule,0.952,0.856064609455898,1.0,,,,
internal_percentage,20276716,6.0,0.2,internal_without_elimination,1.0,1.0,1.0,,,,
internal_percentage,20277716,4.0,0.0,internal_full_rule,1.0,0.82372710491575,1.0,,,,
internal_percentage,20277716,4.0,0.0,internal_without_elimination,1.0,1.0,1.0,,,,
internal_percentage,20277716,4.0,0.05,internal_full_rule,0.984,0.8185937816512734,1.0,,,,
internal_percentage,20277716,4.0,0.05,internal_without_elimination,1.0,1.0,1.0,,,,
internal_percentage,20277716,4.0,0.1,internal_full_rule,0.928,0.8043554311393947,1.0,,,,
internal_percentage,20277716,4.0,0.1,internal_without_elimination,1.0,1.0,1.0,,,,
internal_percentage,20277716,4.0,0.2,internal_full_rule,0.928,0.8114774892414126,1.0,,,,
internal_percentage,20277716,4.0,0.2,internal_without_elimination,1.0,1.0,1.0,,,,
internal_percentage,20277716,5.0,0.0,internal_full_rule,1.0,0.840189205906172,1.0,,,,
internal_percentage,20277716,5.0,0.0,internal_without_elimination,1.0,1.0,1.0,,,,
internal_percentage,20277716,5.0,0.05,internal_full_rule,0.96,0.8369665361281218,1.0,,,,
internal_percentage,20277716,5.0,0.05,internal_without_elimination,1.0,1.0,1.0,,,,
internal_percentage,20277716,5.0,0.1,internal_full_rule,0.952,0.838807431094822,1.0,,,,
internal_percentage,20277716,5.0,0.1,internal_without_elimination,1.0,1.0,1.0,,,,
internal_percentage,20277716,5.0,0.2,internal_full_rule,0.928,0.8332227626497308,1.0,,,,
internal_percentage,20277716,5.0,0.2,internal_without_elimination,1.0,1.0,1.0,,,,
internal_percentage,20277716,6.0,0.0,internal_full_rule,1.0,0.8652780535239765,1.0,,,,
internal_percentage,20277716,6.0,0.0,internal_without_elimination,1.0,1.0,1.0,,,,
internal_percentage,20277716,6.0,0.05,internal_full_rule,0.984,0.8582639910326483,1.0,,,,
internal_percentage,20277716,6.0,0.05,internal_without_elimination,1.0,1.0,1.0,,,,
internal_percentage,20277716,6.0,0.1,internal_full_rule,0.96,0.8620275763097185,1.0,,,,
internal_percentage,20277716,6.0,0.1,internal_without_elimination,1.0,1.0,1.0,,,,
internal_percentage,20277716,6.0,0.2,internal_full_rule,0.912,0.8539428636511125,1.0,,,,
internal_percentage,20277716,6.0,0.2,internal_without_elimination,1.0,1.0,1.0,,,,
internal_percentage,20278716,4.0,0.0,internal_full_rule,1.0,0.8267448460094875,1.0,,,,
internal_percentage,20278716,4.0,0.0,internal_without_elimination,1.0,1.0,1.0,,,,
internal_percentage,20278716,4.0,0.05,internal_full_rule,0.972,0.819565751087997,1.0,,,,
internal_percentage,20278716,4.0,0.05,internal_without_elimination,1.0,1.0,1.0,,,,
internal_percentage,20278716,4.0,0.1,internal_full_rule,0.96,0.8151525888337874,1.0,,,,
internal_percentage,20278716,4.0,0.1,internal_without_elimination,1.0,1.0,1.0,,,,
internal_percentage,20278716,4.0,0.2,internal_full_rule,0.904,0.8076638936756709,1.0,,,,
internal_percentage,20278716,4.0,0.2,internal_without_elimination,1.0,1.0,1.0,,,,
internal_percentage,20278716,5.0,0.0,internal_full_rule,1.0,0.8479268975286934,1.0,,,,
internal_percentage,20278716,5.0,0.0,internal_without_elimination,1.0,1.0,1.0,,,,
internal_percentage,20278716,5.0,0.05,internal_full_rule,0.984,0.8428902104141541,1.0,,,,
internal_percentage,20278716,5.0,0.05,internal_without_elimination,1.0,1.0,1.0,,,,
internal_percentage,20278716,5.0,0.1,internal_full_rule,0.94,0.8321955254365615,1.0,,,,
internal_percentage,20278716,5.0,0.1,internal_without_elimination,1.0,1.0,1.0,,,,
internal_percentage,20278716,5.0,0.2,internal_full_rule,0.908,0.8298799038849037,1.0,,,,
internal_percentage,20278716,5.0,0.2,internal_without_elimination,1.0,1.0,1.0,,,,
internal_percentage,20278716,6.0,0.0,internal_full_rule,1.0,0.8669281887641649,1.0,,,,
internal_percentage,20278716,6.0,0.0,internal_without_elimination,1.0,1.0,1.0,,,,
internal_percentage,20278716,6.0,0.05,internal_full_rule,0.968,0.8583662862799465,1.0,,,,
internal_percentage,20278716,6.0,0.05,internal_without_elimination,1.0,1.0,1.0,,,,
internal_percentage,20278716,6.0,0.1,internal_full_rule,0.94,0.8609267844487154,1.0,,,,
internal_percentage,20278716,6.0,0.1,internal_without_elimination,1.0,1.0,1.0,,,,
internal_percentage,20278716,6.0,0.2,internal_full_rule,0.892,0.8503372654104303,1.0,,,,
internal_percentage,20278716,6.0,0.2,internal_without_elimination,1.0,1.0,1.0,,,,
internal_percentage,20279716,4.0,0.0,internal_full_rule,1.0,0.8148177874230833,1.0,,,,
internal_percentage,20279716,4.0,0.0,internal_without_elimination,1.0,1.0,1.0,,,,
internal_percentage,20279716,4.0,0.05,internal_full_rule,0.988,0.8222146194355283,1.0,,,,
internal_percentage,20279716,4.0,0.05,internal_without_elimination,1.0,1.0,1.0,,,,
internal_percentage,20279716,4.0,0.1,internal_full_rule,0.94,0.8078754672088876,1.0,,,,
internal_percentage,20279716,4.0,0.1,internal_without_elimination,1.0,1.0,1.0,,,,
internal_percentage,20279716,4.0,0.2,internal_full_rule,0.896,0.8078377840150646,1.0,,,,
internal_percentage,20279716,4.0,0.2,internal_without_elimination,1.0,1.0,1.0,,,,
internal_percentage,20279716,5.0,0.0,internal_full_rule,1.0,0.8431590459991517,1.0,,,,
internal_percentage,20279716,5.0,0.0,internal_without_elimination,1.0,1.0,1.0,,,,
internal_percentage,20279716,5.0,0.05,internal_full_rule,0.976,0.842225221581026,1.0,,,,
internal_percentage,20279716,5.0,0.05,internal_without_elimination,1.0,1.0,1.0,,,,
internal_percentage,20279716,5.0,0.1,internal_full_rule,0.96,0.838204684955677,1.0,,,,
internal_percentage,20279716,5.0,0.1,internal_without_elimination,1.0,1.0,1.0,,,,
internal_percentage,20279716,5.0,0.2,internal_full_rule,0.912,0.8305558276357915,1.0,,,,
internal_percentage,20279716,5.0,0.2,internal_without_elimination,1.0,1.0,1.0,,,,
internal_percentage,20279716,6.0,0.0,internal_full_rule,1.0,0.8647926779627286,1.0,,,,
internal_percentage,20279716,6.0,0.0,internal_without_elimination,1.0,1.0,1.0,,,,
internal_percentage,20279716,6.0,0.05,internal_full_rule,0.972,0.8617255371004775,1.0,,,,
internal_percentage,20279716,6.0,0.05,internal_without_elimination,1.0,1.0,1.0,,,,
internal_percentage,20279716,6.0,0.1,internal_full_rule,0.972,0.863458142262528,1.0,,,,
internal_percentage,20279716,6.0,0.1,internal_without_elimination,1.0,1.0,1.0,,,,
internal_percentage,20279716,6.0,0.2,internal_full_rule,0.916,0.8510060618858474,1.0,,,,
internal_percentage,20279716,6.0,0.2,internal_without_elimination,1.0,1.0,1.0,,,,
external_ordinal,20260716,,,external_full,1.0,0.7861111111111111,1.0,6.0,3.0,0.0,71.71111111111112
external_ordinal,20260716,,,external_without_disclosure,1.0,0.9504166666666667,1.0,6.0,3.0,0.0,146.77222222222224
external_ordinal,20260716,,,external_without_elimination,1.0,0.888888888888889,1.0,6.0,3.0,0.0,144.0
external_ordinal,20260716,,,external_without_save,0.2833333333333333,0.7305555555555556,0.9916666666666667,6.0,3.0,0.7083333333333334,66.67222222222223
external_ordinal,20260716,,,external_without_tie_handling,0.9416666666666667,0.785462962962963,1.0,6.0,3.0,0.058333333333333334,73.64722222222221
external_ordinal,20260716,,,external_full,1.0,0.8677645502645502,1.0,7.0,3.0,0.0,438.89444444444445
external_ordinal,20260716,,,external_without_disclosure,1.0,0.9630886243386243,1.0,7.0,3.0,0.0,892.7361111111111
external_ordinal,20260716,,,external_without_elimination,1.0,0.9285714285714284,1.0,7.0,3.0,0.0,980.0
external_ordinal,20260716,,,external_without_save,0.23333333333333334,0.8316534391534393,1.0,7.0,3.0,0.7666666666666667,411.2611111111111
external_ordinal,20260716,,,external_without_tie_handling,0.9666666666666667,0.8764880952380952,1.0,7.0,3.0,0.03333333333333333,459.51388888888886
external_ordinal,20260716,,,external_full,1.0,0.8352132936507937,1.0,7.0,4.0,0.0,329.06666666666666
external_ordinal,20260716,,,external_without_disclosure,1.0,0.9604613095238095,1.0,7.0,4.0,0.0,670.10625
external_ordinal,20260716,,,external_without_elimination,1.0,0.9047619047619048,1.0,7.0,4.0,0.0,738.0
external_ordinal,20260716,,,external_without_save,0.041666666666666664,0.7444146825396826,1.0,7.0,4.0,0.9583333333333334,307.68333333333334
external_ordinal,20260716,,,external_without_tie_handling,0.9333333333333333,0.8379017857142858,1.0,7.0,4.0,0.06666666666666667,342.825
external_ordinal,20261716,,,external_full,1.0,0.7920833333333334,1.0,6.0,3.0,0.0,69.64166666666667
external_ordinal,20261716,,,external_without_disclosure,1.0,0.9497222222222222,1.0,6.0,3.0,0.0,143.825
external_ordinal,20261716,,,external_without_elimination,1.0,0.888888888888889,1.0,6.0,3.0,0.0,144.0
external_ordinal,20261716,,,external_without_save,0.25833333333333336,0.7376388888888888,0.9916666666666667,6.0,3.0,0.7333333333333333,64.76944444444445
external_ordinal,20261716,,,external_without_tie_handling,0.9583333333333334,0.8002546296296296,0.9916666666666667,6.0,3.0,0.03333333333333333,71.57222222222222
external_ordinal,20261716,,,external_full,1.0,0.8663955026455027,1.0,7.0,3.0,0.0,431.8444444444445
external_ordinal,20261716,,,external_without_disclosure,1.0,0.9632936507936507,1.0,7.0,3.0,0.0,879.1388888888889
external_ordinal,20261716,,,external_without_elimination,1.0,0.9285714285714284,1.0,7.0,3.0,0.0,980.0
external_ordinal,20261716,,,external_without_save,0.175,0.8253769841269841,1.0,7.0,3.0,0.825,405.5027777777778
external_ordinal,20261716,,,external_without_tie_handling,0.9333333333333333,0.8721097883597884,1.0,7.0,3.0,0.06666666666666667,452.5722222222222
external_ordinal,20261716,,,external_full,1.0,0.8317708333333333,1.0,7.0,4.0,0.0,337.45416666666665
external_ordinal,20261716,,,external_without_disclosure,1.0,0.960406746031746,1.0,7.0,4.0,0.0,685.9041666666667
external_ordinal,20261716,,,external_without_elimination,1.0,0.9047619047619048,1.0,7.0,4.0,0.0,738.0
external_ordinal,20261716,,,external_without_save,0.041666666666666664,0.7446709656084656,0.9833333333333333,7.0,4.0,0.9416666666666667,316.00625
external_ordinal,20261716,,,external_without_tie_handling,0.8916666666666667,0.8362698412698413,1.0,7.0,4.0,0.10833333333333334,347.5375
external_ordinal,20262716,,,external_full,1.0,0.7962037037037037,1.0,6.0,3.0,0.0,72.23611111111111
external_ordinal,20262716,,,external_without_disclosure,1.0,0.957962962962963,1.0,6.0,3.0,0.0,148.27777777777777
external_ordinal,20262716,,,external_without_elimination,1.0,0.888888888888889,1.0,6.0,3.0,0.0,144.0
external_ordinal,20262716,,,external_without_save,0.15833333333333333,0.7380555555555556,0.9916666666666667,6.0,3.0,0.8333333333333334,67.27777777777777
external_ordinal,20262716,,,external_without_tie_handling,0.9666666666666667,0.8009259259259259,1.0,6.0,3.0,0.03333333333333333,74.39444444444445
external_ordinal,20262716,,,external_full,1.0,0.8567526455026455,1.0,7.0,3.0,0.0,431.84166666666664
external_ordinal,20262716,,,external_without_disclosure,1.0,0.9583531746031746,1.0,7.0,3.0,0.0,885.5083333333333
external_ordinal,20262716,,,external_without_elimination,1.0,0.9285714285714284,1.0,7.0,3.0,0.0,980.0
external_ordinal,20262716,,,external_without_save,0.19166666666666668,0.8187896825396825,1.0,7.0,3.0,0.8083333333333333,404.3861111111111
external_ordinal,20262716,,,external_without_tie_handling,0.9083333333333333,0.8617592592592592,1.0,7.0,3.0,0.09166666666666666,450.6638888888889
external_ordinal,20262716,,,external_full,1.0,0.8321825396825397,1.0,7.0,4.0,0.0,328.7083333333333
external_ordinal,20262716,,,external_without_disclosure,1.0,0.9600000000000001,1.0,7.0,4.0,0.0,677.55
external_ordinal,20262716,,,external_without_elimination,1.0,0.9047619047619048,1.0,7.0,4.0,0.0,738.0
external_ordinal,20262716,,,external_without_save,0.041666666666666664,0.7462681878306878,0.9666666666666667,7.0,4.0,0.925,307.15625
external_ordinal,20262716,,,external_without_tie_handling,0.9333333333333333,0.8348561507936508,1.0,7.0,4.0,0.06666666666666667,345.7
external_ordinal,20263716,,,external_full,1.0,0.7913888888888889,1.0,6.0,3.0,0.0,70.81944444444444
external_ordinal,20263716,,,external_without_disclosure,1.0,0.9525925925925927,1.0,6.0,3.0,0.0,145.08055555555558
external_ordinal,20263716,,,external_without_elimination,1.0,0.888888888888889,1.0,6.0,3.0,0.0,144.0
external_ordinal,20263716,,,external_without_save,0.275,0.7296296296296296,0.9916666666666667,6.0,3.0,0.7166666666666667,65.92777777777778
external_ordinal,20263716,,,external_without_tie_handling,0.9666666666666667,0.7974074074074075,1.0,6.0,3.0,0.03333333333333333,73.48055555555555
external_ordinal,20263716,,,external_full,1.0,0.8631746031746032,1.0,7.0,3.0,0.0,440.4777777777778
external_ordinal,20263716,,,external_without_disclosure,1.0,0.9643055555555555,1.0,7.0,3.0,0.0,903.4833333333333
external_ordinal,20263716,,,external_without_elimination,1.0,0.9285714285714284,1.0,7.0,3.0,0.0,980.0
external_ordinal,20263716,,,external_without_save,0.24166666666666667,0.8174338624338624,1.0,7.0,3.0,0.7583333333333333,413.5222222222222
external_ordinal,20263716,,,external_without_tie_handling,0.9333333333333333,0.8729166666666667,1.0,7.0,3.0,0.06666666666666667,467.2916666666667
external_ordinal,20263716,,,external_full,1.0,0.8306051587301587,1.0,7.0,4.0,0.0,324.98333333333335
external_ordinal,20263716,,,external_without_disclosure,1.0,0.9575099206349207,1.0,7.0,4.0,0.0,660.1125
external_ordinal,20263716,,,external_without_elimination,1.0,0.9047619047619048,1.0,7.0,4.0,0.0,738.0
external_ordinal,20263716,,,external_without_save,0.025,0.7475661375661375,0.9583333333333334,7.0,4.0,0.9333333333333333,303.79791666666665
external_ordinal,20263716,,,external_without_tie_handling,0.9166666666666666,0.8324503968253969,1.0,7.0,4.0,0.08333333333333333,339.04375
external_ordinal,20264716,,,external_full,1.0,0.7881944444444444,1.0,6.0,3.0,0.0,70.5
external_ordinal,20264716,,,external_without_disclosure,1.0,0.9540277777777778,1.0,6.0,3.0,0.0,145.36944444444444
external_ordinal,20264716,,,external_without_elimination,1.0,0.888888888888889,1.0,6.0,3.0,0.0,144.0
external_ordinal,20264716,,,external_without_save,0.24166666666666667,0.7342129629629629,0.975,6.0,3.0,0.7333333333333333,65.53333333333333
external_ordinal,20264716,,,external_without_tie_handling,0.9666666666666667,0.788425925925926,1.0,6.0,3.0,0.03333333333333333,72.05277777777778
external_ordinal,20264716,,,external_full,1.0,0.8675925925925926,1.0,7.0,3.0,0.0,441.0083333333333
external_ordinal,20264716,,,external_without_disclosure,1.0,0.9668915343915344,1.0,7.0,3.0,0.0,909.1
external_ordinal,20264716,,,external_without_elimination,1.0,0.9285714285714284,1.0,7.0,3.0,0.0,980.0
external_ordinal,20264716,,,external_without_save,0.175,0.8273148148148148,1.0,7.0,3.0,0.825,413.5305555555555
external_ordinal,20264716,,,external_without_tie_handling,0.9333333333333333,0.8737962962962963,1.0,7.0,3.0,0.06666666666666667,456.6638888888889
external_ordinal,20264716,,,external_full,1.0,0.833561507936508,1.0,7.0,4.0,0.0,327.40625
external_ordinal,20264716,,,external_without_disclosure,1.0,0.9604811507936508,1.0,7.0,4.0,0.0,672.66875
external_ordinal,20264716,,,external_without_elimination,1.0,0.9047619047619048,1.0,7.0,4.0,0.0,738.0
external_ordinal,20264716,,,external_without_save,0.075,0.7489368386243386,0.975,7.0,4.0,0.9,305.6625
external_ordinal,20264716,,,external_without_tie_handling,0.8833333333333333,0.8373809523809524,1.0,7.0,4.0,0.11666666666666667,341.11041666666665
external_ordinal,20265716,,,external_full,1.0,0.7999537037037037,1.0,6.0,3.0,0.0,72.38888888888889
external_ordinal,20265716,,,external_without_disclosure,1.0,0.961111111111111,1.0,6.0,3.0,0.0,148.10833333333332
external_ordinal,20265716,,,external_without_elimination,1.0,0.888888888888889,1.0,6.0,3.0,0.0,144.0
external_ordinal,20265716,,,external_without_save,0.25,0.7464351851851851,0.9916666666666667,6.0,3.0,0.7416666666666667,67.45833333333333
external_ordinal,20265716,,,external_without_tie_handling,0.9333333333333333,0.8012962962962963,1.0,6.0,3.0,0.06666666666666667,74.20555555555555
external_ordinal,20265716,,,external_full,1.0,0.8639616402116402,1.0,7.0,3.0,0.0,447.14444444444445
external_ordinal,20265716,,,external_without_disclosure,1.0,0.9621957671957672,1.0,7.0,3.0,0.0,913.4944444444444
external_ordinal,20265716,,,external_without_elimination,1.0,0.9285714285714284,1.0,7.0,3.0,0.0,980.0
external_ordinal,20265716,,,external_without_save,0.23333333333333334,0.8216468253968254,1.0,7.0,3.0,0.7666666666666667,419.6722222222222
external_ordinal,20265716,,,external_without_tie_handling,0.8916666666666667,0.8701455026455027,1.0,7.0,3.0,0.10833333333333334,462.27777777777777
external_ordinal,20265716,,,external_full,1.0,0.8372222222222222,1.0,7.0,4.0,0.0,328.26666666666665
external_ordinal,20265716,,,external_without_disclosure,1.0,0.9641815476190476,1.0,7.0,4.0,0.0,674.0979166666667
external_ordinal,20265716,,,external_without_elimination,1.0,0.9047619047619048,1.0,7.0,4.0,0.0,738.0
external_ordinal,20265716,,,external_without_save,0.025,0.7592609126984127,0.9666666666666667,7.0,4.0,0.9416666666666667,307.0416666666667
external_ordinal,20265716,,,external_without_tie_handling,0.925,0.8414285714285714,1.0,7.0,4.0,0.075,343.89375
external_ordinal,20266716,,,external_full,1.0,0.7976851851851853,1.0,6.0,3.0,0.0,71.23611111111111
external_ordinal,20266716,,,external_without_disclosure,1.0,0.9545833333333333,1.0,6.0,3.0,0.0,146.23055555555555
external_ordinal,20266716,,,external_without_elimination,1.0,0.888888888888889,1.0,6.0,3.0,0.0,144.0
external_ordinal,20266716,,,external_without_save,0.20833333333333334,0.7427777777777779,0.9916666666666667,6.0,3.0,0.7833333333333333,66.35
external_ordinal,20266716,,,external_without_tie_handling,0.9416666666666667,0.7993981481481481,0.9916666666666667,6.0,3.0,0.05,74.06111111111112
external_ordinal,20266716,,,external_full,1.0,0.8632473544973546,1.0,7.0,3.0,0.0,427.80833333333334
external_ordinal,20266716,,,external_without_disclosure,1.0,0.960324074074074,1.0,7.0,3.0,0.0,869.8944444444444
external_ordinal,20266716,,,external_without_elimination,1.0,0.9285714285714284,1.0,7.0,3.0,0.0,980.0
external_ordinal,20266716,,,external_without_save,0.23333333333333334,0.8256547619047618,1.0,7.0,3.0,0.7666666666666667,400.4166666666667
external_ordinal,20266716,,,external_without_tie_handling,0.875,0.8714616402116402,0.9916666666666667,7.0,3.0,0.11666666666666667,445.40277777777777
external_ordinal,20266716,,,external_full,1.0,0.8271329365079365,1.0,7.0,4.0,0.0,328.65833333333336
external_ordinal,20266716,,,external_without_disclosure,1.0,0.9547569444444444,1.0,7.0,4.0,0.0,673.7375
external_ordinal,20266716,,,external_without_elimination,1.0,0.9047619047619048,1.0,7.0,4.0,0.0,738.0
external_ordinal,20266716,,,external_without_save,0.041666666666666664,0.7396263227513227,0.9833333333333333,7.0,4.0,0.9416666666666667,307.87083333333334
external_ordinal,20266716,,,external_without_tie_handling,0.8833333333333333,0.8333035714285715,0.975,7.0,4.0,0.09166666666666666,342.94166666666666
external_ordinal,20267716,,,external_full,1.0,0.7879166666666666,1.0,6.0,3.0,0.0,69.56111111111112
external_ordinal,20267716,,,external_without_disclosure,1.0,0.9536574074074075,1.0,6.0,3.0,0.0,143.99166666666667
external_ordinal,20267716,,,external_without_elimination,1.0,0.888888888888889,1.0,6.0,3.0,0.0,144.0
external_ordinal,20267716,,,external_without_save,0.14166666666666666,0.7295833333333334,1.0,6.0,3.0,0.8583333333333333,64.55
external_ordinal,20267716,,,external_without_tie_handling,0.9416666666666667,0.789537037037037,1.0,6.0,3.0,0.058333333333333334,71.86666666666666
external_ordinal,20267716,,,external_full,1.0,0.8643386243386243,1.0,7.0,3.0,0.0,438.3722222222222
external_ordinal,20267716,,,external_without_disclosure,1.0,0.9621164021164021,1.0,7.0,3.0,0.0,899.1416666666667
external_ordinal,20267716,,,external_without_elimination,1.0,0.9285714285714284,1.0,7.0,3.0,0.0,980.0
external_ordinal,20267716,,,external_without_save,0.15833333333333333,0.8248015873015874,1.0,7.0,3.0,0.8416666666666667,411.075
external_ordinal,20267716,,,external_without_tie_handling,0.9166666666666666,0.8698544973544974,1.0,7.0,3.0,0.08333333333333333,451.2416666666667
external_ordinal,20267716,,,external_full,1.0,0.8342212301587302,1.0,7.0,4.0,0.0,325.72291666666666
external_ordinal,20267716,,,external_without_disclosure,1.0,0.9609275793650794,1.0,7.0,4.0,0.0,670.0125
external_ordinal,20267716,,,external_without_elimination,1.0,0.9047619047619048,1.0,7.0,4.0,0.0,738.0
external_ordinal,20267716,,,external_without_save,0.025,0.7551901455026455,0.975,7.0,4.0,0.95,304.62708333333336
external_ordinal,20267716,,,external_without_tie_handling,0.9416666666666667,0.8382341269841269,1.0,7.0,4.0,0.058333333333333334,341.8125
external_ordinal,20268716,,,external_full,1.0,0.7931018518518518,1.0,6.0,3.0,0.0,69.39166666666667
external_ordinal,20268716,,,external_without_disclosure,1.0,0.9531018518518518,1.0,6.0,3.0,0.0,142.85833333333332
external_ordinal,20268716,,,external_without_elimination,1.0,0.888888888888889,1.0,6.0,3.0,0.0,144.0
external_ordinal,20268716,,,external_without_save,0.25833333333333336,0.7415277777777778,0.9833333333333333,6.0,3.0,0.725,64.45833333333333
external_ordinal,20268716,,,external_without_tie_handling,0.9666666666666667,0.8012962962962963,1.0,6.0,3.0,0.03333333333333333,71.46666666666667
external_ordinal,20268716,,,external_full,1.0,0.8560912698412699,1.0,7.0,3.0,0.0,417.4777777777778
external_ordinal,20268716,,,external_without_disclosure,1.0,0.9573280423280423,1.0,7.0,3.0,0.0,854.7027777777778
external_ordinal,20268716,,,external_without_elimination,1.0,0.9285714285714284,1.0,7.0,3.0,0.0,980.0
external_ordinal,20268716,,,external_without_save,0.275,0.8154431216931217,1.0,7.0,3.0,0.725,390.41111111111115
external_ordinal,20268716,,,external_without_tie_handling,0.9166666666666666,0.8614550264550265,1.0,7.0,3.0,0.08333333333333333,437.28611111111115
external_ordinal,20268716,,,external_full,1.0,0.8310565476190476,1.0,7.0,4.0,0.0,320.2416666666667
external_ordinal,20268716,,,external_without_disclosure,1.0,0.9592212301587302,1.0,7.0,4.0,0.0,650.5458333333333
external_ordinal,20268716,,,external_without_elimination,1.0,0.9047619047619048,1.0,7.0,4.0,0.0,738.0
external_ordinal,20268716,,,external_without_save,0.041666666666666664,0.7451736111111111,0.975,7.0,4.0,0.9333333333333333,298.84791666666666
external_ordinal,20268716,,,external_without_tie_handling,0.8916666666666667,0.8380009920634921,0.9916666666666667,7.0,4.0,0.1,336.33958333333334
external_ordinal,20269716,,,external_full,1.0,0.7969444444444445,1.0,6.0,3.0,0.0,70.76666666666667
external_ordinal,20269716,,,external_without_disclosure,1.0,0.9554166666666667,1.0,6.0,3.0,0.0,144.56666666666666
external_ordinal,20269716,,,external_without_elimination,1.0,0.888888888888889,1.0,6.0,3.0,0.0,144.0
external_ordinal,20269716,,,external_without_save,0.18333333333333332,0.7424537037037038,0.9833333333333333,6.0,3.0,0.8,65.8638888888889
external_ordinal,20269716,,,external_without_tie_handling,0.9416666666666667,0.8003240740740741,1.0,6.0,3.0,0.058333333333333334,72.64166666666667
external_ordinal,20269716,,,external_full,1.0,0.8571428571428572,1.0,7.0,3.0,0.0,434.13055555555553
external_ordinal,20269716,,,external_without_disclosure,1.0,0.9579365079365079,1.0,7.0,3.0,0.0,885.6638888888889
external_ordinal,20269716,,,external_without_elimination,1.0,0.9285714285714284,1.0,7.0,3.0,0.0,980.0
external_ordinal,20269716,,,external_without_save,0.23333333333333334,0.8138095238095239,1.0,7.0,3.0,0.7666666666666667,407.0305555555555
external_ordinal,20269716,,,external_without_tie_handling,0.8916666666666667,0.8647420634920634,1.0,7.0,3.0,0.10833333333333334,454.7805555555555
external_ordinal,20269716,,,external_full,1.0,0.8270287698412698,1.0,7.0,4.0,0.0,327.01666666666665
external_ordinal,20269716,,,external_without_disclosure,1.0,0.9572271825396825,1.0,7.0,4.0,0.0,671.2375
external_ordinal,20269716,,,external_without_elimination,1.0,0.9047619047619048,1.0,7.0,4.0,0.0,738.0
external_ordinal,20269716,,,external_without_save,0.058333333333333334,0.7421792328042328,0.9583333333333334,7.0,4.0,0.9,306.03541666666666
external_ordinal,20269716,,,external_without_tie_handling,0.925,0.8302281746031747,1.0,7.0,4.0,0.075,339.19166666666666
external_ordinal,20270716,,,external_full,1.0,0.7942592592592593,1.0,6.0,3.0,0.0,70.68055555555556
external_ordinal,20270716,,,external_without_disclosure,1.0,0.9550000000000001,1.0,6.0,3.0,0.0,144.1638888888889
external_ordinal,20270716,,,external_without_elimination,1.0,0.888888888888889,1.0,6.0,3.0,0.0,144.0
external_ordinal,20270716,,,external_without_save,0.19166666666666668,0.7364351851851851,0.9916666666666667,6.0,3.0,0.8,65.85833333333333
external_ordinal,20270716,,,external_without_tie_handling,0.9333333333333333,0.8008564814814815,0.9916666666666667,6.0,3.0,0.058333333333333334,72.7
external_ordinal,20270716,,,external_full,1.0,0.8641732804232805,1.0,7.0,3.0,0.0,435.71388888888885
external_ordinal,20270716,,,external_without_disclosure,1.0,0.963478835978836,1.0,7.0,3.0,0.0,891.5333333333333
external_ordinal,20270716,,,external_without_elimination,1.0,0.9285714285714284,1.0,7.0,3.0,0.0,980.0
external_ordinal,20270716,,,external_without_save,0.2,0.8193584656084656,1.0,7.0,3.0,0.8,408.6972222222222
external_ordinal,20270716,,,external_without_tie_handling,0.9166666666666666,0.8713756613756615,1.0,7.0,3.0,0.08333333333333333,458.48333333333335
external_ordinal,20270716,,,external_full,1.0,0.8338789682539682,1.0,7.0,4.0,0.0,321.61875
external_ordinal,20270716,,,external_without_disclosure,1.0,0.9592509920634921,1.0,7.0,4.0,0.0,660.2
external_ordinal,20270716,,,external_without_elimination,1.0,0.9047619047619048,1.0,7.0,4.0,0.0,738.0
external_ordinal,20270716,,,external_without_save,0.058333333333333334,0.7578538359788359,0.95,7.0,4.0,0.8916666666666667,300.1875
external_ordinal,20270716,,,external_without_tie_handling,0.9,0.8391369047619047,1.0,7.0,4.0,0.1,337.96458333333334
external_ordinal,20271716,,,external_full,1.0,0.7903240740740741,1.0,6.0,3.0,0.0,72.81944444444444
external_ordinal,20271716,,,external_without_disclosure,1.0,0.9515277777777779,1.0,6.0,3.0,0.0,149.0361111111111
external_ordinal,20271716,,,external_without_elimination,1.0,0.888888888888889,1.0,6.0,3.0,0.0,144.0
external_ordinal,20271716,,,external_without_save,0.175,0.7384259259259259,0.9916666666666667,6.0,3.0,0.8166666666666667,67.88333333333334
external_ordinal,20271716,,,external_without_tie_handling,0.9916666666666667,0.7970833333333334,1.0,6.0,3.0,0.008333333333333333,74.23055555555555
external_ordinal,20271716,,,external_full,1.0,0.8601058201058202,1.0,7.0,3.0,0.0,436.3972222222222
external_ordinal,20271716,,,external_without_disclosure,1.0,0.9594841269841269,1.0,7.0,3.0,0.0,890.938888888889
external_ordinal,20271716,,,external_without_elimination,1.0,0.9285714285714284,1.0,7.0,3.0,0.0,980.0
external_ordinal,20271716,,,external_without_save,0.25,0.8211243386243386,1.0,7.0,3.0,0.75,409.3666666666667
external_ordinal,20271716,,,external_without_tie_handling,0.95,0.8669708994708994,0.9916666666666667,7.0,3.0,0.041666666666666664,453.59166666666664
external_ordinal,20271716,,,external_full,1.0,0.8302132936507937,1.0,7.0,4.0,0.0,324.42083333333335
external_ordinal,20271716,,,external_without_disclosure,1.0,0.9591170634920635,1.0,7.0,4.0,0.0,666.6020833333333
external_ordinal,20271716,,,external_without_elimination,1.0,0.9047619047619048,1.0,7.0,4.0,0.0,738.0
external_ordinal,20271716,,,external_without_save,0.03333333333333333,0.7467625661375661,0.95,7.0,4.0,0.9166666666666666,302.96666666666664
external_ordinal,20271716,,,external_without_tie_handling,0.95,0.8348511904761905,1.0,7.0,4.0,0.05,337.0833333333333
external_ordinal,20272716,,,external_full,1.0,0.8026388888888889,1.0,6.0,3.0,0.0,71.86944444444445
external_ordinal,20272716,,,external_without_disclosure,1.0,0.9606018518518519,1.0,6.0,3.0,0.0,146.99166666666667
external_ordinal,20272716,,,external_without_elimination,1.0,0.888888888888889,1.0,6.0,3.0,0.0,144.0
external_ordinal,20272716,,,external_without_save,0.23333333333333334,0.7470833333333334,1.0,6.0,3.0,0.7666666666666667,66.84166666666667
external_ordinal,20272716,,,external_without_tie_handling,0.9833333333333333,0.8062037037037036,1.0,6.0,3.0,0.016666666666666666,73.75833333333334
external_ordinal,20272716,,,external_full,1.0,0.861633597883598,1.0,7.0,3.0,0.0,427.74444444444447
external_ordinal,20272716,,,external_without_disclosure,1.0,0.961818783068783,1.0,7.0,3.0,0.0,876.3305555555556
external_ordinal,20272716,,,external_without_elimination,1.0,0.9285714285714284,1.0,7.0,3.0,0.0,980.0
external_ordinal,20272716,,,external_without_save,0.225,0.8159854497354497,1.0,7.0,3.0,0.775,400.5861111111111
external_ordinal,20272716,,,external_without_tie_handling,0.9416666666666667,0.8690740740740741,1.0,7.0,3.0,0.058333333333333334,447.19166666666666
external_ordinal,20272716,,,external_full,1.0,0.8314136904761905,1.0,7.0,4.0,0.0,333.7395833333333
external_ordinal,20272716,,,external_without_disclosure,1.0,0.9581200396825397,1.0,7.0,4.0,0.0,681.7125
external_ordinal,20272716,,,external_without_elimination,1.0,0.9047619047619048,1.0,7.0,4.0,0.0,738.0
external_ordinal,20272716,,,external_without_save,0.058333333333333334,0.7490674603174603,0.95,7.0,4.0,0.8916666666666667,312.5875
external_ordinal,20272716,,,external_without_tie_handling,0.9,0.8332787698412698,1.0,7.0,4.0,0.1,347.9895833333333
external_ordinal,20273716,,,external_full,1.0,0.7941666666666667,1.0,6.0,3.0,0.0,70.81944444444444
external_ordinal,20273716,,,external_without_disclosure,1.0,0.9541666666666667,1.0,6.0,3.0,0.0,144.88888888888889
external_ordinal,20273716,,,external_without_elimination,1.0,0.888888888888889,1.0,6.0,3.0,0.0,144.0
external_ordinal,20273716,,,external_without_save,0.18333333333333332,0.7429629629629629,0.9916666666666667,6.0,3.0,0.8083333333333333,65.95555555555556
external_ordinal,20273716,,,external_without_tie_handling,0.9833333333333333,0.8001851851851852,1.0,6.0,3.0,0.016666666666666666,72.95833333333333
external_ordinal,20273716,,,external_full,1.0,0.8590079365079365,1.0,7.0,3.0,0.0,436.2388888888889
external_ordinal,20273716,,,external_without_disclosure,1.0,0.959510582010582,1.0,7.0,3.0,0.0,890.3333333333334
external_ordinal,20273716,,,external_without_elimination,1.0,0.9285714285714284,1.0,7.0,3.0,0.0,980.0
external_ordinal,20273716,,,external_without_save,0.15833333333333333,0.8116005291005292,1.0,7.0,3.0,0.8416666666666667,409.96666666666664
external_ordinal,20273716,,,external_without_tie_handling,0.8916666666666667,0.8642791005291006,1.0,7.0,3.0,0.10833333333333334,449.72222222222223
external_ordinal,20273716,,,external_full,1.0,0.8288789682539683,1.0,7.0,4.0,0.0,334.12916666666666
external_ordinal,20273716,,,external_without_disclosure,1.0,0.9554662698412698,1.0,7.0,4.0,0.0,686.1145833333334
external_ordinal,20273716,,,external_without_elimination,1.0,0.9047619047619048,1.0,7.0,4.0,0.0,738.0
external_ordinal,20273716,,,external_without_save,0.041666666666666664,0.7510218253968255,0.9416666666666667,7.0,4.0,0.9,313.62916666666666
external_ordinal,20273716,,,external_without_tie_handling,0.8916666666666667,0.8318005952380952,1.0,7.0,4.0,0.10833333333333334,345.9770833333333
external_ordinal,20274716,,,external_full,1.0,0.7928240740740741,1.0,6.0,3.0,0.0,71.96666666666667
external_ordinal,20274716,,,external_without_disclosure,1.0,0.9560648148148148,1.0,6.0,3.0,0.0,146.45833333333334
external_ordinal,20274716,,,external_without_elimination,1.0,0.888888888888889,1.0,6.0,3.0,0.0,144.0
external_ordinal,20274716,,,external_without_save,0.175,0.7381018518518518,1.0,6.0,3.0,0.825,66.95
external_ordinal,20274716,,,external_without_tie_handling,0.9916666666666667,0.7984722222222221,1.0,6.0,3.0,0.008333333333333333,73.25833333333334
external_ordinal,20274716,,,external_full,1.0,0.8659259259259259,1.0,7.0,3.0,0.0,441.9527777777778
external_ordinal,20274716,,,external_without_disclosure,1.0,0.9625859788359789,1.0,7.0,3.0,0.0,902.9722222222223
external_ordinal,20274716,,,external_without_elimination,1.0,0.9285714285714284,1.0,7.0,3.0,0.0,980.0
external_ordinal,20274716,,,external_without_save,0.20833333333333334,0.825462962962963,1.0,7.0,3.0,0.7916666666666666,414.6777777777778
external_ordinal,20274716,,,external_without_tie_handling,0.9083333333333333,0.871712962962963,1.0,7.0,3.0,0.09166666666666666,455.96666666666664
external_ordinal,20274716,,,external_full,1.0,0.833407738095238,1.0,7.0,4.0,0.0,329.49791666666664
external_ordinal,20274716,,,external_without_disclosure,1.0,0.9592857142857143,1.0,7.0,4.0,0.0,674.0583333333333
external_ordinal,20274716,,,external_without_elimination,1.0,0.9047619047619048,1.0,7.0,4.0,0.0,738.0
external_ordinal,20274716,,,external_without_save,0.025,0.7518237433862434,0.9583333333333334,7.0,4.0,0.9333333333333333,308.16875
external_ordinal,20274716,,,external_without_tie_handling,0.9166666666666666,0.8367460317460317,1.0,7.0,4.0,0.08333333333333333,344.31041666666664
external_ordinal,20275716,,,external_full,1.0,0.7950925925925926,1.0,6.0,3.0,0.0,72.25
external_ordinal,20275716,,,external_without_disclosure,1.0,0.9523148148148147,1.0,6.0,3.0,0.0,147.0388888888889
external_ordinal,20275716,,,external_without_elimination,1.0,0.888888888888889,1.0,6.0,3.0,0.0,144.0
external_ordinal,20275716,,,external_without_save,0.20833333333333334,0.7365277777777778,0.9833333333333333,6.0,3.0,0.775,67.19166666666666
external_ordinal,20275716,,,external_without_tie_handling,0.8916666666666667,0.7977777777777778,0.9916666666666667,6.0,3.0,0.1,73.34444444444445
external_ordinal,20275716,,,external_full,1.0,0.863095238095238,1.0,7.0,3.0,0.0,415.3722222222222
external_ordinal,20275716,,,external_without_disclosure,1.0,0.9610449735449735,1.0,7.0,3.0,0.0,857.175
external_ordinal,20275716,,,external_without_elimination,1.0,0.9285714285714284,1.0,7.0,3.0,0.0,980.0
external_ordinal,20275716,,,external_without_save,0.20833333333333334,0.8235383597883599,0.9916666666666667,7.0,3.0,0.7833333333333333,388.6166666666667
external_ordinal,20275716,,,external_without_tie_handling,0.9083333333333333,0.8689583333333334,0.9916666666666667,7.0,3.0,0.08333333333333333,435.56944444444446
external_ordinal,20275716,,,external_full,1.0,0.830500992063492,1.0,7.0,4.0,0.0,313.025
external_ordinal,20275716,,,external_without_disclosure,1.0,0.958953373015873,1.0,7.0,4.0,0.0,643.0520833333334
external_ordinal,20275716,,,external_without_elimination,1.0,0.9047619047619048,1.0,7.0,4.0,0.0,738.0
external_ordinal,20275716,,,external_without_save,0.041666666666666664,0.7492542989417988,0.9666666666666667,7.0,4.0,0.925,291.93333333333334
external_ordinal,20275716,,,external_without_tie_handling,0.8833333333333333,0.8332440476190476,0.9916666666666667,7.0,4.0,0.10833333333333334,325.55625
external_ordinal,20276716,,,external_full,1.0,0.7943055555555555,1.0,6.0,3.0,0.0,71.11944444444445
external_ordinal,20276716,,,external_without_disclosure,1.0,0.9540277777777778,1.0,6.0,3.0,0.0,146.3861111111111
external_ordinal,20276716,,,external_without_elimination,1.0,0.888888888888889,1.0,6.0,3.0,0.0,144.0
external_ordinal,20276716,,,external_without_save,0.23333333333333334,0.7425462962962963,0.9833333333333333,6.0,3.0,0.75,66.17777777777778
external_ordinal,20276716,,,external_without_tie_handling,0.9916666666666667,0.7966203703703704,1.0,6.0,3.0,0.008333333333333333,71.75277777777778
external_ordinal,20276716,,,external_full,1.0,0.8597156084656085,1.0,7.0,3.0,0.0,434.7805555555555
external_ordinal,20276716,,,external_without_disclosure,1.0,0.9602248677248677,1.0,7.0,3.0,0.0,892.1666666666666
external_ordinal,20276716,,,external_without_elimination,1.0,0.9285714285714284,1.0,7.0,3.0,0.0,980.0
external_ordinal,20276716,,,external_without_save,0.25,0.8153637566137566,1.0,7.0,3.0,0.75,408.09166666666664
external_ordinal,20276716,,,external_without_tie_handling,0.9,0.8677116402116402,1.0,7.0,3.0,0.1,456.1138888888889
external_ordinal,20276716,,,external_full,1.0,0.8373908730158731,1.0,7.0,4.0,0.0,330.975
external_ordinal,20276716,,,external_without_disclosure,1.0,0.9638789682539682,1.0,7.0,4.0,0.0,681.1729166666667
external_ordinal,20276716,,,external_without_elimination,1.0,0.9047619047619048,1.0,7.0,4.0,0.0,738.0
external_ordinal,20276716,,,external_without_save,0.05,0.7574371693121693,0.9666666666666667,7.0,4.0,0.9166666666666666,309.71666666666664
external_ordinal,20276716,,,external_without_tie_handling,0.9,0.8421974206349206,1.0,7.0,4.0,0.1,346.57708333333335
external_ordinal,20277716,,,external_full,1.0,0.7969907407407407,1.0,6.0,3.0,0.0,71.26944444444445
external_ordinal,20277716,,,external_without_disclosure,1.0,0.9599537037037037,1.0,6.0,3.0,0.0,146.65
external_ordinal,20277716,,,external_without_elimination,1.0,0.888888888888889,1.0,6.0,3.0,0.0,144.0
external_ordinal,20277716,,,external_without_save,0.31666666666666665,0.7396296296296296,0.9916666666666667,6.0,3.0,0.675,66.38888888888889
external_ordinal,20277716,,,external_without_tie_handling,0.9666666666666667,0.8006018518518518,1.0,6.0,3.0,0.03333333333333333,72.625
external_ordinal,20277716,,,external_full,1.0,0.8700066137566137,1.0,7.0,3.0,0.0,442.73611111111114
external_ordinal,20277716,,,external_without_disclosure,1.0,0.9642791005291005,1.0,7.0,3.0,0.0,900.7777777777777
external_ordinal,20277716,,,external_without_elimination,1.0,0.9285714285714284,1.0,7.0,3.0,0.0,980.0
external_ordinal,20277716,,,external_without_save,0.20833333333333334,0.8332473544973545,1.0,7.0,3.0,0.7916666666666666,414.775
external_ordinal,20277716,,,external_without_tie_handling,0.9166666666666666,0.87494708994709,1.0,7.0,3.0,0.08333333333333333,458.21388888888885
external_ordinal,20277716,,,external_full,1.0,0.8303571428571428,1.0,7.0,4.0,0.0,336.11875
external_ordinal,20277716,,,external_without_disclosure,1.0,0.9580208333333334,1.0,7.0,4.0,0.0,681.98125
external_ordinal,20277716,,,external_without_elimination,1.0,0.9047619047619048,1.0,7.0,4.0,0.0,738.0
external_ordinal,20277716,,,external_without_save,0.03333333333333333,0.7412979497354498,0.975,7.0,4.0,0.9416666666666667,314.83958333333334
external_ordinal,20277716,,,external_without_tie_handling,0.8916666666666667,0.8333184523809524,1.0,7.0,4.0,0.10833333333333334,349.74583333333334
external_ordinal,20278716,,,external_full,1.0,0.7825462962962962,1.0,6.0,3.0,0.0,69.94166666666666
external_ordinal,20278716,,,external_without_disclosure,1.0,0.9485185185185185,1.0,6.0,3.0,0.0,143.03055555555557
external_ordinal,20278716,,,external_without_elimination,1.0,0.888888888888889,1.0,6.0,3.0,0.0,144.0
external_ordinal,20278716,,,external_without_save,0.15833333333333333,0.7185879629629629,0.9833333333333333,6.0,3.0,0.825,65.09444444444445
external_ordinal,20278716,,,external_without_tie_handling,0.9083333333333333,0.7815277777777777,1.0,6.0,3.0,0.09166666666666666,71.43055555555556
external_ordinal,20278716,,,external_full,1.0,0.8668650793650793,1.0,7.0,3.0,0.0,436.9583333333333
external_ordinal,20278716,,,external_without_disclosure,1.0,0.9664153439153439,1.0,7.0,3.0,0.0,886.561111111111
external_ordinal,20278716,,,external_without_elimination,1.0,0.9285714285714284,1.0,7.0,3.0,0.0,980.0
external_ordinal,20278716,,,external_without_save,0.26666666666666666,0.8336210317460319,0.9916666666666667,7.0,3.0,0.725,409.71388888888885
external_ordinal,20278716,,,external_without_tie_handling,0.9333333333333333,0.8735119047619048,1.0,7.0,3.0,0.06666666666666667,457.675
external_ordinal,20278716,,,external_full,1.0,0.8301785714285715,1.0,7.0,4.0,0.0,330.78333333333336
external_ordinal,20278716,,,external_without_disclosure,1.0,0.9586507936507936,1.0,7.0,4.0,0.0,682.7958333333333
external_ordinal,20278716,,,external_without_elimination,1.0,0.9047619047619048,1.0,7.0,4.0,0.0,738.0
external_ordinal,20278716,,,external_without_save,0.025,0.7436904761904762,0.9333333333333333,7.0,4.0,0.9083333333333333,309.47083333333336
external_ordinal,20278716,,,external_without_tie_handling,0.875,0.8328521825396825,1.0,7.0,4.0,0.125,342.8
external_ordinal,20279716,,,external_full,1.0,0.7866203703703704,1.0,6.0,3.0,0.0,69.33611111111112
external_ordinal,20279716,,,external_without_disclosure,1.0,0.9499074074074074,1.0,6.0,3.0,0.0,142.39444444444445
external_ordinal,20279716,,,external_without_elimination,1.0,0.888888888888889,1.0,6.0,3.0,0.0,144.0
external_ordinal,20279716,,,external_without_save,0.21666666666666667,0.732824074074074,0.9916666666666667,6.0,3.0,0.775,64.45
external_ordinal,20279716,,,external_without_tie_handling,0.95,0.7928240740740741,0.9916666666666667,6.0,3.0,0.041666666666666664,70.98055555555555
external_ordinal,20279716,,,external_full,1.0,0.8664087301587301,1.0,7.0,3.0,0.0,442.825
external_ordinal,20279716,,,external_without_disclosure,1.0,0.9634325396825396,1.0,7.0,3.0,0.0,902.6638888888889
external_ordinal,20279716,,,external_without_elimination,1.0,0.9285714285714284,1.0,7.0,3.0,0.0,980.0
external_ordinal,20279716,,,external_without_save,0.175,0.8288657407407407,0.9916666666666667,7.0,3.0,0.8166666666666667,415.69444444444446
external_ordinal,20279716,,,external_without_tie_handling,0.9166666666666666,0.8710251322751323,1.0,7.0,3.0,0.08333333333333333,461.74444444444447
external_ordinal,20279716,,,external_full,1.0,0.8288244047619048,1.0,7.0,4.0,0.0,332.4583333333333
external_ordinal,20279716,,,external_without_disclosure,1.0,0.956374007936508,1.0,7.0,4.0,0.0,683.2104166666667
external_ordinal,20279716,,,external_without_elimination,1.0,0.9047619047619048,1.0,7.0,4.0,0.0,738.0
external_ordinal,20279716,,,external_without_save,0.08333333333333333,0.7426554232804232,0.9583333333333334,7.0,4.0,0.875,310.59166666666664
external_ordinal,20279716,,,external_without_tie_handling,0.925,0.829484126984127,1.0,7.0,4.0,0.075,343.90833333333336
