synthesizer,seed,n_active,outcome_noise_probability,method,point_exact_recovery,normalized_mean_absolute_error,top_choice_accuracy,point_width,outcome_consistent,feasible,solver_success,n_candidates,n_rounds,mean_compatible_states,coverage,width,posterior_center_error,accepted_posterior_draws,accepted_posterior_states
internal_percentage,20260716,4.0,0.0,maximum_entropy_center,0.0,0.1462741346182659,0.188,0.0,1.0,1.0,1.0,,,,,,,,
internal_percentage,20260716,4.0,0.05,maximum_entropy_center,0.0,0.1430865898791306,0.232,0.0,1.0,1.0,1.0,,,,,,,,
internal_percentage,20260716,4.0,0.1,maximum_entropy_center,0.0,0.1441057646128912,0.204,0.0,1.0,1.0,1.0,,,,,,,,
internal_percentage,20260716,4.0,0.2,maximum_entropy_center,0.0,0.14778412395096513,0.208,0.0,1.0,1.0,1.0,,,,,,,,
internal_percentage,20260716,5.0,0.0,maximum_entropy_center,0.0,0.12679688971338943,0.152,0.0,1.0,1.0,1.0,,,,,,,,
internal_percentage,20260716,5.0,0.05,maximum_entropy_center,0.0,0.11938141610159461,0.18,0.0,1.0,1.0,1.0,,,,,,,,
internal_percentage,20260716,5.0,0.1,maximum_entropy_center,0.0,0.11847209612404343,0.144,0.0,1.0,1.0,1.0,,,,,,,,
internal_percentage,20260716,5.0,0.2,maximum_entropy_center,0.0,0.12488502178698847,0.104,0.0,1.0,1.0,1.0,,,,,,,,
internal_percentage,20260716,6.0,0.0,maximum_entropy_center,0.0,0.1034921690201007,0.124,0.0,1.0,1.0,1.0,,,,,,,,
internal_percentage,20260716,6.0,0.05,maximum_entropy_center,0.0,0.10474728179811095,0.096,0.0,1.0,1.0,1.0,,,,,,,,
internal_percentage,20260716,6.0,0.1,maximum_entropy_center,0.0,0.10324736362676568,0.116,0.0,1.0,1.0,1.0,,,,,,,,
internal_percentage,20260716,6.0,0.2,maximum_entropy_center,0.0,0.10627710464070762,0.136,0.0,1.0,1.0,1.0,,,,,,,,
internal_percentage,20261716,4.0,0.0,maximum_entropy_center,0.0,0.1485153827547552,0.256,0.0,1.0,1.0,1.0,,,,,,,,
internal_percentage,20261716,4.0,0.05,maximum_entropy_center,0.0,0.1433398261979041,0.244,0.0,1.0,1.0,1.0,,,,,,,,
internal_percentage,20261716,4.0,0.1,maximum_entropy_center,0.0,0.14410746124952453,0.208,0.0,1.0,1.0,1.0,,,,,,,,
internal_percentage,20261716,4.0,0.2,maximum_entropy_center,0.0,0.14395046878242018,0.2,0.0,1.0,1.0,1.0,,,,,,,,
internal_percentage,20261716,5.0,0.0,maximum_entropy_center,0.0,0.11964989099394345,0.132,0.0,1.0,1.0,1.0,,,,,,,,
internal_percentage,20261716,5.0,0.05,maximum_entropy_center,0.0,0.12131342277130748,0.1,0.0,1.0,1.0,1.0,,,,,,,,
internal_percentage,20261716,5.0,0.1,maximum_entropy_center,0.0,0.12142853481387025,0.14,0.0,1.0,1.0,1.0,,,,,,,,
internal_percentage,20261716,5.0,0.2,maximum_entropy_center,0.0,0.11633453707056636,0.124,0.0,1.0,1.0,1.0,,,,,,,,
internal_percentage,20261716,6.0,0.0,maximum_entropy_center,0.0,0.10341778168898104,0.104,0.0,1.0,1.0,1.0,,,,,,,,
internal_percentage,20261716,6.0,0.05,maximum_entropy_center,0.0,0.10075405256811187,0.132,0.0,1.0,1.0,1.0,,,,,,,,
internal_percentage,20261716,6.0,0.1,maximum_entropy_center,0.0,0.1080411424247316,0.124,0.0,1.0,1.0,1.0,,,,,,,,
internal_percentage,20261716,6.0,0.2,maximum_entropy_center,0.0,0.10381310147182304,0.116,0.0,1.0,1.0,1.0,,,,,,,,
internal_percentage,20262716,4.0,0.0,maximum_entropy_center,0.0,0.14420871209337338,0.184,0.0,1.0,1.0,1.0,,,,,,,,
internal_percentage,20262716,4.0,0.05,maximum_entropy_center,0.0,0.14674475111887395,0.188,0.0,1.0,1.0,1.0,,,,,,,,
internal_percentage,20262716,4.0,0.1,maximum_entropy_center,0.0,0.1436979601478374,0.232,0.0,1.0,1.0,1.0,,,,,,,,
internal_percentage,20262716,4.0,0.2,maximum_entropy_center,0.0,0.14096617109935045,0.172,0.0,1.0,1.0,1.0,,,,,,,,
internal_percentage,20262716,5.0,0.0,maximum_entropy_center,0.0,0.12243298360337578,0.14,0.0,1.0,1.0,1.0,,,,,,,,
internal_percentage,20262716,5.0,0.05,maximum_entropy_center,0.0,0.12323817862902273,0.152,0.0,1.0,1.0,1.0,,,,,,,,
internal_percentage,20262716,5.0,0.1,maximum_entropy_center,0.0,0.12322368309769371,0.152,0.0,1.0,1.0,1.0,,,,,,,,
internal_percentage,20262716,5.0,0.2,maximum_entropy_center,0.0,0.11896144098343867,0.128,0.0,1.0,1.0,1.0,,,,,,,,
internal_percentage,20262716,6.0,0.0,maximum_entropy_center,0.0,0.10456649781131326,0.14,0.0,1.0,1.0,1.0,,,,,,,,
internal_percentage,20262716,6.0,0.05,maximum_entropy_center,0.0,0.10214691318709893,0.148,0.0,1.0,1.0,1.0,,,,,,,,
internal_percentage,20262716,6.0,0.1,maximum_entropy_center,0.0,0.10139228203453383,0.14,0.0,1.0,1.0,1.0,,,,,,,,
internal_percentage,20262716,6.0,0.2,maximum_entropy_center,0.0,0.10370411098044786,0.1,0.0,1.0,1.0,1.0,,,,,,,,
internal_percentage,20263716,4.0,0.0,maximum_entropy_center,0.0,0.14671937442457617,0.26,0.0,1.0,1.0,1.0,,,,,,,,
internal_percentage,20263716,4.0,0.05,maximum_entropy_center,0.0,0.14786433694542664,0.164,0.0,1.0,1.0,1.0,,,,,,,,
internal_percentage,20263716,4.0,0.1,maximum_entropy_center,0.0,0.1435662234502727,0.22,0.0,1.0,1.0,1.0,,,,,,,,
internal_percentage,20263716,4.0,0.2,maximum_entropy_center,0.0,0.14826334304473465,0.156,0.0,1.0,1.0,1.0,,,,,,,,
internal_percentage,20263716,5.0,0.0,maximum_entropy_center,0.0,0.12205637756947603,0.204,0.0,1.0,1.0,1.0,,,,,,,,
internal_percentage,20263716,5.0,0.05,maximum_entropy_center,0.0,0.11934352419800016,0.144,0.0,1.0,1.0,1.0,,,,,,,,
internal_percentage,20263716,5.0,0.1,maximum_entropy_center,0.0,0.1148908933280657,0.18,0.0,1.0,1.0,1.0,,,,,,,,
internal_percentage,20263716,5.0,0.2,maximum_entropy_center,0.0,0.12497489700746667,0.144,0.0,1.0,1.0,1.0,,,,,,,,
internal_percentage,20263716,6.0,0.0,maximum_entropy_center,0.0,0.1004833558281407,0.14,0.0,1.0,1.0,1.0,,,,,,,,
internal_percentage,20263716,6.0,0.05,maximum_entropy_center,0.0,0.10143577547136093,0.152,0.0,1.0,1.0,1.0,,,,,,,,
internal_percentage,20263716,6.0,0.1,maximum_entropy_center,0.0,0.10498220326532276,0.124,0.0,1.0,1.0,1.0,,,,,,,,
internal_percentage,20263716,6.0,0.2,maximum_entropy_center,0.0,0.10338756988110645,0.112,0.0,1.0,1.0,1.0,,,,,,,,
internal_percentage,20264716,4.0,0.0,maximum_entropy_center,0.0,0.14809898779097366,0.232,0.0,1.0,1.0,1.0,,,,,,,,
internal_percentage,20264716,4.0,0.05,maximum_entropy_center,0.0,0.14425360647494267,0.184,0.0,1.0,1.0,1.0,,,,,,,,
internal_percentage,20264716,4.0,0.1,maximum_entropy_center,0.0,0.14215787698725776,0.224,0.0,1.0,1.0,1.0,,,,,,,,
internal_percentage,20264716,4.0,0.2,maximum_entropy_center,0.0,0.14036590726684253,0.224,0.0,1.0,1.0,1.0,,,,,,,,
internal_percentage,20264716,5.0,0.0,maximum_entropy_center,0.0,0.11930725390442821,0.164,0.0,1.0,1.0,1.0,,,,,,,,
internal_percentage,20264716,5.0,0.05,maximum_entropy_center,0.0,0.12166832119631545,0.152,0.0,1.0,1.0,1.0,,,,,,,,
internal_percentage,20264716,5.0,0.1,maximum_entropy_center,0.0,0.11831897534976465,0.156,0.0,1.0,1.0,1.0,,,,,,,,
internal_percentage,20264716,5.0,0.2,maximum_entropy_center,0.0,0.11789696269960154,0.16,0.0,1.0,1.0,1.0,,,,,,,,
internal_percentage,20264716,6.0,0.0,maximum_entropy_center,0.0,0.10324175687624462,0.12,0.0,1.0,1.0,1.0,,,,,,,,
internal_percentage,20264716,6.0,0.05,maximum_entropy_center,0.0,0.1076368460202146,0.104,0.0,1.0,1.0,1.0,,,,,,,,
internal_percentage,20264716,6.0,0.1,maximum_entropy_center,0.0,0.10307566994785637,0.108,0.0,1.0,1.0,1.0,,,,,,,,
internal_percentage,20264716,6.0,0.2,maximum_entropy_center,0.0,0.10455389295784202,0.112,0.0,1.0,1.0,1.0,,,,,,,,
internal_percentage,20265716,4.0,0.0,maximum_entropy_center,0.0,0.1455248810630425,0.224,0.0,1.0,1.0,1.0,,,,,,,,
internal_percentage,20265716,4.0,0.05,maximum_entropy_center,0.0,0.14742700302984463,0.224,0.0,1.0,1.0,1.0,,,,,,,,
internal_percentage,20265716,4.0,0.1,maximum_entropy_center,0.0,0.1433609860028129,0.224,0.0,1.0,1.0,1.0,,,,,,,,
internal_percentage,20265716,4.0,0.2,maximum_entropy_center,0.0,0.14483766501515802,0.188,0.0,1.0,1.0,1.0,,,,,,,,
internal_percentage,20265716,5.0,0.0,maximum_entropy_center,0.0,0.12136500806225639,0.164,0.0,1.0,1.0,1.0,,,,,,,,
internal_percentage,20265716,5.0,0.05,maximum_entropy_center,0.0,0.11963413587144675,0.16,0.0,1.0,1.0,1.0,,,,,,,,
internal_percentage,20265716,5.0,0.1,maximum_entropy_center,0.0,0.12072904831871321,0.144,0.0,1.0,1.0,1.0,,,,,,,,
internal_percentage,20265716,5.0,0.2,maximum_entropy_center,0.0,0.12041848485479256,0.124,0.0,1.0,1.0,1.0,,,,,,,,
internal_percentage,20265716,6.0,0.0,maximum_entropy_center,0.0,0.10226989470658397,0.124,0.0,1.0,1.0,1.0,,,,,,,,
internal_percentage,20265716,6.0,0.05,maximum_entropy_center,0.0,0.10293746030096954,0.1,0.0,1.0,1.0,1.0,,,,,,,,
internal_percentage,20265716,6.0,0.1,maximum_entropy_center,0.0,0.10174222420296615,0.128,0.0,1.0,1.0,1.0,,,,,,,,
internal_percentage,20265716,6.0,0.2,maximum_entropy_center,0.0,0.10460714153633922,0.112,0.0,1.0,1.0,1.0,,,,,,,,
internal_percentage,20266716,4.0,0.0,maximum_entropy_center,0.0,0.14303149627092474,0.248,0.0,1.0,1.0,1.0,,,,,,,,
internal_percentage,20266716,4.0,0.05,maximum_entropy_center,0.0,0.14397690377571418,0.196,0.0,1.0,1.0,1.0,,,,,,,,
internal_percentage,20266716,4.0,0.1,maximum_entropy_center,0.0,0.14539423068235646,0.228,0.0,1.0,1.0,1.0,,,,,,,,
internal_percentage,20266716,4.0,0.2,maximum_entropy_center,0.0,0.14344814290697167,0.212,0.0,1.0,1.0,1.0,,,,,,,,
internal_percentage,20266716,5.0,0.0,maximum_entropy_center,0.0,0.11867524217418625,0.144,0.0,1.0,1.0,1.0,,,,,,,,
internal_percentage,20266716,5.0,0.05,maximum_entropy_center,0.0,0.12314304359022364,0.164,0.0,1.0,1.0,1.0,,,,,,,,
internal_percentage,20266716,5.0,0.1,maximum_entropy_center,0.0,0.12423823694900603,0.132,0.0,1.0,1.0,1.0,,,,,,,,
internal_percentage,20266716,5.0,0.2,maximum_entropy_center,0.0,0.12084192215381526,0.144,0.0,1.0,1.0,1.0,,,,,,,,
internal_percentage,20266716,6.0,0.0,maximum_entropy_center,0.0,0.09960601055570788,0.092,0.0,1.0,1.0,1.0,,,,,,,,
internal_percentage,20266716,6.0,0.05,maximum_entropy_center,0.0,0.10460580444666885,0.116,0.0,1.0,1.0,1.0,,,,,,,,
internal_percentage,20266716,6.0,0.1,maximum_entropy_center,0.0,0.10129788819722117,0.12,0.0,1.0,1.0,1.0,,,,,,,,
internal_percentage,20266716,6.0,0.2,maximum_entropy_center,0.0,0.1040824399794534,0.1,0.0,1.0,1.0,1.0,,,,,,,,
internal_percentage,20267716,4.0,0.0,maximum_entropy_center,0.0,0.14238527014457497,0.248,0.0,1.0,1.0,1.0,,,,,,,,
internal_percentage,20267716,4.0,0.05,maximum_entropy_center,0.0,0.1440639001183106,0.216,0.0,1.0,1.0,1.0,,,,,,,,
internal_percentage,20267716,4.0,0.1,maximum_entropy_center,0.0,0.13963433113067655,0.24,0.0,1.0,1.0,1.0,,,,,,,,
internal_percentage,20267716,4.0,0.2,maximum_entropy_center,0.0,0.15446861893448022,0.272,0.0,1.0,1.0,1.0,,,,,,,,
internal_percentage,20267716,5.0,0.0,maximum_entropy_center,0.0,0.12184838830666132,0.184,0.0,1.0,1.0,1.0,,,,,,,,
internal_percentage,20267716,5.0,0.05,maximum_entropy_center,0.0,0.12262751372225703,0.172,0.0,1.0,1.0,1.0,,,,,,,,
internal_percentage,20267716,5.0,0.1,maximum_entropy_center,0.0,0.12143450949641357,0.136,0.0,1.0,1.0,1.0,,,,,,,,
internal_percentage,20267716,5.0,0.2,maximum_entropy_center,0.0,0.11964682584578187,0.116,0.0,1.0,1.0,1.0,,,,,,,,
internal_percentage,20267716,6.0,0.0,maximum_entropy_center,0.0,0.10576483083343102,0.132,0.0,1.0,1.0,1.0,,,,,,,,
internal_percentage,20267716,6.0,0.05,maximum_entropy_center,0.0,0.10665461472504614,0.112,0.0,1.0,1.0,1.0,,,,,,,,
internal_percentage,20267716,6.0,0.1,maximum_entropy_center,0.0,0.10578731067644134,0.108,0.0,1.0,1.0,1.0,,,,,,,,
internal_percentage,20267716,6.0,0.2,maximum_entropy_center,0.0,0.1043149772335051,0.088,0.0,1.0,1.0,1.0,,,,,,,,
internal_percentage,20268716,4.0,0.0,maximum_entropy_center,0.0,0.1428725664963488,0.216,0.0,1.0,1.0,1.0,,,,,,,,
internal_percentage,20268716,4.0,0.05,maximum_entropy_center,0.0,0.1438318924277697,0.216,0.0,1.0,1.0,1.0,,,,,,,,
internal_percentage,20268716,4.0,0.1,maximum_entropy_center,0.0,0.141173695858036,0.224,0.0,1.0,1.0,1.0,,,,,,,,
internal_percentage,20268716,4.0,0.2,maximum_entropy_center,0.0,0.14041661525953889,0.212,0.0,1.0,1.0,1.0,,,,,,,,
internal_percentage,20268716,5.0,0.0,maximum_entropy_center,0.0,0.11711787058807945,0.164,0.0,1.0,1.0,1.0,,,,,,,,
internal_percentage,20268716,5.0,0.05,maximum_entropy_center,0.0,0.11911390448877253,0.116,0.0,1.0,1.0,1.0,,,,,,,,
internal_percentage,20268716,5.0,0.1,maximum_entropy_center,0.0,0.12188891768245678,0.148,0.0,1.0,1.0,1.0,,,,,,,,
internal_percentage,20268716,5.0,0.2,maximum_entropy_center,0.0,0.11998066450494843,0.12,0.0,1.0,1.0,1.0,,,,,,,,
internal_percentage,20268716,6.0,0.0,maximum_entropy_center,0.0,0.1053024924390185,0.112,0.0,1.0,1.0,1.0,,,,,,,,
internal_percentage,20268716,6.0,0.05,maximum_entropy_center,0.0,0.10423978478918111,0.088,0.0,1.0,1.0,1.0,,,,,,,,
internal_percentage,20268716,6.0,0.1,maximum_entropy_center,0.0,0.10118901265488463,0.088,0.0,1.0,1.0,1.0,,,,,,,,
internal_percentage,20268716,6.0,0.2,maximum_entropy_center,0.0,0.1027897517140166,0.088,0.0,1.0,1.0,1.0,,,,,,,,
internal_percentage,20269716,4.0,0.0,maximum_entropy_center,0.0,0.14203075629819875,0.204,0.0,1.0,1.0,1.0,,,,,,,,
internal_percentage,20269716,4.0,0.05,maximum_entropy_center,0.0,0.14933341194227595,0.224,0.0,1.0,1.0,1.0,,,,,,,,
internal_percentage,20269716,4.0,0.1,maximum_entropy_center,0.0,0.14244574283669895,0.264,0.0,1.0,1.0,1.0,,,,,,,,
internal_percentage,20269716,4.0,0.2,maximum_entropy_center,0.0,0.1418755854901433,0.232,0.0,1.0,1.0,1.0,,,,,,,,
internal_percentage,20269716,5.0,0.0,maximum_entropy_center,0.0,0.11884840652597228,0.108,0.0,1.0,1.0,1.0,,,,,,,,
internal_percentage,20269716,5.0,0.05,maximum_entropy_center,0.0,0.12440265474621277,0.128,0.0,1.0,1.0,1.0,,,,,,,,
internal_percentage,20269716,5.0,0.1,maximum_entropy_center,0.0,0.12110985694849681,0.112,0.0,1.0,1.0,1.0,,,,,,,,
internal_percentage,20269716,5.0,0.2,maximum_entropy_center,0.0,0.11772254283768409,0.112,0.0,1.0,1.0,1.0,,,,,,,,
internal_percentage,20269716,6.0,0.0,maximum_entropy_center,0.0,0.10245570115686713,0.132,0.0,1.0,1.0,1.0,,,,,,,,
internal_percentage,20269716,6.0,0.05,maximum_entropy_center,0.0,0.10411446598123977,0.132,0.0,1.0,1.0,1.0,,,,,,,,
internal_percentage,20269716,6.0,0.1,maximum_entropy_center,0.0,0.10128614838297922,0.116,0.0,1.0,1.0,1.0,,,,,,,,
internal_percentage,20269716,6.0,0.2,maximum_entropy_center,0.0,0.10285922037059594,0.108,0.0,1.0,1.0,1.0,,,,,,,,
internal_percentage,20270716,4.0,0.0,maximum_entropy_center,0.0,0.1368367623854395,0.236,0.0,1.0,1.0,1.0,,,,,,,,
internal_percentage,20270716,4.0,0.05,maximum_entropy_center,0.0,0.14343212179821038,0.216,0.0,1.0,1.0,1.0,,,,,,,,
internal_percentage,20270716,4.0,0.1,maximum_entropy_center,0.0,0.1522629039148634,0.184,0.0,1.0,1.0,1.0,,,,,,,,
internal_percentage,20270716,4.0,0.2,maximum_entropy_center,0.0,0.14413616777351929,0.2,0.0,1.0,1.0,1.0,,,,,,,,
internal_percentage,20270716,5.0,0.0,maximum_entropy_center,0.0,0.12075459002071563,0.132,0.0,1.0,1.0,1.0,,,,,,,,
internal_percentage,20270716,5.0,0.05,maximum_entropy_center,0.0,0.1223508832603121,0.152,0.0,1.0,1.0,1.0,,,,,,,,
internal_percentage,20270716,5.0,0.1,maximum_entropy_center,0.0,0.11852229195503516,0.16,0.0,1.0,1.0,1.0,,,,,,,,
internal_percentage,20270716,5.0,0.2,maximum_entropy_center,0.0,0.11964536727414521,0.148,0.0,1.0,1.0,1.0,,,,,,,,
internal_percentage,20270716,6.0,0.0,maximum_entropy_center,0.0,0.10102168569103141,0.128,0.0,1.0,1.0,1.0,,,,,,,,
internal_percentage,20270716,6.0,0.05,maximum_entropy_center,0.0,0.10065239646983917,0.136,0.0,1.0,1.0,1.0,,,,,,,,
internal_percentage,20270716,6.0,0.1,maximum_entropy_center,0.0,0.10348287575541591,0.096,0.0,1.0,1.0,1.0,,,,,,,,
internal_percentage,20270716,6.0,0.2,maximum_entropy_center,0.0,0.10272830666729182,0.064,0.0,1.0,1.0,1.0,,,,,,,,
internal_percentage,20271716,4.0,0.0,maximum_entropy_center,0.0,0.1495255448318714,0.172,0.0,1.0,1.0,1.0,,,,,,,,
internal_percentage,20271716,4.0,0.05,maximum_entropy_center,0.0,0.13828725158077618,0.212,0.0,1.0,1.0,1.0,,,,,,,,
internal_percentage,20271716,4.0,0.1,maximum_entropy_center,0.0,0.14457887801924507,0.168,0.0,1.0,1.0,1.0,,,,,,,,
internal_percentage,20271716,4.0,0.2,maximum_entropy_center,0.0,0.14608654729936937,0.264,0.0,1.0,1.0,1.0,,,,,,,,
internal_percentage,20271716,5.0,0.0,maximum_entropy_center,0.0,0.12601346867251942,0.12,0.0,1.0,1.0,1.0,,,,,,,,
internal_percentage,20271716,5.0,0.05,maximum_entropy_center,0.0,0.11616913756928879,0.2,0.0,1.0,1.0,1.0,,,,,,,,
internal_percentage,20271716,5.0,0.1,maximum_entropy_center,0.0,0.117825678624022,0.14,0.0,1.0,1.0,1.0,,,,,,,,
internal_percentage,20271716,5.0,0.2,maximum_entropy_center,0.0,0.12178132239810822,0.108,0.0,1.0,1.0,1.0,,,,,,,,
internal_percentage,20271716,6.0,0.0,maximum_entropy_center,0.0,0.10632228131231548,0.104,0.0,1.0,1.0,1.0,,,,,,,,
internal_percentage,20271716,6.0,0.05,maximum_entropy_center,0.0,0.1011676788227836,0.124,0.0,1.0,1.0,1.0,,,,,,,,
internal_percentage,20271716,6.0,0.1,maximum_entropy_center,0.0,0.10043260598956794,0.12,0.0,1.0,1.0,1.0,,,,,,,,
internal_percentage,20271716,6.0,0.2,maximum_entropy_center,0.0,0.10180787030464425,0.092,0.0,1.0,1.0,1.0,,,,,,,,
internal_percentage,20272716,4.0,0.0,maximum_entropy_center,0.0,0.14290427218989693,0.204,0.0,1.0,1.0,1.0,,,,,,,,
internal_percentage,20272716,4.0,0.05,maximum_entropy_center,0.0,0.14363591386380195,0.184,0.0,1.0,1.0,1.0,,,,,,,,
internal_percentage,20272716,4.0,0.1,maximum_entropy_center,0.0,0.14480045042297673,0.264,0.0,1.0,1.0,1.0,,,,,,,,
internal_percentage,20272716,4.0,0.2,maximum_entropy_center,0.0,0.14948160228987678,0.16,0.0,1.0,1.0,1.0,,,,,,,,
internal_percentage,20272716,5.0,0.0,maximum_entropy_center,0.0,0.12195803320969098,0.156,0.0,1.0,1.0,1.0,,,,,,,,
internal_percentage,20272716,5.0,0.05,maximum_entropy_center,0.0,0.12099319119237223,0.164,0.0,1.0,1.0,1.0,,,,,,,,
internal_percentage,20272716,5.0,0.1,maximum_entropy_center,0.0,0.11781171919857014,0.1,0.0,1.0,1.0,1.0,,,,,,,,
internal_percentage,20272716,5.0,0.2,maximum_entropy_center,0.0,0.12362201377065095,0.152,0.0,1.0,1.0,1.0,,,,,,,,
internal_percentage,20272716,6.0,0.0,maximum_entropy_center,0.0,0.10459350024659199,0.1,0.0,1.0,1.0,1.0,,,,,,,,
internal_percentage,20272716,6.0,0.05,maximum_entropy_center,0.0,0.09980326850334581,0.128,0.0,1.0,1.0,1.0,,,,,,,,
internal_percentage,20272716,6.0,0.1,maximum_entropy_center,0.0,0.1044068251741017,0.1,0.0,1.0,1.0,1.0,,,,,,,,
internal_percentage,20272716,6.0,0.2,maximum_entropy_center,0.0,0.10173441725744409,0.128,0.0,1.0,1.0,1.0,,,,,,,,
internal_percentage,20273716,4.0,0.0,maximum_entropy_center,0.0,0.14506022957121695,0.204,0.0,1.0,1.0,1.0,,,,,,,,
internal_percentage,20273716,4.0,0.05,maximum_entropy_center,0.0,0.1394317125998295,0.212,0.0,1.0,1.0,1.0,,,,,,,,
internal_percentage,20273716,4.0,0.1,maximum_entropy_center,0.0,0.14684200459561575,0.196,0.0,1.0,1.0,1.0,,,,,,,,
internal_percentage,20273716,4.0,0.2,maximum_entropy_center,0.0,0.14378755861275486,0.18,0.0,1.0,1.0,1.0,,,,,,,,
internal_percentage,20273716,5.0,0.0,maximum_entropy_center,0.0,0.12171215488017378,0.116,0.0,1.0,1.0,1.0,,,,,,,,
internal_percentage,20273716,5.0,0.05,maximum_entropy_center,0.0,0.12027617598105582,0.136,0.0,1.0,1.0,1.0,,,,,,,,
internal_percentage,20273716,5.0,0.1,maximum_entropy_center,0.0,0.12317849513264399,0.144,0.0,1.0,1.0,1.0,,,,,,,,
internal_percentage,20273716,5.0,0.2,maximum_entropy_center,0.0,0.11799509123032315,0.128,0.0,1.0,1.0,1.0,,,,,,,,
internal_percentage,20273716,6.0,0.0,maximum_entropy_center,0.0,0.09699565964300905,0.148,0.0,1.0,1.0,1.0,,,,,,,,
internal_percentage,20273716,6.0,0.05,maximum_entropy_center,0.0,0.09960698124830233,0.092,0.0,1.0,1.0,1.0,,,,,,,,
internal_percentage,20273716,6.0,0.1,maximum_entropy_center,0.0,0.10015994748403793,0.1,0.0,1.0,1.0,1.0,,,,,,,,
internal_percentage,20273716,6.0,0.2,maximum_entropy_center,0.0,0.10042836406312576,0.144,0.0,1.0,1.0,1.0,,,,,,,,
internal_percentage,20274716,4.0,0.0,maximum_entropy_center,0.0,0.14512517902198746,0.216,0.0,1.0,1.0,1.0,,,,,,,,
internal_percentage,20274716,4.0,0.05,maximum_entropy_center,0.0,0.14921306408193213,0.208,0.0,1.0,1.0,1.0,,,,,,,,
internal_percentage,20274716,4.0,0.1,maximum_entropy_center,0.0,0.14646110486046574,0.212,0.0,1.0,1.0,1.0,,,,,,,,
internal_percentage,20274716,4.0,0.2,maximum_entropy_center,0.0,0.1402030978751143,0.212,0.0,1.0,1.0,1.0,,,,,,,,
internal_percentage,20274716,5.0,0.0,maximum_entropy_center,0.0,0.12109120041144386,0.12,0.0,1.0,1.0,1.0,,,,,,,,
internal_percentage,20274716,5.0,0.05,maximum_entropy_center,0.0,0.12364258163129947,0.12,0.0,1.0,1.0,1.0,,,,,,,,
internal_percentage,20274716,5.0,0.1,maximum_entropy_center,0.0,0.11946754042819127,0.144,0.0,1.0,1.0,1.0,,,,,,,,
internal_percentage,20274716,5.0,0.2,maximum_entropy_center,0.0,0.12260881614687559,0.14,0.0,1.0,1.0,1.0,,,,,,,,
internal_percentage,20274716,6.0,0.0,maximum_entropy_center,0.0,0.10444335239967964,0.112,0.0,1.0,1.0,1.0,,,,,,,,
internal_percentage,20274716,6.0,0.05,maximum_entropy_center,0.0,0.10418852130915135,0.144,0.0,1.0,1.0,1.0,,,,,,,,
internal_percentage,20274716,6.0,0.1,maximum_entropy_center,0.0,0.10307929019078639,0.14,0.0,1.0,1.0,1.0,,,,,,,,
internal_percentage,20274716,6.0,0.2,maximum_entropy_center,0.0,0.10326988358069063,0.144,0.0,1.0,1.0,1.0,,,,,,,,
internal_percentage,20275716,4.0,0.0,maximum_entropy_center,0.0,0.14516834630084852,0.244,0.0,1.0,1.0,1.0,,,,,,,,
internal_percentage,20275716,4.0,0.05,maximum_entropy_center,0.0,0.1480003968802471,0.292,0.0,1.0,1.0,1.0,,,,,,,,
internal_percentage,20275716,4.0,0.1,maximum_entropy_center,0.0,0.14726845465771263,0.232,0.0,1.0,1.0,1.0,,,,,,,,
internal_percentage,20275716,4.0,0.2,maximum_entropy_center,0.0,0.1416675225176903,0.224,0.0,1.0,1.0,1.0,,,,,,,,
internal_percentage,20275716,5.0,0.0,maximum_entropy_center,0.0,0.12187973024584234,0.148,0.0,1.0,1.0,1.0,,,,,,,,
internal_percentage,20275716,5.0,0.05,maximum_entropy_center,0.0,0.12298847110286602,0.164,0.0,1.0,1.0,1.0,,,,,,,,
internal_percentage,20275716,5.0,0.1,maximum_entropy_center,0.0,0.12151141547715613,0.128,0.0,1.0,1.0,1.0,,,,,,,,
internal_percentage,20275716,5.0,0.2,maximum_entropy_center,0.0,0.1211620170999652,0.168,0.0,1.0,1.0,1.0,,,,,,,,
internal_percentage,20275716,6.0,0.0,maximum_entropy_center,0.0,0.10260618545792906,0.132,0.0,1.0,1.0,1.0,,,,,,,,
internal_percentage,20275716,6.0,0.05,maximum_entropy_center,0.0,0.10354122393645797,0.112,0.0,1.0,1.0,1.0,,,,,,,,
internal_percentage,20275716,6.0,0.1,maximum_entropy_center,0.0,0.10141804958020531,0.112,0.0,1.0,1.0,1.0,,,,,,,,
internal_percentage,20275716,6.0,0.2,maximum_entropy_center,0.0,0.10270823337647117,0.116,0.0,1.0,1.0,1.0,,,,,,,,
internal_percentage,20276716,4.0,0.0,maximum_entropy_center,0.0,0.1409041056709553,0.224,0.0,1.0,1.0,1.0,,,,,,,,
internal_percentage,20276716,4.0,0.05,maximum_entropy_center,0.0,0.1470304093670705,0.228,0.0,1.0,1.0,1.0,,,,,,,,
internal_percentage,20276716,4.0,0.1,maximum_entropy_center,0.0,0.15243073642608604,0.192,0.0,1.0,1.0,1.0,,,,,,,,
internal_percentage,20276716,4.0,0.2,maximum_entropy_center,0.0,0.14599700356417553,0.236,0.0,1.0,1.0,1.0,,,,,,,,
internal_percentage,20276716,5.0,0.0,maximum_entropy_center,0.0,0.11966725204014694,0.132,0.0,1.0,1.0,1.0,,,,,,,,
internal_percentage,20276716,5.0,0.05,maximum_entropy_center,0.0,0.1222810275598446,0.152,0.0,1.0,1.0,1.0,,,,,,,,
internal_percentage,20276716,5.0,0.1,maximum_entropy_center,0.0,0.12088629844503043,0.132,0.0,1.0,1.0,1.0,,,,,,,,
internal_percentage,20276716,5.0,0.2,maximum_entropy_center,0.0,0.12423462370076413,0.14,0.0,1.0,1.0,1.0,,,,,,,,
internal_percentage,20276716,6.0,0.0,maximum_entropy_center,0.0,0.1030114921264108,0.136,0.0,1.0,1.0,1.0,,,,,,,,
internal_percentage,20276716,6.0,0.05,maximum_entropy_center,0.0,0.10249178171809993,0.128,0.0,1.0,1.0,1.0,,,,,,,,
internal_percentage,20276716,6.0,0.1,maximum_entropy_center,0.0,0.10108309151459863,0.116,0.0,1.0,1.0,1.0,,,,,,,,
internal_percentage,20276716,6.0,0.2,maximum_entropy_center,0.0,0.10453350914811578,0.088,0.0,1.0,1.0,1.0,,,,,,,,
internal_percentage,20277716,4.0,0.0,maximum_entropy_center,0.0,0.14442358521341897,0.216,0.0,1.0,1.0,1.0,,,,,,,,
internal_percentage,20277716,4.0,0.05,maximum_entropy_center,0.0,0.14578102276455668,0.2,0.0,1.0,1.0,1.0,,,,,,,,
internal_percentage,20277716,4.0,0.1,maximum_entropy_center,0.0,0.1429031896431163,0.252,0.0,1.0,1.0,1.0,,,,,,,,
internal_percentage,20277716,4.0,0.2,maximum_entropy_center,0.0,0.14272482073137235,0.212,0.0,1.0,1.0,1.0,,,,,,,,
internal_percentage,20277716,5.0,0.0,maximum_entropy_center,0.0,0.12164301319394671,0.104,0.0,1.0,1.0,1.0,,,,,,,,
internal_percentage,20277716,5.0,0.05,maximum_entropy_center,0.0,0.11554552424998515,0.1,0.0,1.0,1.0,1.0,,,,,,,,
internal_percentage,20277716,5.0,0.1,maximum_entropy_center,0.0,0.12697921164111603,0.18,0.0,1.0,1.0,1.0,,,,,,,,
internal_percentage,20277716,5.0,0.2,maximum_entropy_center,0.0,0.12104626239733403,0.144,0.0,1.0,1.0,1.0,,,,,,,,
internal_percentage,20277716,6.0,0.0,maximum_entropy_center,0.0,0.10080481600005865,0.164,0.0,1.0,1.0,1.0,,,,,,,,
internal_percentage,20277716,6.0,0.05,maximum_entropy_center,0.0,0.10352969354577578,0.124,0.0,1.0,1.0,1.0,,,,,,,,
internal_percentage,20277716,6.0,0.1,maximum_entropy_center,0.0,0.10730679378999496,0.092,0.0,1.0,1.0,1.0,,,,,,,,
internal_percentage,20277716,6.0,0.2,maximum_entropy_center,0.0,0.10395331909435945,0.076,0.0,1.0,1.0,1.0,,,,,,,,
internal_percentage,20278716,4.0,0.0,maximum_entropy_center,0.0,0.14234008678709298,0.236,0.0,1.0,1.0,1.0,,,,,,,,
internal_percentage,20278716,4.0,0.05,maximum_entropy_center,0.0,0.14305823384067498,0.224,0.0,1.0,1.0,1.0,,,,,,,,
internal_percentage,20278716,4.0,0.1,maximum_entropy_center,0.0,0.1487522160904501,0.244,0.0,1.0,1.0,1.0,,,,,,,,
internal_percentage,20278716,4.0,0.2,maximum_entropy_center,0.0,0.1402428532695092,0.224,0.0,1.0,1.0,1.0,,,,,,,,
internal_percentage,20278716,5.0,0.0,maximum_entropy_center,0.0,0.11621515812020942,0.196,0.0,1.0,1.0,1.0,,,,,,,,
internal_percentage,20278716,5.0,0.05,maximum_entropy_center,0.0,0.12096073074605632,0.152,0.0,1.0,1.0,1.0,,,,,,,,
internal_percentage,20278716,5.0,0.1,maximum_entropy_center,0.0,0.1231600677924466,0.136,0.0,1.0,1.0,1.0,,,,,,,,
internal_percentage,20278716,5.0,0.2,maximum_entropy_center,0.0,0.1233920965820353,0.136,0.0,1.0,1.0,1.0,,,,,,,,
internal_percentage,20278716,6.0,0.0,maximum_entropy_center,0.0,0.10433554806992475,0.096,0.0,1.0,1.0,1.0,,,,,,,,
internal_percentage,20278716,6.0,0.05,maximum_entropy_center,0.0,0.10233703578477808,0.116,0.0,1.0,1.0,1.0,,,,,,,,
internal_percentage,20278716,6.0,0.1,maximum_entropy_center,0.0,0.10295704213282583,0.08,0.0,1.0,1.0,1.0,,,,,,,,
internal_percentage,20278716,6.0,0.2,maximum_entropy_center,0.0,0.10419275604582334,0.088,0.0,1.0,1.0,1.0,,,,,,,,
internal_percentage,20279716,4.0,0.0,maximum_entropy_center,0.0,0.13864052595497722,0.236,0.0,1.0,1.0,1.0,,,,,,,,
internal_percentage,20279716,4.0,0.05,maximum_entropy_center,0.0,0.1463706664639522,0.212,0.0,1.0,1.0,1.0,,,,,,,,
internal_percentage,20279716,4.0,0.1,maximum_entropy_center,0.0,0.14322371209082813,0.172,0.0,1.0,1.0,1.0,,,,,,,,
internal_percentage,20279716,4.0,0.2,maximum_entropy_center,0.0,0.15000843915436401,0.228,0.0,1.0,1.0,1.0,,,,,,,,
internal_percentage,20279716,5.0,0.0,maximum_entropy_center,0.0,0.11957386702144344,0.168,0.0,1.0,1.0,1.0,,,,,,,,
internal_percentage,20279716,5.0,0.05,maximum_entropy_center,0.0,0.11853235733015732,0.14,0.0,1.0,1.0,1.0,,,,,,,,
internal_percentage,20279716,5.0,0.1,maximum_entropy_center,0.0,0.11867063632844145,0.108,0.0,1.0,1.0,1.0,,,,,,,,
internal_percentage,20279716,5.0,0.2,maximum_entropy_center,0.0,0.12650240775943916,0.12,0.0,1.0,1.0,1.0,,,,,,,,
internal_percentage,20279716,6.0,0.0,maximum_entropy_center,0.0,0.10526381048027401,0.132,0.0,1.0,1.0,1.0,,,,,,,,
internal_percentage,20279716,6.0,0.05,maximum_entropy_center,0.0,0.1021278762037133,0.136,0.0,1.0,1.0,1.0,,,,,,,,
internal_percentage,20279716,6.0,0.1,maximum_entropy_center,0.0,0.10322310066538974,0.112,0.0,1.0,1.0,1.0,,,,,,,,
internal_percentage,20279716,6.0,0.2,maximum_entropy_center,0.0,0.10421893728995223,0.084,0.0,1.0,1.0,1.0,,,,,,,,
external_ordinal,20260716,,,maximum_entropy_rank_center,0.0,0.27211814215578706,0.14166666666666666,0.0,,1.0,,6.0,3.0,146.77222222222224,,,,,
external_ordinal,20260716,,,maximum_entropy_rank_center,0.0,0.26878408608520593,0.06666666666666667,0.0,,1.0,,7.0,3.0,892.7361111111111,,,,,
external_ordinal,20260716,,,maximum_entropy_rank_center,0.0,0.27712738060801567,0.14583333333333334,0.0,,1.0,,7.0,4.0,670.10625,,,,,
external_ordinal,20261716,,,maximum_entropy_rank_center,0.0,0.274879264845384,0.15833333333333333,0.0,,1.0,,6.0,3.0,143.825,,,,,
external_ordinal,20261716,,,maximum_entropy_rank_center,0.0,0.2693553330026244,0.06666666666666667,0.0,,1.0,,7.0,3.0,879.1388888888889,,,,,
external_ordinal,20261716,,,maximum_entropy_rank_center,0.0,0.27510609224158417,0.17083333333333334,0.0,,1.0,,7.0,4.0,685.9041666666667,,,,,
external_ordinal,20262716,,,maximum_entropy_rank_center,0.0,0.27579666572439215,0.13055555555555556,0.0,,1.0,,6.0,3.0,148.27777777777777,,,,,
external_ordinal,20262716,,,maximum_entropy_rank_center,0.0,0.2659995429939844,0.06944444444444443,0.0,,1.0,,7.0,3.0,885.5083333333333,,,,,
external_ordinal,20262716,,,maximum_entropy_rank_center,0.0,0.2719423699769681,0.175,0.0,,1.0,,7.0,4.0,677.55,,,,,
external_ordinal,20263716,,,maximum_entropy_rank_center,0.0,0.2728648076882799,0.11666666666666667,0.0,,1.0,,6.0,3.0,145.08055555555558,,,,,
external_ordinal,20263716,,,maximum_entropy_rank_center,0.0,0.2643508599981444,0.041666666666666664,0.0,,1.0,,7.0,3.0,903.4833333333333,,,,,
external_ordinal,20263716,,,maximum_entropy_rank_center,0.0,0.2776720665112059,0.18125,0.0,,1.0,,7.0,4.0,660.1125,,,,,
external_ordinal,20264716,,,maximum_entropy_rank_center,0.0,0.27594057551537576,0.13888888888888887,0.0,,1.0,,6.0,3.0,145.36944444444444,,,,,
external_ordinal,20264716,,,maximum_entropy_rank_center,0.0,0.26760944576318096,0.07222222222222222,0.0,,1.0,,7.0,3.0,909.1,,,,,
external_ordinal,20264716,,,maximum_entropy_rank_center,0.0,0.27629898119178453,0.16875,0.0,,1.0,,7.0,4.0,672.66875,,,,,
external_ordinal,20265716,,,maximum_entropy_rank_center,0.0,0.27647753963883215,0.15833333333333333,0.0,,1.0,,6.0,3.0,148.10833333333332,,,,,
external_ordinal,20265716,,,maximum_entropy_rank_center,0.0,0.2676574589179017,0.04444444444444444,0.0,,1.0,,7.0,3.0,913.4944444444444,,,,,
external_ordinal,20265716,,,maximum_entropy_rank_center,0.0,0.2739182495296348,0.18958333333333333,0.0,,1.0,,7.0,4.0,674.0979166666667,,,,,
external_ordinal,20266716,,,maximum_entropy_rank_center,0.0,0.27899962957392277,0.13888888888888887,0.0,,1.0,,6.0,3.0,146.23055555555555,,,,,
external_ordinal,20266716,,,maximum_entropy_rank_center,0.0,0.2679535977925707,0.08055555555555555,0.0,,1.0,,7.0,3.0,869.8944444444444,,,,,
external_ordinal,20266716,,,maximum_entropy_rank_center,0.0,0.27439529045805944,0.17708333333333334,0.0,,1.0,,7.0,4.0,673.7375,,,,,
external_ordinal,20267716,,,maximum_entropy_rank_center,0.0,0.2764615573445293,0.14444444444444443,0.0,,1.0,,6.0,3.0,143.99166666666667,,,,,
external_ordinal,20267716,,,maximum_entropy_rank_center,0.0,0.2650593289133677,0.06388888888888888,0.0,,1.0,,7.0,3.0,899.1416666666667,,,,,
external_ordinal,20267716,,,maximum_entropy_rank_center,0.0,0.27667038635899976,0.15625,0.0,,1.0,,7.0,4.0,670.0125,,,,,
external_ordinal,20268716,,,maximum_entropy_rank_center,0.0,0.2767419814922594,0.14444444444444443,0.0,,1.0,,6.0,3.0,142.85833333333332,,,,,
external_ordinal,20268716,,,maximum_entropy_rank_center,0.0,0.26751018984678093,0.05277777777777778,0.0,,1.0,,7.0,3.0,854.7027777777778,,,,,
external_ordinal,20268716,,,maximum_entropy_rank_center,0.0,0.2748513448584261,0.1625,0.0,,1.0,,7.0,4.0,650.5458333333333,,,,,
external_ordinal,20269716,,,maximum_entropy_rank_center,0.0,0.27709419513568867,0.13333333333333333,0.0,,1.0,,6.0,3.0,144.56666666666666,,,,,
external_ordinal,20269716,,,maximum_entropy_rank_center,0.0,0.266214323015964,0.058333333333333334,0.0,,1.0,,7.0,3.0,885.6638888888889,,,,,
external_ordinal,20269716,,,maximum_entropy_rank_center,0.0,0.2738449438538669,0.1625,0.0,,1.0,,7.0,4.0,671.2375,,,,,
external_ordinal,20270716,,,maximum_entropy_rank_center,0.0,0.27714442425266406,0.1722222222222222,0.0,,1.0,,6.0,3.0,144.1638888888889,,,,,
external_ordinal,20270716,,,maximum_entropy_rank_center,0.0,0.2679489573465626,0.08333333333333333,0.0,,1.0,,7.0,3.0,891.5333333333333,,,,,
external_ordinal,20270716,,,maximum_entropy_rank_center,0.0,0.2772834845283433,0.17291666666666666,0.0,,1.0,,7.0,4.0,660.2,,,,,
external_ordinal,20271716,,,maximum_entropy_rank_center,0.0,0.27642086799562493,0.15555555555555553,0.0,,1.0,,6.0,3.0,149.0361111111111,,,,,
external_ordinal,20271716,,,maximum_entropy_rank_center,0.0,0.26504132253514245,0.075,0.0,,1.0,,7.0,3.0,890.938888888889,,,,,
external_ordinal,20271716,,,maximum_entropy_rank_center,0.0,0.27268393061267493,0.17291666666666666,0.0,,1.0,,7.0,4.0,666.6020833333333,,,,,
external_ordinal,20272716,,,maximum_entropy_rank_center,0.0,0.27691297423587297,0.15,0.0,,1.0,,6.0,3.0,146.99166666666667,,,,,
external_ordinal,20272716,,,maximum_entropy_rank_center,0.0,0.26524922081130475,0.08333333333333333,0.0,,1.0,,7.0,3.0,876.3305555555556,,,,,
external_ordinal,20272716,,,maximum_entropy_rank_center,0.0,0.2743472284458698,0.17916666666666667,0.0,,1.0,,7.0,4.0,681.7125,,,,,
external_ordinal,20273716,,,maximum_entropy_rank_center,0.0,0.27553255271469435,0.15833333333333333,0.0,,1.0,,6.0,3.0,144.88888888888889,,,,,
external_ordinal,20273716,,,maximum_entropy_rank_center,0.0,0.2662196761373623,0.06666666666666667,0.0,,1.0,,7.0,3.0,890.3333333333334,,,,,
external_ordinal,20273716,,,maximum_entropy_rank_center,0.0,0.27481307010028294,0.15416666666666667,0.0,,1.0,,7.0,4.0,686.1145833333334,,,,,
external_ordinal,20274716,,,maximum_entropy_rank_center,0.0,0.27782579623948206,0.14166666666666666,0.0,,1.0,,6.0,3.0,146.45833333333334,,,,,
external_ordinal,20274716,,,maximum_entropy_rank_center,0.0,0.2694581019671672,0.05,0.0,,1.0,,7.0,3.0,902.9722222222223,,,,,
external_ordinal,20274716,,,maximum_entropy_rank_center,0.0,0.2737200533359194,0.16458333333333333,0.0,,1.0,,7.0,4.0,674.0583333333333,,,,,
external_ordinal,20275716,,,maximum_entropy_rank_center,0.0,0.2759478275257265,0.15277777777777776,0.0,,1.0,,6.0,3.0,147.0388888888889,,,,,
external_ordinal,20275716,,,maximum_entropy_rank_center,0.0,0.2683669867723965,0.06944444444444443,0.0,,1.0,,7.0,3.0,857.175,,,,,
external_ordinal,20275716,,,maximum_entropy_rank_center,0.0,0.2759361267170018,0.13125,0.0,,1.0,,7.0,4.0,643.0520833333334,,,,,
external_ordinal,20276716,,,maximum_entropy_rank_center,0.0,0.2755229449175953,0.14444444444444443,0.0,,1.0,,6.0,3.0,146.3861111111111,,,,,
external_ordinal,20276716,,,maximum_entropy_rank_center,0.0,0.2656536076062462,0.06944444444444443,0.0,,1.0,,7.0,3.0,892.1666666666666,,,,,
external_ordinal,20276716,,,maximum_entropy_rank_center,0.0,0.2749281940762904,0.15208333333333332,0.0,,1.0,,7.0,4.0,681.1729166666667,,,,,
external_ordinal,20277716,,,maximum_entropy_rank_center,0.0,0.27670989088201653,0.14166666666666666,0.0,,1.0,,6.0,3.0,146.65,,,,,
external_ordinal,20277716,,,maximum_entropy_rank_center,0.0,0.27039455855919187,0.06666666666666667,0.0,,1.0,,7.0,3.0,900.7777777777777,,,,,
external_ordinal,20277716,,,maximum_entropy_rank_center,0.0,0.27437058631967803,0.16041666666666668,0.0,,1.0,,7.0,4.0,681.98125,,,,,
external_ordinal,20278716,,,maximum_entropy_rank_center,0.0,0.2744189362778005,0.16666666666666666,0.0,,1.0,,6.0,3.0,143.03055555555557,,,,,
external_ordinal,20278716,,,maximum_entropy_rank_center,0.0,0.26928911670977196,0.041666666666666664,0.0,,1.0,,7.0,3.0,886.561111111111,,,,,
external_ordinal,20278716,,,maximum_entropy_rank_center,0.0,0.2754431332578913,0.14583333333333334,0.0,,1.0,,7.0,4.0,682.7958333333333,,,,,
external_ordinal,20279716,,,maximum_entropy_rank_center,0.0,0.27380946839604287,0.16388888888888886,0.0,,1.0,,6.0,3.0,142.39444444444445,,,,,
external_ordinal,20279716,,,maximum_entropy_rank_center,0.0,0.2675786053578201,0.058333333333333334,0.0,,1.0,,7.0,3.0,902.6638888888889,,,,,
external_ordinal,20279716,,,maximum_entropy_rank_center,0.0,0.2741784511750855,0.17083333333333334,0.0,,1.0,,7.0,4.0,683.2104166666667,,,,,
internal_percentage,20260716,4.0,0.0,bayesian_truncated_dirichlet,,,0.192,,,1.0,,,,,0.912,0.6001415005366291,0.12977607370640568,3860.22,
internal_percentage,20260716,4.0,0.05,bayesian_truncated_dirichlet,,,0.196,,,1.0,,,,,0.84,0.5935700628056266,0.12815074292606474,3690.624,
internal_percentage,20260716,4.0,0.1,bayesian_truncated_dirichlet,,,0.20883534136546184,,,0.996,,,,,0.8393574297188755,0.5916807786574563,0.1312646754896309,3673.824,
internal_percentage,20260716,4.0,0.2,bayesian_truncated_dirichlet,,,0.176,,,1.0,,,,,0.78,0.5861409081109765,0.13794683672683525,3659.356,
internal_percentage,20260716,5.0,0.0,bayesian_truncated_dirichlet,,,0.076,,,1.0,,,,,0.824,0.5301984544119654,0.11449906630034691,3559.684,
internal_percentage,20260716,5.0,0.05,bayesian_truncated_dirichlet,,,0.104,,,1.0,,,,,0.828,0.5270407749664702,0.10983331826695275,3524.204,
internal_percentage,20260716,5.0,0.1,bayesian_truncated_dirichlet,,,0.05220883534136546,,,0.996,,,,,0.7791164658634538,0.5243284068521182,0.11065004079207144,3366.432,
internal_percentage,20260716,5.0,0.2,bayesian_truncated_dirichlet,,,0.076,,,1.0,,,,,0.7,0.5202488196311074,0.11818780269101416,3302.864,
internal_percentage,20260716,6.0,0.0,bayesian_truncated_dirichlet,,,0.028,,,1.0,,,,,0.832,0.4675623610412146,0.09579524920592401,3267.268,
internal_percentage,20260716,6.0,0.05,bayesian_truncated_dirichlet,,,0.024,,,1.0,,,,,0.752,0.46299276080119744,0.09886189205777555,3275.248,
internal_percentage,20260716,6.0,0.1,bayesian_truncated_dirichlet,,,0.02,,,1.0,,,,,0.776,0.46819133644215033,0.0964972961552096,3381.052,
internal_percentage,20260716,6.0,0.2,bayesian_truncated_dirichlet,,,0.02,,,1.0,,,,,0.688,0.4605577985271822,0.10173183162365723,3023.908,
internal_percentage,20261716,4.0,0.0,bayesian_truncated_dirichlet,,,0.192,,,1.0,,,,,0.88,0.5958988521556595,0.13071043904136398,3837.76,
internal_percentage,20261716,4.0,0.05,bayesian_truncated_dirichlet,,,0.172,,,1.0,,,,,0.888,0.6042769722824375,0.13037810887281057,3872.588,
internal_percentage,20261716,4.0,0.1,bayesian_truncated_dirichlet,,,0.172,,,1.0,,,,,0.84,0.5944455494146406,0.13004537652840603,3791.596,
internal_percentage,20261716,4.0,0.2,bayesian_truncated_dirichlet,,,0.12449799196787148,,,0.996,,,,,0.7349397590361446,0.5796137467002809,0.1407426450625007,3383.452,
internal_percentage,20261716,5.0,0.0,bayesian_truncated_dirichlet,,,0.060240963855421686,,,0.996,,,,,0.8473895582329317,0.5271724607254588,0.10905566683853246,3549.524,
internal_percentage,20261716,5.0,0.05,bayesian_truncated_dirichlet,,,0.07228915662650602,,,0.996,,,,,0.8192771084337349,0.5277859172950092,0.11100576984589454,3428.008,
internal_percentage,20261716,5.0,0.1,bayesian_truncated_dirichlet,,,0.0642570281124498,,,0.996,,,,,0.8032128514056225,0.5237235228555003,0.11259676175432813,3458.992,
internal_percentage,20261716,5.0,0.2,bayesian_truncated_dirichlet,,,0.04838709677419355,,,0.992,,,,,0.7338709677419355,0.5224668558742664,0.11187829239623216,3143.276,
internal_percentage,20261716,6.0,0.0,bayesian_truncated_dirichlet,,,0.044,,,1.0,,,,,0.82,0.4677638646285891,0.09555672518000397,3258.984,
internal_percentage,20261716,6.0,0.05,bayesian_truncated_dirichlet,,,0.032,,,1.0,,,,,0.792,0.4661601816243952,0.09539498098894036,3230.436,
internal_percentage,20261716,6.0,0.1,bayesian_truncated_dirichlet,,,0.036,,,1.0,,,,,0.724,0.4702672306500242,0.10175758693544704,3258.304,
internal_percentage,20261716,6.0,0.2,bayesian_truncated_dirichlet,,,0.0321285140562249,,,0.996,,,,,0.7028112449799196,0.4646594318018665,0.09907787960870432,2963.028,
internal_percentage,20262716,4.0,0.0,bayesian_truncated_dirichlet,,,0.148,,,1.0,,,,,0.908,0.6037737314616634,0.1269507035379284,4019.8,
internal_percentage,20262716,4.0,0.05,bayesian_truncated_dirichlet,,,0.156,,,1.0,,,,,0.816,0.5923942702174924,0.13555380560846378,3700.136,
internal_percentage,20262716,4.0,0.1,bayesian_truncated_dirichlet,,,0.204,,,1.0,,,,,0.776,0.5843656348243145,0.13351404476477563,3655.28,
internal_percentage,20262716,4.0,0.2,bayesian_truncated_dirichlet,,,0.14112903225806453,,,0.992,,,,,0.7379032258064516,0.5852453096007225,0.1359302117316152,3520.96,
internal_percentage,20262716,5.0,0.0,bayesian_truncated_dirichlet,,,0.068,,,1.0,,,,,0.86,0.527197974297708,0.1134122404234204,3513.508,
internal_percentage,20262716,5.0,0.05,bayesian_truncated_dirichlet,,,0.056,,,1.0,,,,,0.844,0.5303711009032239,0.11529910368646237,3507.04,
internal_percentage,20262716,5.0,0.1,bayesian_truncated_dirichlet,,,0.0963855421686747,,,0.996,,,,,0.7670682730923695,0.5170752151468428,0.11564192296433279,3284.8,
internal_percentage,20262716,5.0,0.2,bayesian_truncated_dirichlet,,,0.07228915662650602,,,0.996,,,,,0.7429718875502008,0.5210953765655797,0.11291758198487253,3272.716,
internal_percentage,20262716,6.0,0.0,bayesian_truncated_dirichlet,,,0.02,,,1.0,,,,,0.796,0.47062414798712715,0.09767059022673436,3454.724,
internal_percentage,20262716,6.0,0.05,bayesian_truncated_dirichlet,,,0.024,,,1.0,,,,,0.752,0.47037640099234984,0.09618635886207368,3219.848,
internal_percentage,20262716,6.0,0.1,bayesian_truncated_dirichlet,,,0.03614457831325301,,,0.996,,,,,0.7831325301204819,0.46440847358112597,0.09458374223727904,3180.728,
internal_percentage,20262716,6.0,0.2,bayesian_truncated_dirichlet,,,0.016,,,1.0,,,,,0.66,0.45833929129107165,0.09920940412295608,3024.288,
internal_percentage,20263716,4.0,0.0,bayesian_truncated_dirichlet,,,0.204,,,1.0,,,,,0.888,0.6009059729762128,0.13059477435860964,3833.436,
internal_percentage,20263716,4.0,0.05,bayesian_truncated_dirichlet,,,0.148,,,1.0,,,,,0.856,0.5989197877819563,0.13276492262391185,3865.592,
internal_percentage,20263716,4.0,0.1,bayesian_truncated_dirichlet,,,0.192,,,1.0,,,,,0.832,0.5854383831833935,0.1275964814942731,3601.156,
internal_percentage,20263716,4.0,0.2,bayesian_truncated_dirichlet,,,0.144,,,1.0,,,,,0.732,0.5811052128382769,0.14238934627079858,3428.78,
internal_percentage,20263716,5.0,0.0,bayesian_truncated_dirichlet,,,0.104,,,1.0,,,,,0.828,0.5329034223347489,0.11246079323484089,3481.096,
internal_percentage,20263716,5.0,0.05,bayesian_truncated_dirichlet,,,0.06,,,1.0,,,,,0.78,0.5268053996791396,0.11090553383836671,3484.008,
internal_percentage,20263716,5.0,0.1,bayesian_truncated_dirichlet,,,0.1285140562248996,,,0.996,,,,,0.8192771084337349,0.5260370208007731,0.10674725335944331,3392.136,
internal_percentage,20263716,5.0,0.2,bayesian_truncated_dirichlet,,,0.056,,,1.0,,,,,0.732,0.5259918699797409,0.11795265837126735,3417.324,
internal_percentage,20263716,6.0,0.0,bayesian_truncated_dirichlet,,,0.044,,,1.0,,,,,0.82,0.4725146920021482,0.09299393421320194,3274.28,
internal_percentage,20263716,6.0,0.05,bayesian_truncated_dirichlet,,,0.064,,,1.0,,,,,0.84,0.46682602419407815,0.09418227383837476,3260.208,
internal_percentage,20263716,6.0,0.1,bayesian_truncated_dirichlet,,,0.024,,,1.0,,,,,0.764,0.4659992524217229,0.09963037946668124,3208.328,
internal_percentage,20263716,6.0,0.2,bayesian_truncated_dirichlet,,,0.024,,,1.0,,,,,0.716,0.4684028372675292,0.09887340899287916,3203.276,
internal_percentage,20264716,4.0,0.0,bayesian_truncated_dirichlet,,,0.176,,,1.0,,,,,0.832,0.5956764995667803,0.13381119943546307,3866.256,
internal_percentage,20264716,4.0,0.05,bayesian_truncated_dirichlet,,,0.11646586345381527,,,0.996,,,,,0.8835341365461847,0.5956149921692234,0.13201212446688987,3795.696,
internal_percentage,20264716,4.0,0.1,bayesian_truncated_dirichlet,,,0.164,,,1.0,,,,,0.832,0.5909717312720485,0.1290411298362591,3713.34,
internal_percentage,20264716,4.0,0.2,bayesian_truncated_dirichlet,,,0.172,,,1.0,,,,,0.788,0.5846293848816276,0.13508283301922688,3570.032,
internal_percentage,20264716,5.0,0.0,bayesian_truncated_dirichlet,,,0.088,,,1.0,,,,,0.812,0.52524577387126,0.10860732844798211,3537.164,
internal_percentage,20264716,5.0,0.05,bayesian_truncated_dirichlet,,,0.04,,,1.0,,,,,0.788,0.5318829563137808,0.10994253447000969,3664.4,
internal_percentage,20264716,5.0,0.1,bayesian_truncated_dirichlet,,,0.056451612903225805,,,0.992,,,,,0.8266129032258065,0.5258246005927389,0.11036190067404958,3415.308,
internal_percentage,20264716,5.0,0.2,bayesian_truncated_dirichlet,,,0.06,,,1.0,,,,,0.744,0.5132695950420265,0.11113136073454881,3263.82,
internal_percentage,20264716,6.0,0.0,bayesian_truncated_dirichlet,,,0.028,,,1.0,,,,,0.808,0.46646700904738375,0.09617906896042061,3329.188,
internal_percentage,20264716,6.0,0.05,bayesian_truncated_dirichlet,,,0.024,,,1.0,,,,,0.792,0.4714922071353407,0.10032355323736371,3250.9,
internal_percentage,20264716,6.0,0.1,bayesian_truncated_dirichlet,,,0.036,,,1.0,,,,,0.744,0.46270473235639026,0.0977437733916658,3094.812,
internal_percentage,20264716,6.0,0.2,bayesian_truncated_dirichlet,,,0.024096385542168676,,,0.996,,,,,0.6987951807228916,0.4615727213614635,0.1005410339271038,3009.052,
internal_percentage,20265716,4.0,0.0,bayesian_truncated_dirichlet,,,0.164,,,1.0,,,,,0.876,0.6028362698204988,0.1276554826353451,3878.504,
internal_percentage,20265716,4.0,0.05,bayesian_truncated_dirichlet,,,0.192,,,1.0,,,,,0.828,0.5967781391265203,0.13501217224705162,3855.808,
internal_percentage,20265716,4.0,0.1,bayesian_truncated_dirichlet,,,0.1285140562248996,,,0.996,,,,,0.7951807228915663,0.5844402878275673,0.13221511843621767,3594.436,
internal_percentage,20265716,4.0,0.2,bayesian_truncated_dirichlet,,,0.13654618473895583,,,0.996,,,,,0.7871485943775101,0.5854896601645283,0.13498549301680907,3594.928,
internal_percentage,20265716,5.0,0.0,bayesian_truncated_dirichlet,,,0.064,,,1.0,,,,,0.856,0.5327798310299766,0.11172478500790395,3554.22,
internal_percentage,20265716,5.0,0.05,bayesian_truncated_dirichlet,,,0.076,,,1.0,,,,,0.792,0.528298354048957,0.1094873409847876,3490.716,
internal_percentage,20265716,5.0,0.1,bayesian_truncated_dirichlet,,,0.076,,,1.0,,,,,0.78,0.5193788675178961,0.11302281412552184,3372.368,
internal_percentage,20265716,5.0,0.2,bayesian_truncated_dirichlet,,,0.072,,,1.0,,,,,0.744,0.5189826358475836,0.11480215434696339,3314.372,
internal_percentage,20265716,6.0,0.0,bayesian_truncated_dirichlet,,,0.028,,,1.0,,,,,0.876,0.4710898463168196,0.09495910786670035,3259.908,
internal_percentage,20265716,6.0,0.05,bayesian_truncated_dirichlet,,,0.032,,,1.0,,,,,0.808,0.4690155899944151,0.09699577207821025,3275.916,
internal_percentage,20265716,6.0,0.1,bayesian_truncated_dirichlet,,,0.02,,,1.0,,,,,0.728,0.46429260179256404,0.09647407256079772,3209.852,
internal_percentage,20265716,6.0,0.2,bayesian_truncated_dirichlet,,,0.024291497975708502,,,0.988,,,,,0.6680161943319838,0.4602730827675885,0.10135143951330547,2977.256,
internal_percentage,20266716,4.0,0.0,bayesian_truncated_dirichlet,,,0.18951612903225806,,,0.992,,,,,0.8951612903225806,0.6050573927840283,0.12491656850535628,3883.492,
internal_percentage,20266716,4.0,0.05,bayesian_truncated_dirichlet,,,0.164,,,1.0,,,,,0.864,0.5948624297014091,0.12985334900209075,3782.188,
internal_percentage,20266716,4.0,0.1,bayesian_truncated_dirichlet,,,0.14,,,1.0,,,,,0.796,0.5868272764258349,0.13271693376260757,3529.268,
internal_percentage,20266716,4.0,0.2,bayesian_truncated_dirichlet,,,0.17269076305220885,,,0.996,,,,,0.7550200803212851,0.5829125192297931,0.13305489984746308,3507.684,
internal_percentage,20266716,5.0,0.0,bayesian_truncated_dirichlet,,,0.0963855421686747,,,0.996,,,,,0.8674698795180723,0.5286421047995312,0.10914065514518508,3525.34,
internal_percentage,20266716,5.0,0.05,bayesian_truncated_dirichlet,,,0.056,,,1.0,,,,,0.784,0.525994223949893,0.11577775380513708,3494.9,
internal_percentage,20266716,5.0,0.1,bayesian_truncated_dirichlet,,,0.06827309236947791,,,0.996,,,,,0.7951807228915663,0.5297251789215501,0.11531704023609067,3505.504,
internal_percentage,20266716,5.0,0.2,bayesian_truncated_dirichlet,,,0.08835341365461848,,,0.996,,,,,0.7228915662650602,0.5156795473444324,0.11385650669388676,3210.828,
internal_percentage,20266716,6.0,0.0,bayesian_truncated_dirichlet,,,0.016,,,1.0,,,,,0.884,0.46985809666117806,0.09207256263350919,3274.652,
internal_percentage,20266716,6.0,0.05,bayesian_truncated_dirichlet,,,0.044,,,1.0,,,,,0.764,0.4682075911349322,0.09782328683935086,3253.64,
internal_percentage,20266716,6.0,0.1,bayesian_truncated_dirichlet,,,0.032,,,1.0,,,,,0.78,0.4719114130864924,0.09554800411654421,3164.2,
internal_percentage,20266716,6.0,0.2,bayesian_truncated_dirichlet,,,0.012,,,1.0,,,,,0.704,0.4577875012672779,0.09842627773220479,3089.4,
internal_percentage,20267716,4.0,0.0,bayesian_truncated_dirichlet,,,0.176,,,1.0,,,,,0.888,0.5994814016128592,0.12527540703368367,3907.504,
internal_percentage,20267716,4.0,0.05,bayesian_truncated_dirichlet,,,0.20883534136546184,,,0.996,,,,,0.7991967871485943,0.5910853834817403,0.1308259139791949,3717.676,
internal_percentage,20267716,4.0,0.1,bayesian_truncated_dirichlet,,,0.192,,,1.0,,,,,0.852,0.5943439870639227,0.12610727901839172,3772.76,
internal_percentage,20267716,4.0,0.2,bayesian_truncated_dirichlet,,,0.164,,,1.0,,,,,0.728,0.5817917386193194,0.14613402311756635,3521.64,
internal_percentage,20267716,5.0,0.0,bayesian_truncated_dirichlet,,,0.108,,,1.0,,,,,0.832,0.5309476123554556,0.11145318282111552,3599.132,
internal_percentage,20267716,5.0,0.05,bayesian_truncated_dirichlet,,,0.056,,,1.0,,,,,0.828,0.5295094064877158,0.11278020288283074,3578.756,
internal_percentage,20267716,5.0,0.1,bayesian_truncated_dirichlet,,,0.064,,,1.0,,,,,0.772,0.5255286664971278,0.11349219644438066,3479.936,
internal_percentage,20267716,5.0,0.2,bayesian_truncated_dirichlet,,,0.05622489959839357,,,0.996,,,,,0.642570281124498,0.5137361808533182,0.11523625700561438,3098.332,
internal_percentage,20267716,6.0,0.0,bayesian_truncated_dirichlet,,,0.012048192771084338,,,0.996,,,,,0.7710843373493976,0.46602282736690614,0.09822382923172385,3297.444,
internal_percentage,20267716,6.0,0.05,bayesian_truncated_dirichlet,,,0.028112449799196786,,,0.996,,,,,0.8152610441767069,0.46909001503524606,0.09971371692885993,3312.364,
internal_percentage,20267716,6.0,0.1,bayesian_truncated_dirichlet,,,0.032,,,1.0,,,,,0.688,0.4652428269588492,0.10097287614559258,3111.516,
internal_percentage,20267716,6.0,0.2,bayesian_truncated_dirichlet,,,0.04417670682730924,,,0.996,,,,,0.7349397590361446,0.46270106189128907,0.09952999307189427,3078.764,
internal_percentage,20268716,4.0,0.0,bayesian_truncated_dirichlet,,,0.164,,,1.0,,,,,0.896,0.5955401055712128,0.13052896178658197,3897.912,
internal_percentage,20268716,4.0,0.05,bayesian_truncated_dirichlet,,,0.208,,,1.0,,,,,0.868,0.593161418312324,0.12928611485801095,3708.996,
internal_percentage,20268716,4.0,0.1,bayesian_truncated_dirichlet,,,0.13253012048192772,,,0.996,,,,,0.8594377510040161,0.5882780002646345,0.13310489345325832,3722.416,
internal_percentage,20268716,4.0,0.2,bayesian_truncated_dirichlet,,,0.14056224899598393,,,0.996,,,,,0.7269076305220884,0.5788802817824149,0.13323437568669494,3469.1,
internal_percentage,20268716,5.0,0.0,bayesian_truncated_dirichlet,,,0.116,,,1.0,,,,,0.848,0.5310475573699756,0.1064416301944142,3536.312,
internal_percentage,20268716,5.0,0.05,bayesian_truncated_dirichlet,,,0.0642570281124498,,,0.996,,,,,0.8072289156626506,0.5250810038143875,0.11089725361397902,3453.64,
internal_percentage,20268716,5.0,0.1,bayesian_truncated_dirichlet,,,0.076,,,1.0,,,,,0.836,0.5225841629490527,0.11231804457983027,3424.272,
internal_percentage,20268716,5.0,0.2,bayesian_truncated_dirichlet,,,0.05668016194331984,,,0.988,,,,,0.8016194331983806,0.5201225141610701,0.1124771187708607,3221.552,
internal_percentage,20268716,6.0,0.0,bayesian_truncated_dirichlet,,,0.036,,,1.0,,,,,0.796,0.46737939030067077,0.09741751303062582,3364.624,
internal_percentage,20268716,6.0,0.05,bayesian_truncated_dirichlet,,,0.016,,,1.0,,,,,0.836,0.46998592031181907,0.09614230913987991,3332.756,
internal_percentage,20268716,6.0,0.1,bayesian_truncated_dirichlet,,,0.05622489959839357,,,0.996,,,,,0.8072289156626506,0.45955019030503513,0.09472549987214747,3145.896,
internal_percentage,20268716,6.0,0.2,bayesian_truncated_dirichlet,,,0.012048192771084338,,,0.996,,,,,0.751004016064257,0.4643704110127684,0.09740417540896737,3219.32,
internal_percentage,20269716,4.0,0.0,bayesian_truncated_dirichlet,,,0.172,,,1.0,,,,,0.908,0.5959718812234512,0.12518840869510703,3828.008,
internal_percentage,20269716,4.0,0.05,bayesian_truncated_dirichlet,,,0.15261044176706828,,,0.996,,,,,0.8072289156626506,0.5886786505716368,0.13398263531048088,3662.492,
internal_percentage,20269716,4.0,0.1,bayesian_truncated_dirichlet,,,0.22,,,1.0,,,,,0.844,0.5983404803466599,0.12999533460435,3878.316,
internal_percentage,20269716,4.0,0.2,bayesian_truncated_dirichlet,,,0.18875502008032127,,,0.996,,,,,0.7831325301204819,0.5866455886562205,0.13557616552101456,3428.472,
internal_percentage,20269716,5.0,0.0,bayesian_truncated_dirichlet,,,0.072,,,1.0,,,,,0.86,0.5265823395048698,0.10873038487488386,3375.476,
internal_percentage,20269716,5.0,0.05,bayesian_truncated_dirichlet,,,0.052,,,1.0,,,,,0.84,0.5199964016394113,0.11626094102218282,3392.96,
internal_percentage,20269716,5.0,0.1,bayesian_truncated_dirichlet,,,0.08433734939759036,,,0.996,,,,,0.7951807228915663,0.5296016578799089,0.1123995435866941,3485.116,
internal_percentage,20269716,5.0,0.2,bayesian_truncated_dirichlet,,,0.10040160642570281,,,0.996,,,,,0.7670682730923695,0.520736990175846,0.1107218440506957,3373.528,
internal_percentage,20269716,6.0,0.0,bayesian_truncated_dirichlet,,,0.056,,,1.0,,,,,0.828,0.46872630958216704,0.09418324377041778,3382.212,
internal_percentage,20269716,6.0,0.05,bayesian_truncated_dirichlet,,,0.012,,,1.0,,,,,0.788,0.4691155779596737,0.09760000521514937,3328.704,
internal_percentage,20269716,6.0,0.1,bayesian_truncated_dirichlet,,,0.028,,,1.0,,,,,0.736,0.4645686703094886,0.09565376323562337,3194.812,
internal_percentage,20269716,6.0,0.2,bayesian_truncated_dirichlet,,,0.020161290322580645,,,0.992,,,,,0.7096774193548387,0.4569525100900815,0.09836763556474931,2993.004,
internal_percentage,20270716,4.0,0.0,bayesian_truncated_dirichlet,,,0.192,,,1.0,,,,,0.876,0.5980434761947866,0.12107988249031736,3834.648,
internal_percentage,20270716,4.0,0.05,bayesian_truncated_dirichlet,,,0.168,,,1.0,,,,,0.832,0.5915003727674121,0.13145138436118378,3716.456,
internal_percentage,20270716,4.0,0.1,bayesian_truncated_dirichlet,,,0.156,,,1.0,,,,,0.8,0.5861700402573291,0.14019665221053632,3603.832,
internal_percentage,20270716,4.0,0.2,bayesian_truncated_dirichlet,,,0.20080321285140562,,,0.996,,,,,0.7791164658634538,0.5792012472001279,0.1331129034914215,3528.504,
internal_percentage,20270716,5.0,0.0,bayesian_truncated_dirichlet,,,0.064,,,1.0,,,,,0.872,0.5294789380107108,0.10966431428734699,3555.704,
internal_percentage,20270716,5.0,0.05,bayesian_truncated_dirichlet,,,0.072,,,1.0,,,,,0.86,0.523232625248341,0.11157464930850029,3402.0,
internal_percentage,20270716,5.0,0.1,bayesian_truncated_dirichlet,,,0.06,,,1.0,,,,,0.776,0.5214767880408784,0.10989271748519831,3385.028,
internal_percentage,20270716,5.0,0.2,bayesian_truncated_dirichlet,,,0.07630522088353414,,,0.996,,,,,0.7670682730923695,0.5211650622711594,0.11328271197682743,3268.26,
internal_percentage,20270716,6.0,0.0,bayesian_truncated_dirichlet,,,0.04417670682730924,,,0.996,,,,,0.8473895582329317,0.4652764000018297,0.09447073809790463,3251.076,
internal_percentage,20270716,6.0,0.05,bayesian_truncated_dirichlet,,,0.028,,,1.0,,,,,0.824,0.4704077561668168,0.09403730444247474,3291.356,
internal_percentage,20270716,6.0,0.1,bayesian_truncated_dirichlet,,,0.02,,,1.0,,,,,0.812,0.4662462521592675,0.09806168297321788,3171.956,
internal_percentage,20270716,6.0,0.2,bayesian_truncated_dirichlet,,,0.024,,,1.0,,,,,0.68,0.4602986252092158,0.09872277251774504,3012.86,
internal_percentage,20271716,4.0,0.0,bayesian_truncated_dirichlet,,,0.132,,,1.0,,,,,0.86,0.5980925359503323,0.13472728603502407,3768.608,
internal_percentage,20271716,4.0,0.05,bayesian_truncated_dirichlet,,,0.192,,,1.0,,,,,0.864,0.596988031759751,0.12511264082934465,3822.872,
internal_percentage,20271716,4.0,0.1,bayesian_truncated_dirichlet,,,0.184,,,1.0,,,,,0.844,0.5895728051073977,0.1303225004426721,3643.764,
internal_percentage,20271716,4.0,0.2,bayesian_truncated_dirichlet,,,0.1693548387096774,,,0.992,,,,,0.7298387096774194,0.5875004325083263,0.13500318220337562,3604.38,
internal_percentage,20271716,5.0,0.0,bayesian_truncated_dirichlet,,,0.06827309236947791,,,0.996,,,,,0.8232931726907631,0.5286051810687922,0.11657234296240031,3459.84,
internal_percentage,20271716,5.0,0.05,bayesian_truncated_dirichlet,,,0.072,,,1.0,,,,,0.804,0.521496866150863,0.1069961684629942,3436.76,
internal_percentage,20271716,5.0,0.1,bayesian_truncated_dirichlet,,,0.05622489959839357,,,0.996,,,,,0.8313253012048193,0.5260439015847507,0.11055040163994066,3416.628,
internal_percentage,20271716,5.0,0.2,bayesian_truncated_dirichlet,,,0.06827309236947791,,,0.996,,,,,0.7269076305220884,0.5220095006992702,0.11605614846986978,3305.788,
internal_percentage,20271716,6.0,0.0,bayesian_truncated_dirichlet,,,0.024,,,1.0,,,,,0.812,0.46714225439902346,0.09935320279219241,3274.452,
internal_percentage,20271716,6.0,0.05,bayesian_truncated_dirichlet,,,0.024,,,1.0,,,,,0.776,0.4630839649554589,0.09455063136687367,3186.792,
internal_percentage,20271716,6.0,0.1,bayesian_truncated_dirichlet,,,0.04435483870967742,,,0.992,,,,,0.7459677419354839,0.4710134679836079,0.09469428356442983,3259.172,
internal_percentage,20271716,6.0,0.2,bayesian_truncated_dirichlet,,,0.024096385542168676,,,0.996,,,,,0.6867469879518072,0.4576506659163347,0.09716423355597954,2994.5,
internal_percentage,20272716,4.0,0.0,bayesian_truncated_dirichlet,,,0.228,,,1.0,,,,,0.896,0.6001774432875909,0.1273081386178376,3803.272,
internal_percentage,20272716,4.0,0.05,bayesian_truncated_dirichlet,,,0.156,,,1.0,,,,,0.856,0.5933543430011703,0.13020420449758174,3801.22,
internal_percentage,20272716,4.0,0.1,bayesian_truncated_dirichlet,,,0.15261044176706828,,,0.996,,,,,0.7831325301204819,0.5886832963455528,0.13308505930963563,3602.808,
internal_percentage,20272716,4.0,0.2,bayesian_truncated_dirichlet,,,0.156,,,1.0,,,,,0.708,0.5755593398172817,0.14581940579037447,3426.708,
internal_percentage,20272716,5.0,0.0,bayesian_truncated_dirichlet,,,0.092,,,1.0,,,,,0.852,0.5325738848601355,0.11042999587674444,3586.596,
internal_percentage,20272716,5.0,0.05,bayesian_truncated_dirichlet,,,0.068,,,1.0,,,,,0.824,0.5227300000208772,0.11085040626107218,3572.572,
internal_percentage,20272716,5.0,0.1,bayesian_truncated_dirichlet,,,0.056,,,1.0,,,,,0.796,0.5191042239472241,0.10967329435223193,3359.364,
internal_percentage,20272716,5.0,0.2,bayesian_truncated_dirichlet,,,0.072,,,1.0,,,,,0.748,0.5238070729893606,0.1153721343281026,3463.78,
internal_percentage,20272716,6.0,0.0,bayesian_truncated_dirichlet,,,0.020080321285140562,,,0.996,,,,,0.8313253012048193,0.4726388424472354,0.09816837282218921,3318.972,
internal_percentage,20272716,6.0,0.05,bayesian_truncated_dirichlet,,,0.01606425702811245,,,0.996,,,,,0.8393574297188755,0.46893550021851194,0.0931019058172499,3256.656,
internal_percentage,20272716,6.0,0.1,bayesian_truncated_dirichlet,,,0.028112449799196786,,,0.996,,,,,0.7389558232931727,0.4595711550356418,0.098988879779183,3104.772,
internal_percentage,20272716,6.0,0.2,bayesian_truncated_dirichlet,,,0.032,,,1.0,,,,,0.716,0.46029776074640666,0.09790166654213905,3073.628,
internal_percentage,20273716,4.0,0.0,bayesian_truncated_dirichlet,,,0.172,,,1.0,,,,,0.88,0.5982441399791222,0.12653888493374035,3778.484,
internal_percentage,20273716,4.0,0.05,bayesian_truncated_dirichlet,,,0.176,,,1.0,,,,,0.872,0.5975412111203051,0.12733920032426144,3847.844,
internal_percentage,20273716,4.0,0.1,bayesian_truncated_dirichlet,,,0.1646586345381526,,,0.996,,,,,0.8554216867469879,0.5961180346414319,0.1348712665152763,3763.544,
internal_percentage,20273716,4.0,0.2,bayesian_truncated_dirichlet,,,0.1417004048582996,,,0.988,,,,,0.7692307692307693,0.5886091838930589,0.13507749858476908,3628.756,
internal_percentage,20273716,5.0,0.0,bayesian_truncated_dirichlet,,,0.068,,,1.0,,,,,0.872,0.5339211764908547,0.11059504260501074,3629.796,
internal_percentage,20273716,5.0,0.05,bayesian_truncated_dirichlet,,,0.076,,,1.0,,,,,0.856,0.5272381354602133,0.11004819726992206,3409.544,
internal_percentage,20273716,5.0,0.1,bayesian_truncated_dirichlet,,,0.076,,,1.0,,,,,0.768,0.5238040233023116,0.11668854400056208,3366.364,
internal_percentage,20273716,5.0,0.2,bayesian_truncated_dirichlet,,,0.09274193548387097,,,0.992,,,,,0.7258064516129032,0.5178468981641062,0.11356692598777006,3257.608,
internal_percentage,20273716,6.0,0.0,bayesian_truncated_dirichlet,,,0.052,,,1.0,,,,,0.908,0.472456571391556,0.08884610153405685,3423.312,
internal_percentage,20273716,6.0,0.05,bayesian_truncated_dirichlet,,,0.016,,,1.0,,,,,0.836,0.4666558250449882,0.09291334387756445,3166.98,
internal_percentage,20273716,6.0,0.1,bayesian_truncated_dirichlet,,,0.06,,,1.0,,,,,0.76,0.4655330786788164,0.0941516388622517,3167.512,
internal_percentage,20273716,6.0,0.2,bayesian_truncated_dirichlet,,,0.024,,,1.0,,,,,0.684,0.4624344891559288,0.09676608061799195,2991.928,
internal_percentage,20274716,4.0,0.0,bayesian_truncated_dirichlet,,,0.156,,,1.0,,,,,0.86,0.5963590737457639,0.12969034598103213,3855.604,
internal_percentage,20274716,4.0,0.05,bayesian_truncated_dirichlet,,,0.204,,,1.0,,,,,0.852,0.6011849177905372,0.1338542114258123,3905.948,
internal_percentage,20274716,4.0,0.1,bayesian_truncated_dirichlet,,,0.1646586345381526,,,0.996,,,,,0.8072289156626506,0.5913458041763814,0.13302060447999373,3726.624,
internal_percentage,20274716,4.0,0.2,bayesian_truncated_dirichlet,,,0.148,,,1.0,,,,,0.768,0.583251318725633,0.13400475840288986,3550.076,
internal_percentage,20274716,5.0,0.0,bayesian_truncated_dirichlet,,,0.064,,,1.0,,,,,0.844,0.5306433025869304,0.10967869871859032,3539.124,
internal_percentage,20274716,5.0,0.05,bayesian_truncated_dirichlet,,,0.024193548387096774,,,0.992,,,,,0.7983870967741935,0.5260145350567869,0.1148100687047707,3379.296,
internal_percentage,20274716,5.0,0.1,bayesian_truncated_dirichlet,,,0.08,,,1.0,,,,,0.728,0.5239176708884744,0.11201183098627986,3379.396,
internal_percentage,20274716,5.0,0.2,bayesian_truncated_dirichlet,,,0.068,,,1.0,,,,,0.724,0.5122991899824482,0.11558806072317311,3117.608,
internal_percentage,20274716,6.0,0.0,bayesian_truncated_dirichlet,,,0.016,,,1.0,,,,,0.796,0.47179100189505413,0.09699286212650249,3284.156,
internal_percentage,20274716,6.0,0.05,bayesian_truncated_dirichlet,,,0.048,,,1.0,,,,,0.768,0.46785897739645366,0.0964047042843693,3323.444,
internal_percentage,20274716,6.0,0.1,bayesian_truncated_dirichlet,,,0.032,,,1.0,,,,,0.764,0.4633794838596604,0.09823841852937659,3223.812,
internal_percentage,20274716,6.0,0.2,bayesian_truncated_dirichlet,,,0.02,,,1.0,,,,,0.648,0.46017116268360014,0.09917554983985857,3043.748,
internal_percentage,20275716,4.0,0.0,bayesian_truncated_dirichlet,,,0.184,,,1.0,,,,,0.88,0.5978298920216876,0.12722748164987427,3742.68,
internal_percentage,20275716,4.0,0.05,bayesian_truncated_dirichlet,,,0.17269076305220885,,,0.996,,,,,0.8674698795180723,0.5967497221302394,0.13306611455179537,3729.324,
internal_percentage,20275716,4.0,0.1,bayesian_truncated_dirichlet,,,0.2,,,1.0,,,,,0.816,0.5944319809590175,0.1366278902854413,3737.156,
internal_percentage,20275716,4.0,0.2,bayesian_truncated_dirichlet,,,0.172,,,1.0,,,,,0.752,0.5864194238427045,0.13550318684013632,3533.308,
internal_percentage,20275716,5.0,0.0,bayesian_truncated_dirichlet,,,0.092,,,1.0,,,,,0.86,0.5235983980584923,0.11073292168330869,3482.404,
internal_percentage,20275716,5.0,0.05,bayesian_truncated_dirichlet,,,0.104,,,1.0,,,,,0.832,0.5266794901510109,0.11235759584827433,3578.956,
internal_percentage,20275716,5.0,0.1,bayesian_truncated_dirichlet,,,0.072,,,1.0,,,,,0.776,0.5270050281617666,0.11396621831296361,3453.22,
internal_percentage,20275716,5.0,0.2,bayesian_truncated_dirichlet,,,0.06,,,1.0,,,,,0.74,0.5213066276251308,0.11619204160210898,3324.144,
internal_percentage,20275716,6.0,0.0,bayesian_truncated_dirichlet,,,0.028,,,1.0,,,,,0.808,0.47000248330948347,0.09567786219647481,3269.648,
internal_percentage,20275716,6.0,0.05,bayesian_truncated_dirichlet,,,0.032,,,1.0,,,,,0.776,0.4672745506097535,0.09832861457396005,3199.956,
internal_percentage,20275716,6.0,0.1,bayesian_truncated_dirichlet,,,0.024,,,1.0,,,,,0.796,0.4689676816578024,0.09557089482288605,3200.372,
internal_percentage,20275716,6.0,0.2,bayesian_truncated_dirichlet,,,0.036,,,1.0,,,,,0.772,0.47087268460764586,0.09629601639931135,3290.436,
internal_percentage,20276716,4.0,0.0,bayesian_truncated_dirichlet,,,0.168,,,1.0,,,,,0.892,0.5957056643346157,0.12335540180613583,3801.348,
internal_percentage,20276716,4.0,0.05,bayesian_truncated_dirichlet,,,0.156,,,1.0,,,,,0.832,0.5921488397320398,0.1331064361096251,3863.016,
internal_percentage,20276716,4.0,0.1,bayesian_truncated_dirichlet,,,0.152,,,1.0,,,,,0.796,0.5920215687703692,0.13992976841134627,3769.812,
internal_percentage,20276716,4.0,0.2,bayesian_truncated_dirichlet,,,0.13654618473895583,,,0.996,,,,,0.7710843373493976,0.5926669416644507,0.13506221219804104,3593.56,
internal_percentage,20276716,5.0,0.0,bayesian_truncated_dirichlet,,,0.064,,,1.0,,,,,0.848,0.5318099747555143,0.10881696642825345,3610.844,
internal_percentage,20276716,5.0,0.05,bayesian_truncated_dirichlet,,,0.10040160642570281,,,0.996,,,,,0.8032128514056225,0.5254891846018022,0.111578578176018,3523.196,
internal_percentage,20276716,5.0,0.1,bayesian_truncated_dirichlet,,,0.076,,,1.0,,,,,0.84,0.5257034379525419,0.11301905205475357,3460.504,
internal_percentage,20276716,5.0,0.2,bayesian_truncated_dirichlet,,,0.0321285140562249,,,0.996,,,,,0.7710843373493976,0.5187619190871939,0.1190876387469353,3205.808,
internal_percentage,20276716,6.0,0.0,bayesian_truncated_dirichlet,,,0.028,,,1.0,,,,,0.808,0.46950788775175556,0.09569544286164858,3240.364,
internal_percentage,20276716,6.0,0.05,bayesian_truncated_dirichlet,,,0.048,,,1.0,,,,,0.8,0.4650791702944298,0.09538344152606294,3213.656,
internal_percentage,20276716,6.0,0.1,bayesian_truncated_dirichlet,,,0.028,,,1.0,,,,,0.76,0.4716828588188866,0.09402782886424646,3298.764,
internal_percentage,20276716,6.0,0.2,bayesian_truncated_dirichlet,,,0.064,,,1.0,,,,,0.716,0.46616407822315165,0.09978600466215788,3065.3,
internal_percentage,20277716,4.0,0.0,bayesian_truncated_dirichlet,,,0.19678714859437751,,,0.996,,,,,0.8955823293172691,0.5984060675649646,0.1274217484006445,3819.756,
internal_percentage,20277716,4.0,0.05,bayesian_truncated_dirichlet,,,0.192,,,1.0,,,,,0.832,0.5937119068247328,0.1274376606385548,3717.0,
internal_percentage,20277716,4.0,0.1,bayesian_truncated_dirichlet,,,0.16,,,1.0,,,,,0.808,0.5785146877644911,0.13158533323763622,3484.232,
internal_percentage,20277716,4.0,0.2,bayesian_truncated_dirichlet,,,0.188,,,1.0,,,,,0.772,0.5866073416580008,0.1322923030824827,3590.564,
internal_percentage,20277716,5.0,0.0,bayesian_truncated_dirichlet,,,0.06,,,1.0,,,,,0.852,0.5207750940724701,0.11199492956529095,3338.092,
internal_percentage,20277716,5.0,0.05,bayesian_truncated_dirichlet,,,0.072,,,1.0,,,,,0.776,0.5208289500882074,0.10855470651132701,3256.068,
internal_percentage,20277716,5.0,0.1,bayesian_truncated_dirichlet,,,0.05622489959839357,,,0.996,,,,,0.7630522088353414,0.5244406411649332,0.11814754006893752,3381.5,
internal_percentage,20277716,5.0,0.2,bayesian_truncated_dirichlet,,,0.064,,,1.0,,,,,0.752,0.5175029654825143,0.11527729481137385,3208.52,
internal_percentage,20277716,6.0,0.0,bayesian_truncated_dirichlet,,,0.028112449799196786,,,0.996,,,,,0.8634538152610441,0.4706186964942985,0.0931511215416142,3345.308,
internal_percentage,20277716,6.0,0.05,bayesian_truncated_dirichlet,,,0.032,,,1.0,,,,,0.768,0.4676274007703546,0.09704979415232391,3132.316,
internal_percentage,20277716,6.0,0.1,bayesian_truncated_dirichlet,,,0.02,,,1.0,,,,,0.792,0.46653367371694215,0.10112806199787093,3185.216,
internal_percentage,20277716,6.0,0.2,bayesian_truncated_dirichlet,,,0.028112449799196786,,,0.996,,,,,0.6827309236947792,0.46224798775358306,0.09907876024337808,3048.212,
internal_percentage,20278716,4.0,0.0,bayesian_truncated_dirichlet,,,0.188,,,1.0,,,,,0.896,0.6008042807674326,0.1247731908837897,3904.68,
internal_percentage,20278716,4.0,0.05,bayesian_truncated_dirichlet,,,0.176,,,1.0,,,,,0.872,0.5962690580089683,0.12808946434085292,3734.312,
internal_percentage,20278716,4.0,0.1,bayesian_truncated_dirichlet,,,0.1606425702811245,,,0.996,,,,,0.7991967871485943,0.592529087338217,0.13820970670186325,3681.772,
internal_percentage,20278716,4.0,0.2,bayesian_truncated_dirichlet,,,0.22088353413654618,,,0.996,,,,,0.7791164658634538,0.5868718170186882,0.1324709190606065,3569.752,
internal_percentage,20278716,5.0,0.0,bayesian_truncated_dirichlet,,,0.1,,,1.0,,,,,0.892,0.5308319427599096,0.105143698611671,3545.748,
internal_percentage,20278716,5.0,0.05,bayesian_truncated_dirichlet,,,0.112,,,1.0,,,,,0.776,0.5258378570720034,0.1112947470736299,3446.388,
internal_percentage,20278716,5.0,0.1,bayesian_truncated_dirichlet,,,0.07258064516129033,,,0.992,,,,,0.7741935483870968,0.5213027064272896,0.11519153034250412,3279.872,
internal_percentage,20278716,5.0,0.2,bayesian_truncated_dirichlet,,,0.07661290322580645,,,0.992,,,,,0.717741935483871,0.5225218847841507,0.11763185421350517,3259.52,
internal_percentage,20278716,6.0,0.0,bayesian_truncated_dirichlet,,,0.024,,,1.0,,,,,0.832,0.4715366589444993,0.09746182908893758,3352.408,
internal_percentage,20278716,6.0,0.05,bayesian_truncated_dirichlet,,,0.024096385542168676,,,0.996,,,,,0.8273092369477911,0.4681161462113411,0.09519490041931675,3201.82,
internal_percentage,20278716,6.0,0.1,bayesian_truncated_dirichlet,,,0.02,,,1.0,,,,,0.748,0.4654065071620041,0.09774744216170028,3189.824,
internal_percentage,20278716,6.0,0.2,bayesian_truncated_dirichlet,,,0.028,,,1.0,,,,,0.712,0.46114573586968227,0.10033603153544136,3027.988,
internal_percentage,20279716,4.0,0.0,bayesian_truncated_dirichlet,,,0.204,,,1.0,,,,,0.888,0.5882645872156342,0.12387165368917154,3651.136,
internal_percentage,20279716,4.0,0.05,bayesian_truncated_dirichlet,,,0.156,,,1.0,,,,,0.86,0.5947084741993648,0.13288906147893134,3792.312,
internal_percentage,20279716,4.0,0.1,bayesian_truncated_dirichlet,,,0.1532258064516129,,,0.992,,,,,0.7741935483870968,0.5903226764328136,0.13710385836883632,3626.444,
internal_percentage,20279716,4.0,0.2,bayesian_truncated_dirichlet,,,0.136,,,1.0,,,,,0.744,0.5836639303634683,0.1397253557583265,3521.984,
internal_percentage,20279716,5.0,0.0,bayesian_truncated_dirichlet,,,0.096,,,1.0,,,,,0.86,0.5237185060136192,0.10791615971837683,3531.244,
internal_percentage,20279716,5.0,0.05,bayesian_truncated_dirichlet,,,0.0642570281124498,,,0.996,,,,,0.8313253012048193,0.5280682047945677,0.10918569145518378,3528.944,
internal_percentage,20279716,5.0,0.1,bayesian_truncated_dirichlet,,,0.068,,,1.0,,,,,0.8,0.5205988973509142,0.1108552756907737,3307.388,
internal_percentage,20279716,5.0,0.2,bayesian_truncated_dirichlet,,,0.05220883534136546,,,0.996,,,,,0.7228915662650602,0.5200093136504819,0.12018087138154626,3264.916,
internal_percentage,20279716,6.0,0.0,bayesian_truncated_dirichlet,,,0.028,,,1.0,,,,,0.828,0.46732099878603256,0.09723603621564637,3289.66,
internal_percentage,20279716,6.0,0.05,bayesian_truncated_dirichlet,,,0.024,,,1.0,,,,,0.828,0.46840845022940747,0.09553030359725029,3255.056,
internal_percentage,20279716,6.0,0.1,bayesian_truncated_dirichlet,,,0.032,,,1.0,,,,,0.764,0.46556435337746205,0.09786166011374405,3247.916,
internal_percentage,20279716,6.0,0.2,bayesian_truncated_dirichlet,,,0.020161290322580645,,,0.992,,,,,0.6975806451612904,0.4627682762829838,0.09917505688582291,3013.236,
external_ordinal,20260716,,,bayesian_uniform_rank_posterior,,,0.14166666666666666,,,1.0,,6.0,3.0,,0.975,0.91721875,0.27211814215578706,,146.77222222222224
external_ordinal,20260716,,,bayesian_uniform_rank_posterior,,,0.06666666666666667,,,1.0,,7.0,3.0,,1.0,0.9282314814814814,0.26878408608520593,,892.7361111111111
external_ordinal,20260716,,,bayesian_uniform_rank_posterior,,,0.14583333333333334,,,1.0,,7.0,4.0,,0.925,0.9264562251984126,0.27712738060801567,,670.10625
external_ordinal,20261716,,,bayesian_uniform_rank_posterior,,,0.15833333333333333,,,1.0,,6.0,3.0,,0.975,0.9175173611111112,0.274879264845384,,143.825
external_ordinal,20261716,,,bayesian_uniform_rank_posterior,,,0.06666666666666667,,,1.0,,7.0,3.0,,1.0,0.9277124669312169,0.2693553330026244,,879.1388888888889
external_ordinal,20261716,,,bayesian_uniform_rank_posterior,,,0.17083333333333334,,,1.0,,7.0,4.0,,0.9166666666666666,0.925548363095238,0.27510609224158417,,685.9041666666667
external_ordinal,20262716,,,bayesian_uniform_rank_posterior,,,0.13055555555555556,,,1.0,,6.0,3.0,,0.9666666666666667,0.9242777777777779,0.27579666572439215,,148.27777777777777
external_ordinal,20262716,,,bayesian_uniform_rank_posterior,,,0.06944444444444443,,,1.0,,7.0,3.0,,0.9916666666666667,0.9227346230158731,0.2659995429939844,,885.5083333333333
external_ordinal,20262716,,,bayesian_uniform_rank_posterior,,,0.175,,,1.0,,7.0,4.0,,0.9416666666666667,0.9250565476190477,0.2719423699769681,,677.55
external_ordinal,20263716,,,bayesian_uniform_rank_posterior,,,0.11666666666666667,,,1.0,,6.0,3.0,,0.9833333333333333,0.9199548611111111,0.2728648076882799,,145.08055555555558
external_ordinal,20263716,,,bayesian_uniform_rank_posterior,,,0.041666666666666664,,,1.0,,7.0,3.0,,1.0,0.9288086970899471,0.2643508599981444,,903.4833333333333
external_ordinal,20263716,,,bayesian_uniform_rank_posterior,,,0.18125,,,1.0,,7.0,4.0,,0.9083333333333333,0.9229476686507936,0.2776720665112059,,660.1125
external_ordinal,20264716,,,bayesian_uniform_rank_posterior,,,0.13888888888888887,,,1.0,,6.0,3.0,,0.9666666666666667,0.9215625000000001,0.27594057551537576,,145.36944444444444
external_ordinal,20264716,,,bayesian_uniform_rank_posterior,,,0.07222222222222222,,,1.0,,7.0,3.0,,0.9916666666666667,0.9303974867724867,0.26760944576318096,,909.1
external_ordinal,20264716,,,bayesian_uniform_rank_posterior,,,0.16875,,,1.0,,7.0,4.0,,0.9333333333333333,0.926632316468254,0.27629898119178453,,672.66875
external_ordinal,20265716,,,bayesian_uniform_rank_posterior,,,0.15833333333333333,,,1.0,,6.0,3.0,,0.9833333333333333,0.929136574074074,0.27647753963883215,,148.10833333333332
external_ordinal,20265716,,,bayesian_uniform_rank_posterior,,,0.04444444444444444,,,1.0,,7.0,3.0,,1.0,0.9261608796296296,0.2676574589179017,,913.4944444444444
external_ordinal,20265716,,,bayesian_uniform_rank_posterior,,,0.18958333333333333,,,1.0,,7.0,4.0,,0.9333333333333333,0.9293797123015872,0.2739182495296348,,674.0979166666667
external_ordinal,20266716,,,bayesian_uniform_rank_posterior,,,0.13888888888888887,,,1.0,,6.0,3.0,,0.9666666666666667,0.920888888888889,0.27899962957392277,,146.23055555555555
external_ordinal,20266716,,,bayesian_uniform_rank_posterior,,,0.08055555555555555,,,1.0,,7.0,3.0,,0.9916666666666667,0.9252271825396825,0.2679535977925707,,869.8944444444444
external_ordinal,20266716,,,bayesian_uniform_rank_posterior,,,0.17708333333333334,,,1.0,,7.0,4.0,,0.95,0.9205252976190476,0.27439529045805944,,673.7375
external_ordinal,20267716,,,bayesian_uniform_rank_posterior,,,0.14444444444444443,,,1.0,,6.0,3.0,,0.9833333333333333,0.9203113425925926,0.2764615573445293,,143.99166666666667
external_ordinal,20267716,,,bayesian_uniform_rank_posterior,,,0.06388888888888888,,,1.0,,7.0,3.0,,1.0,0.9272002314814815,0.2650593289133677,,899.1416666666667
external_ordinal,20267716,,,bayesian_uniform_rank_posterior,,,0.15625,,,1.0,,7.0,4.0,,0.9083333333333333,0.927539310515873,0.27667038635899976,,670.0125
external_ordinal,20268716,,,bayesian_uniform_rank_posterior,,,0.14444444444444443,,,1.0,,6.0,3.0,,0.9666666666666667,0.9216354166666666,0.2767419814922594,,142.85833333333332
external_ordinal,20268716,,,bayesian_uniform_rank_posterior,,,0.05277777777777778,,,1.0,,7.0,3.0,,0.9833333333333333,0.9233444113756613,0.26751018984678093,,854.7027777777778
external_ordinal,20268716,,,bayesian_uniform_rank_posterior,,,0.1625,,,1.0,,7.0,4.0,,0.9333333333333333,0.9246029265873015,0.2748513448584261,,650.5458333333333
external_ordinal,20269716,,,bayesian_uniform_rank_posterior,,,0.13333333333333333,,,1.0,,6.0,3.0,,0.9833333333333333,0.9231886574074074,0.27709419513568867,,144.56666666666666
external_ordinal,20269716,,,bayesian_uniform_rank_posterior,,,0.058333333333333334,,,1.0,,7.0,3.0,,1.0,0.9229707341269842,0.266214323015964,,885.6638888888889
external_ordinal,20269716,,,bayesian_uniform_rank_posterior,,,0.1625,,,1.0,,7.0,4.0,,0.9416666666666667,0.9224293154761904,0.2738449438538669,,671.2375
external_ordinal,20270716,,,bayesian_uniform_rank_posterior,,,0.1722222222222222,,,1.0,,6.0,3.0,,0.975,0.9214745370370371,0.27714442425266406,,144.1638888888889
external_ordinal,20270716,,,bayesian_uniform_rank_posterior,,,0.08333333333333333,,,1.0,,7.0,3.0,,1.0,0.9270408399470899,0.2679489573465626,,891.5333333333333
external_ordinal,20270716,,,bayesian_uniform_rank_posterior,,,0.17291666666666666,,,1.0,,7.0,4.0,,0.9416666666666667,0.9260716765873016,0.2772834845283433,,660.2
external_ordinal,20271716,,,bayesian_uniform_rank_posterior,,,0.15555555555555553,,,1.0,,6.0,3.0,,0.9583333333333334,0.9195208333333333,0.27642086799562493,,149.0361111111111
external_ordinal,20271716,,,bayesian_uniform_rank_posterior,,,0.075,,,1.0,,7.0,3.0,,0.9916666666666667,0.9242577711640211,0.26504132253514245,,890.938888888889
external_ordinal,20271716,,,bayesian_uniform_rank_posterior,,,0.17291666666666666,,,1.0,,7.0,4.0,,0.9416666666666667,0.9243402777777777,0.27268393061267493,,666.6020833333333
external_ordinal,20272716,,,bayesian_uniform_rank_posterior,,,0.15,,,1.0,,6.0,3.0,,0.9666666666666667,0.9280208333333333,0.27691297423587297,,146.99166666666667
external_ordinal,20272716,,,bayesian_uniform_rank_posterior,,,0.08333333333333333,,,1.0,,7.0,3.0,,1.0,0.9245780423280422,0.26524922081130475,,876.3305555555556
external_ordinal,20272716,,,bayesian_uniform_rank_posterior,,,0.17916666666666667,,,1.0,,7.0,4.0,,0.925,0.9242620287698412,0.2743472284458698,,681.7125
external_ordinal,20273716,,,bayesian_uniform_rank_posterior,,,0.15833333333333333,,,1.0,,6.0,3.0,,0.975,0.9222418981481482,0.27553255271469435,,144.88888888888889
external_ordinal,20273716,,,bayesian_uniform_rank_posterior,,,0.06666666666666667,,,1.0,,7.0,3.0,,1.0,0.9245342261904761,0.2662196761373623,,890.3333333333334
external_ordinal,20273716,,,bayesian_uniform_rank_posterior,,,0.15416666666666667,,,1.0,,7.0,4.0,,0.8916666666666667,0.9225466269841269,0.27481307010028294,,686.1145833333334
external_ordinal,20274716,,,bayesian_uniform_rank_posterior,,,0.14166666666666666,,,1.0,,6.0,3.0,,0.9583333333333334,0.9237650462962963,0.27782579623948206,,146.45833333333334
external_ordinal,20274716,,,bayesian_uniform_rank_posterior,,,0.05,,,1.0,,7.0,3.0,,1.0,0.9260186838624338,0.2694581019671672,,902.9722222222223
external_ordinal,20274716,,,bayesian_uniform_rank_posterior,,,0.16458333333333333,,,1.0,,7.0,4.0,,0.925,0.9253670634920634,0.2737200533359194,,674.0583333333333
external_ordinal,20275716,,,bayesian_uniform_rank_posterior,,,0.15277777777777776,,,1.0,,6.0,3.0,,0.9583333333333334,0.9187685185185186,0.2759478275257265,,147.0388888888889
external_ordinal,20275716,,,bayesian_uniform_rank_posterior,,,0.06944444444444443,,,1.0,,7.0,3.0,,1.0,0.9268040674603174,0.2683669867723965,,857.175
external_ordinal,20275716,,,bayesian_uniform_rank_posterior,,,0.13125,,,1.0,,7.0,4.0,,0.9416666666666667,0.9256738591269841,0.2759361267170018,,643.0520833333334
external_ordinal,20276716,,,bayesian_uniform_rank_posterior,,,0.14444444444444443,,,1.0,,6.0,3.0,,0.9583333333333334,0.9209479166666666,0.2755229449175953,,146.3861111111111
external_ordinal,20276716,,,bayesian_uniform_rank_posterior,,,0.06944444444444443,,,1.0,,7.0,3.0,,1.0,0.9248032407407406,0.2656536076062462,,892.1666666666666
external_ordinal,20276716,,,bayesian_uniform_rank_posterior,,,0.15208333333333332,,,1.0,,7.0,4.0,,0.9666666666666667,0.9290669642857142,0.2749281940762904,,681.1729166666667
external_ordinal,20277716,,,bayesian_uniform_rank_posterior,,,0.14166666666666666,,,1.0,,6.0,3.0,,0.9833333333333333,0.927263888888889,0.27670989088201653,,146.65
external_ordinal,20277716,,,bayesian_uniform_rank_posterior,,,0.06666666666666667,,,1.0,,7.0,3.0,,1.0,0.9289925595238094,0.27039455855919187,,900.7777777777777
external_ordinal,20277716,,,bayesian_uniform_rank_posterior,,,0.16041666666666668,,,1.0,,7.0,4.0,,0.925,0.9233793402777778,0.27437058631967803,,681.98125
external_ordinal,20278716,,,bayesian_uniform_rank_posterior,,,0.16666666666666666,,,1.0,,6.0,3.0,,0.95,0.9139270833333334,0.2744189362778005,,143.03055555555557
external_ordinal,20278716,,,bayesian_uniform_rank_posterior,,,0.041666666666666664,,,1.0,,7.0,3.0,,1.0,0.931485119047619,0.26928911670977196,,886.561111111111
external_ordinal,20278716,,,bayesian_uniform_rank_posterior,,,0.14583333333333334,,,1.0,,7.0,4.0,,0.925,0.9232017609126983,0.2754431332578913,,682.7958333333333
external_ordinal,20279716,,,bayesian_uniform_rank_posterior,,,0.16388888888888886,,,1.0,,6.0,3.0,,0.95,0.9180104166666666,0.27380946839604287,,142.39444444444445
external_ordinal,20279716,,,bayesian_uniform_rank_posterior,,,0.058333333333333334,,,1.0,,7.0,3.0,,0.9916666666666667,0.9277412367724868,0.2675786053578201,,902.6638888888889
external_ordinal,20279716,,,bayesian_uniform_rank_posterior,,,0.17083333333333334,,,1.0,,7.0,4.0,,0.8833333333333333,0.9230379464285714,0.2741784511750855,,683.2104166666667
