synthesizer,seed,n_active,outcome_noise_probability,method,coverage,width,n_candidates,n_rounds
internal_percentage,20260716,4.0,0.0,rule_agnostic_partial_identification,1.0,1.0,,
internal_percentage,20260716,4.0,0.0,rule_aware_partial_identification,1.0,0.8250481400750768,,
internal_percentage,20260716,4.0,0.05,rule_agnostic_partial_identification,1.0,1.0,,
internal_percentage,20260716,4.0,0.05,rule_aware_partial_identification,0.984,0.8154139859910686,,
internal_percentage,20260716,4.0,0.1,rule_agnostic_partial_identification,1.0,1.0,,
internal_percentage,20260716,4.0,0.1,rule_aware_partial_identification,0.952,0.8119495290053548,,
internal_percentage,20260716,4.0,0.2,rule_agnostic_partial_identification,1.0,1.0,,
internal_percentage,20260716,4.0,0.2,rule_aware_partial_identification,0.932,0.8128054447556207,,
internal_percentage,20260716,5.0,0.0,rule_agnostic_partial_identification,1.0,1.0,,
internal_percentage,20260716,5.0,0.0,rule_aware_partial_identification,1.0,0.8454678439453088,,
internal_percentage,20260716,5.0,0.05,rule_agnostic_partial_identification,1.0,1.0,,
internal_percentage,20260716,5.0,0.05,rule_aware_partial_identification,0.976,0.8468328349379755,,
internal_percentage,20260716,5.0,0.1,rule_agnostic_partial_identification,1.0,1.0,,
internal_percentage,20260716,5.0,0.1,rule_aware_partial_identification,0.948,0.8362326368476187,,
internal_percentage,20260716,5.0,0.2,rule_agnostic_partial_identification,1.0,1.0,,
internal_percentage,20260716,5.0,0.2,rule_aware_partial_identification,0.904,0.8374341477374592,,
internal_percentage,20260716,6.0,0.0,rule_agnostic_partial_identification,1.0,1.0,,
internal_percentage,20260716,6.0,0.0,rule_aware_partial_identification,1.0,0.8628515617549695,,
internal_percentage,20260716,6.0,0.05,rule_agnostic_partial_identification,1.0,1.0,,
internal_percentage,20260716,6.0,0.05,rule_aware_partial_identification,0.98,0.8607150113236216,,
internal_percentage,20260716,6.0,0.1,rule_agnostic_partial_identification,1.0,1.0,,
internal_percentage,20260716,6.0,0.1,rule_aware_partial_identification,0.972,0.8621991011296256,,
internal_percentage,20260716,6.0,0.2,rule_agnostic_partial_identification,1.0,1.0,,
internal_percentage,20260716,6.0,0.2,rule_aware_partial_identification,0.92,0.8542526997107899,,
external_ordinal,20260716,,,rule_agnostic_ordinal,1.0,1.0,6.0,3.0
external_ordinal,20260716,,,rule_aware_discretion,1.0,0.9504166666666668,6.0,3.0
external_ordinal,20260716,,,rule_agnostic_ordinal,1.0,1.0,7.0,3.0
external_ordinal,20260716,,,rule_aware_discretion,1.0,0.9630886243386243,7.0,3.0
external_ordinal,20260716,,,rule_agnostic_ordinal,1.0,1.0,7.0,4.0
external_ordinal,20260716,,,rule_aware_discretion,1.0,0.9604613095238095,7.0,4.0
internal_percentage,20261716,4.0,0.0,rule_agnostic_partial_identification,1.0,1.0,,
internal_percentage,20261716,4.0,0.0,rule_aware_partial_identification,1.0,0.8238980824069145,,
internal_percentage,20261716,4.0,0.05,rule_agnostic_partial_identification,1.0,1.0,,
internal_percentage,20261716,4.0,0.05,rule_aware_partial_identification,0.992,0.8272435950461543,,
internal_percentage,20261716,4.0,0.1,rule_agnostic_partial_identification,1.0,1.0,,
internal_percentage,20261716,4.0,0.1,rule_aware_partial_identification,0.964,0.8221266980690816,,
internal_percentage,20261716,4.0,0.2,rule_agnostic_partial_identification,1.0,1.0,,
internal_percentage,20261716,4.0,0.2,rule_aware_partial_identification,0.888,0.7933950765728065,,
internal_percentage,20261716,5.0,0.0,rule_agnostic_partial_identification,1.0,1.0,,
internal_percentage,20261716,5.0,0.0,rule_aware_partial_identification,1.0,0.8463242072654975,,
internal_percentage,20261716,5.0,0.05,rule_agnostic_partial_identification,1.0,1.0,,
internal_percentage,20261716,5.0,0.05,rule_aware_partial_identification,0.984,0.8395456661356445,,
internal_percentage,20261716,5.0,0.1,rule_agnostic_partial_identification,1.0,1.0,,
internal_percentage,20261716,5.0,0.1,rule_aware_partial_identification,0.952,0.8380313681549136,,
internal_percentage,20261716,5.0,0.2,rule_agnostic_partial_identification,1.0,1.0,,
internal_percentage,20261716,5.0,0.2,rule_aware_partial_identification,0.912,0.8298013416156157,,
internal_percentage,20261716,6.0,0.0,rule_agnostic_partial_identification,1.0,1.0,,
internal_percentage,20261716,6.0,0.0,rule_aware_partial_identification,1.0,0.8607156381646573,,
internal_percentage,20261716,6.0,0.05,rule_agnostic_partial_identification,1.0,1.0,,
internal_percentage,20261716,6.0,0.05,rule_aware_partial_identification,0.984,0.8570383203505385,,
internal_percentage,20261716,6.0,0.1,rule_agnostic_partial_identification,1.0,1.0,,
internal_percentage,20261716,6.0,0.1,rule_aware_partial_identification,0.972,0.8626312517509044,,
internal_percentage,20261716,6.0,0.2,rule_agnostic_partial_identification,1.0,1.0,,
internal_percentage,20261716,6.0,0.2,rule_aware_partial_identification,0.912,0.8541519488119889,,
external_ordinal,20261716,,,rule_agnostic_ordinal,1.0,1.0,6.0,3.0
external_ordinal,20261716,,,rule_aware_discretion,1.0,0.9497222222222222,6.0,3.0
external_ordinal,20261716,,,rule_agnostic_ordinal,1.0,1.0,7.0,3.0
external_ordinal,20261716,,,rule_aware_discretion,1.0,0.9632936507936507,7.0,3.0
external_ordinal,20261716,,,rule_agnostic_ordinal,1.0,1.0,7.0,4.0
external_ordinal,20261716,,,rule_aware_discretion,1.0,0.960406746031746,7.0,4.0
internal_percentage,20262716,4.0,0.0,rule_agnostic_partial_identification,1.0,1.0,,
internal_percentage,20262716,4.0,0.0,rule_aware_partial_identification,1.0,0.8328668413828849,,
internal_percentage,20262716,4.0,0.05,rule_agnostic_partial_identification,1.0,1.0,,
internal_percentage,20262716,4.0,0.05,rule_aware_partial_identification,0.98,0.8174079013930252,,
internal_percentage,20262716,4.0,0.1,rule_agnostic_partial_identification,1.0,1.0,,
internal_percentage,20262716,4.0,0.1,rule_aware_partial_identification,0.944,0.8156746572306781,,
internal_percentage,20262716,4.0,0.2,rule_agnostic_partial_identification,1.0,1.0,,
internal_percentage,20262716,4.0,0.2,rule_aware_partial_identification,0.908,0.8038231313904454,,
internal_percentage,20262716,5.0,0.0,rule_agnostic_partial_identification,1.0,1.0,,
internal_percentage,20262716,5.0,0.0,rule_aware_partial_identification,1.0,0.8473846552045962,,
internal_percentage,20262716,5.0,0.05,rule_agnostic_partial_identification,1.0,1.0,,
internal_percentage,20262716,5.0,0.05,rule_aware_partial_identification,0.976,0.8461374942530375,,
internal_percentage,20262716,5.0,0.1,rule_agnostic_partial_identification,1.0,1.0,,
internal_percentage,20262716,5.0,0.1,rule_aware_partial_identification,0.952,0.8368145004216596,,
internal_percentage,20262716,5.0,0.2,rule_agnostic_partial_identification,1.0,1.0,,
internal_percentage,20262716,5.0,0.2,rule_aware_partial_identification,0.9,0.8324891762986881,,
internal_percentage,20262716,6.0,0.0,rule_agnostic_partial_identification,1.0,1.0,,
internal_percentage,20262716,6.0,0.0,rule_aware_partial_identification,1.0,0.8678630711611672,,
internal_percentage,20262716,6.0,0.05,rule_agnostic_partial_identification,1.0,1.0,,
internal_percentage,20262716,6.0,0.05,rule_aware_partial_identification,0.972,0.862017331337525,,
internal_percentage,20262716,6.0,0.1,rule_agnostic_partial_identification,1.0,1.0,,
internal_percentage,20262716,6.0,0.1,rule_aware_partial_identification,0.976,0.8574436619402622,,
internal_percentage,20262716,6.0,0.2,rule_agnostic_partial_identification,1.0,1.0,,
internal_percentage,20262716,6.0,0.2,rule_aware_partial_identification,0.896,0.8498615857119831,,
external_ordinal,20262716,,,rule_agnostic_ordinal,1.0,1.0,6.0,3.0
external_ordinal,20262716,,,rule_aware_discretion,1.0,0.957962962962963,6.0,3.0
external_ordinal,20262716,,,rule_agnostic_ordinal,1.0,1.0,7.0,3.0
external_ordinal,20262716,,,rule_aware_discretion,1.0,0.9583531746031746,7.0,3.0
external_ordinal,20262716,,,rule_agnostic_ordinal,1.0,1.0,7.0,4.0
external_ordinal,20262716,,,rule_aware_discretion,1.0,0.9600000000000001,7.0,4.0
internal_percentage,20263716,4.0,0.0,rule_agnostic_partial_identification,1.0,1.0,,
internal_percentage,20263716,4.0,0.0,rule_aware_partial_identification,1.0,0.8257543241192237,,
internal_percentage,20263716,4.0,0.05,rule_agnostic_partial_identification,1.0,1.0,,
internal_percentage,20263716,4.0,0.05,rule_aware_partial_identification,0.984,0.8257244683307191,,
internal_percentage,20263716,4.0,0.1,rule_agnostic_partial_identification,1.0,1.0,,
internal_percentage,20263716,4.0,0.1,rule_aware_partial_identification,0.952,0.8093783588701662,,
internal_percentage,20263716,4.0,0.2,rule_agnostic_partial_identification,1.0,1.0,,
internal_percentage,20263716,4.0,0.2,rule_aware_partial_identification,0.892,0.8040347763732384,,
internal_percentage,20263716,5.0,0.0,rule_agnostic_partial_identification,1.0,1.0,,
internal_percentage,20263716,5.0,0.0,rule_aware_partial_identification,1.0,0.8458109507514937,,
internal_percentage,20263716,5.0,0.05,rule_agnostic_partial_identification,1.0,1.0,,
internal_percentage,20263716,5.0,0.05,rule_aware_partial_identification,0.98,0.8426302881761785,,
internal_percentage,20263716,5.0,0.1,rule_agnostic_partial_identification,1.0,1.0,,
internal_percentage,20263716,5.0,0.1,rule_aware_partial_identification,0.968,0.8390143961919927,,
internal_percentage,20263716,5.0,0.2,rule_agnostic_partial_identification,1.0,1.0,,
internal_percentage,20263716,5.0,0.2,rule_aware_partial_identification,0.924,0.8406407155965775,,
internal_percentage,20263716,6.0,0.0,rule_agnostic_partial_identification,1.0,1.0,,
internal_percentage,20263716,6.0,0.0,rule_aware_partial_identification,1.0,0.8632521136326442,,
internal_percentage,20263716,6.0,0.05,rule_agnostic_partial_identification,1.0,1.0,,
internal_percentage,20263716,6.0,0.05,rule_aware_partial_identification,0.976,0.8627537966760246,,
internal_percentage,20263716,6.0,0.1,rule_agnostic_partial_identification,1.0,1.0,,
internal_percentage,20263716,6.0,0.1,rule_aware_partial_identification,0.964,0.8615954241387973,,
internal_percentage,20263716,6.0,0.2,rule_agnostic_partial_identification,1.0,1.0,,
internal_percentage,20263716,6.0,0.2,rule_aware_partial_identification,0.904,0.8584288100026434,,
external_ordinal,20263716,,,rule_agnostic_ordinal,1.0,1.0,6.0,3.0
external_ordinal,20263716,,,rule_aware_discretion,1.0,0.9525925925925927,6.0,3.0
external_ordinal,20263716,,,rule_agnostic_ordinal,1.0,1.0,7.0,3.0
external_ordinal,20263716,,,rule_aware_discretion,1.0,0.9643055555555555,7.0,3.0
external_ordinal,20263716,,,rule_agnostic_ordinal,1.0,1.0,7.0,4.0
external_ordinal,20263716,,,rule_aware_discretion,1.0,0.9575099206349207,7.0,4.0
internal_percentage,20264716,4.0,0.0,rule_agnostic_partial_identification,1.0,1.0,,
internal_percentage,20264716,4.0,0.0,rule_aware_partial_identification,1.0,0.8265054064208833,,
internal_percentage,20264716,4.0,0.05,rule_agnostic_partial_identification,1.0,1.0,,
internal_percentage,20264716,4.0,0.05,rule_aware_partial_identification,0.972,0.8197204823401599,,
internal_percentage,20264716,4.0,0.1,rule_agnostic_partial_identification,1.0,1.0,,
internal_percentage,20264716,4.0,0.1,rule_aware_partial_identification,0.936,0.8155816656938853,,
internal_percentage,20264716,4.0,0.2,rule_agnostic_partial_identification,1.0,1.0,,
internal_percentage,20264716,4.0,0.2,rule_aware_partial_identification,0.936,0.8116331073584946,,
internal_percentage,20264716,5.0,0.0,rule_agnostic_partial_identification,1.0,1.0,,
internal_percentage,20264716,5.0,0.0,rule_aware_partial_identification,1.0,0.845730465318593,,
internal_percentage,20264716,5.0,0.05,rule_agnostic_partial_identification,1.0,1.0,,
internal_percentage,20264716,5.0,0.05,rule_aware_partial_identification,0.976,0.8496782730877018,,
internal_percentage,20264716,5.0,0.1,rule_agnostic_partial_identification,1.0,1.0,,
internal_percentage,20264716,5.0,0.1,rule_aware_partial_identification,0.968,0.8397478037866859,,
internal_percentage,20264716,5.0,0.2,rule_agnostic_partial_identification,1.0,1.0,,
internal_percentage,20264716,5.0,0.2,rule_aware_partial_identification,0.9,0.8307508479732992,,
internal_percentage,20264716,6.0,0.0,rule_agnostic_partial_identification,1.0,1.0,,
internal_percentage,20264716,6.0,0.0,rule_aware_partial_identification,1.0,0.864769083482641,,
internal_percentage,20264716,6.0,0.05,rule_agnostic_partial_identification,1.0,1.0,,
internal_percentage,20264716,6.0,0.05,rule_aware_partial_identification,0.964,0.8620928303841329,,
internal_percentage,20264716,6.0,0.1,rule_agnostic_partial_identification,1.0,1.0,,
internal_percentage,20264716,6.0,0.1,rule_aware_partial_identification,0.948,0.8545069131466344,,
internal_percentage,20264716,6.0,0.2,rule_agnostic_partial_identification,1.0,1.0,,
internal_percentage,20264716,6.0,0.2,rule_aware_partial_identification,0.916,0.8540706985803719,,
external_ordinal,20264716,,,rule_agnostic_ordinal,1.0,1.0,6.0,3.0
external_ordinal,20264716,,,rule_aware_discretion,1.0,0.9540277777777779,6.0,3.0
external_ordinal,20264716,,,rule_agnostic_ordinal,1.0,1.0,7.0,3.0
external_ordinal,20264716,,,rule_aware_discretion,1.0,0.9668915343915344,7.0,3.0
external_ordinal,20264716,,,rule_agnostic_ordinal,1.0,1.0,7.0,4.0
external_ordinal,20264716,,,rule_aware_discretion,1.0,0.9604811507936508,7.0,4.0
internal_percentage,20265716,4.0,0.0,rule_agnostic_partial_identification,1.0,1.0,,
internal_percentage,20265716,4.0,0.0,rule_aware_partial_identification,1.0,0.8299546084025942,,
internal_percentage,20265716,4.0,0.05,rule_agnostic_partial_identification,1.0,1.0,,
internal_percentage,20265716,4.0,0.05,rule_aware_partial_identification,0.984,0.8232149964950326,,
internal_percentage,20265716,4.0,0.1,rule_agnostic_partial_identification,1.0,1.0,,
internal_percentage,20265716,4.0,0.1,rule_aware_partial_identification,0.948,0.8100312431856216,,
internal_percentage,20265716,4.0,0.2,rule_agnostic_partial_identification,1.0,1.0,,
internal_percentage,20265716,4.0,0.2,rule_aware_partial_identification,0.912,0.8091045218558195,,
internal_percentage,20265716,5.0,0.0,rule_agnostic_partial_identification,1.0,1.0,,
internal_percentage,20265716,5.0,0.0,rule_aware_partial_identification,1.0,0.8508978498945693,,
internal_percentage,20265716,5.0,0.05,rule_agnostic_partial_identification,1.0,1.0,,
internal_percentage,20265716,5.0,0.05,rule_aware_partial_identification,0.984,0.8430035073391925,,
internal_percentage,20265716,5.0,0.1,rule_agnostic_partial_identification,1.0,1.0,,
internal_percentage,20265716,5.0,0.1,rule_aware_partial_identification,0.96,0.8365034616712352,,
internal_percentage,20265716,5.0,0.2,rule_agnostic_partial_identification,1.0,1.0,,
internal_percentage,20265716,5.0,0.2,rule_aware_partial_identification,0.94,0.8384023221971383,,
internal_percentage,20265716,6.0,0.0,rule_agnostic_partial_identification,1.0,1.0,,
internal_percentage,20265716,6.0,0.0,rule_aware_partial_identification,1.0,0.864256386982373,,
internal_percentage,20265716,6.0,0.05,rule_agnostic_partial_identification,1.0,1.0,,
internal_percentage,20265716,6.0,0.05,rule_aware_partial_identification,0.976,0.8632527375515893,,
internal_percentage,20265716,6.0,0.1,rule_agnostic_partial_identification,1.0,1.0,,
internal_percentage,20265716,6.0,0.1,rule_aware_partial_identification,0.948,0.8572966246459354,,
internal_percentage,20265716,6.0,0.2,rule_agnostic_partial_identification,1.0,1.0,,
internal_percentage,20265716,6.0,0.2,rule_aware_partial_identification,0.904,0.846756858668676,,
external_ordinal,20265716,,,rule_agnostic_ordinal,1.0,1.0,6.0,3.0
external_ordinal,20265716,,,rule_aware_discretion,1.0,0.961111111111111,6.0,3.0
external_ordinal,20265716,,,rule_agnostic_ordinal,1.0,1.0,7.0,3.0
external_ordinal,20265716,,,rule_aware_discretion,1.0,0.9621957671957673,7.0,3.0
external_ordinal,20265716,,,rule_agnostic_ordinal,1.0,1.0,7.0,4.0
external_ordinal,20265716,,,rule_aware_discretion,1.0,0.9641815476190476,7.0,4.0
internal_percentage,20266716,4.0,0.0,rule_agnostic_partial_identification,1.0,1.0,,
internal_percentage,20266716,4.0,0.0,rule_aware_partial_identification,1.0,0.8255932326253932,,
internal_percentage,20266716,4.0,0.05,rule_agnostic_partial_identification,1.0,1.0,,
internal_percentage,20266716,4.0,0.05,rule_aware_partial_identification,0.984,0.821497673427456,,
internal_percentage,20266716,4.0,0.1,rule_agnostic_partial_identification,1.0,1.0,,
internal_percentage,20266716,4.0,0.1,rule_aware_partial_identification,0.952,0.8101635425237023,,
internal_percentage,20266716,4.0,0.2,rule_agnostic_partial_identification,1.0,1.0,,
internal_percentage,20266716,4.0,0.2,rule_aware_partial_identification,0.888,0.8016049885652027,,
internal_percentage,20266716,5.0,0.0,rule_agnostic_partial_identification,1.0,1.0,,
internal_percentage,20266716,5.0,0.0,rule_aware_partial_identification,1.0,0.8467480071932764,,
internal_percentage,20266716,5.0,0.05,rule_agnostic_partial_identification,1.0,1.0,,
internal_percentage,20266716,5.0,0.05,rule_aware_partial_identification,0.98,0.846115552816956,,
internal_percentage,20266716,5.0,0.1,rule_agnostic_partial_identification,1.0,1.0,,
internal_percentage,20266716,5.0,0.1,rule_aware_partial_identification,0.964,0.8426269855231383,,
internal_percentage,20266716,5.0,0.2,rule_agnostic_partial_identification,1.0,1.0,,
internal_percentage,20266716,5.0,0.2,rule_aware_partial_identification,0.904,0.8302527440995786,,
internal_percentage,20266716,6.0,0.0,rule_agnostic_partial_identification,1.0,1.0,,
internal_percentage,20266716,6.0,0.0,rule_aware_partial_identification,1.0,0.8636183033514305,,
internal_percentage,20266716,6.0,0.05,rule_agnostic_partial_identification,1.0,1.0,,
internal_percentage,20266716,6.0,0.05,rule_aware_partial_identification,0.976,0.8620577281312897,,
internal_percentage,20266716,6.0,0.1,rule_agnostic_partial_identification,1.0,1.0,,
internal_percentage,20266716,6.0,0.1,rule_aware_partial_identification,0.952,0.8612965902739946,,
internal_percentage,20266716,6.0,0.2,rule_agnostic_partial_identification,1.0,1.0,,
internal_percentage,20266716,6.0,0.2,rule_aware_partial_identification,0.92,0.8537488577400378,,
external_ordinal,20266716,,,rule_agnostic_ordinal,1.0,1.0,6.0,3.0
external_ordinal,20266716,,,rule_aware_discretion,1.0,0.9545833333333335,6.0,3.0
external_ordinal,20266716,,,rule_agnostic_ordinal,1.0,1.0,7.0,3.0
external_ordinal,20266716,,,rule_aware_discretion,1.0,0.9603240740740742,7.0,3.0
external_ordinal,20266716,,,rule_agnostic_ordinal,1.0,1.0,7.0,4.0
external_ordinal,20266716,,,rule_aware_discretion,1.0,0.9547569444444445,7.0,4.0
internal_percentage,20267716,4.0,0.0,rule_agnostic_partial_identification,1.0,1.0,,
internal_percentage,20267716,4.0,0.0,rule_aware_partial_identification,1.0,0.8276735754988755,,
internal_percentage,20267716,4.0,0.05,rule_agnostic_partial_identification,1.0,1.0,,
internal_percentage,20267716,4.0,0.05,rule_aware_partial_identification,0.956,0.8153365369624502,,
internal_percentage,20267716,4.0,0.1,rule_agnostic_partial_identification,1.0,1.0,,
internal_percentage,20267716,4.0,0.1,rule_aware_partial_identification,0.968,0.815559248217303,,
internal_percentage,20267716,4.0,0.2,rule_agnostic_partial_identification,1.0,1.0,,
internal_percentage,20267716,4.0,0.2,rule_aware_partial_identification,0.896,0.8115005737611041,,
internal_percentage,20267716,5.0,0.0,rule_agnostic_partial_identification,1.0,1.0,,
internal_percentage,20267716,5.0,0.0,rule_aware_partial_identification,1.0,0.8489319504500569,,
internal_percentage,20267716,5.0,0.05,rule_agnostic_partial_identification,1.0,1.0,,
internal_percentage,20267716,5.0,0.05,rule_aware_partial_identification,0.988,0.8493058117594656,,
internal_percentage,20267716,5.0,0.1,rule_agnostic_partial_identification,1.0,1.0,,
internal_percentage,20267716,5.0,0.1,rule_aware_partial_identification,0.956,0.8391640741684304,,
internal_percentage,20267716,5.0,0.2,rule_agnostic_partial_identification,1.0,1.0,,
internal_percentage,20267716,5.0,0.2,rule_aware_partial_identification,0.888,0.824559215042243,,
internal_percentage,20267716,6.0,0.0,rule_agnostic_partial_identification,1.0,1.0,,
internal_percentage,20267716,6.0,0.0,rule_aware_partial_identification,1.0,0.8610609359838067,,
internal_percentage,20267716,6.0,0.05,rule_agnostic_partial_identification,1.0,1.0,,
internal_percentage,20267716,6.0,0.05,rule_aware_partial_identification,0.988,0.862948065281413,,
internal_percentage,20267716,6.0,0.1,rule_agnostic_partial_identification,1.0,1.0,,
internal_percentage,20267716,6.0,0.1,rule_aware_partial_identification,0.948,0.8583629250730902,,
internal_percentage,20267716,6.0,0.2,rule_agnostic_partial_identification,1.0,1.0,,
internal_percentage,20267716,6.0,0.2,rule_aware_partial_identification,0.924,0.8561058544813295,,
external_ordinal,20267716,,,rule_agnostic_ordinal,1.0,1.0,6.0,3.0
external_ordinal,20267716,,,rule_aware_discretion,1.0,0.9536574074074075,6.0,3.0
external_ordinal,20267716,,,rule_agnostic_ordinal,1.0,1.0,7.0,3.0
external_ordinal,20267716,,,rule_aware_discretion,1.0,0.9621164021164021,7.0,3.0
external_ordinal,20267716,,,rule_agnostic_ordinal,1.0,1.0,7.0,4.0
external_ordinal,20267716,,,rule_aware_discretion,1.0,0.9609275793650794,7.0,4.0
internal_percentage,20268716,4.0,0.0,rule_agnostic_partial_identification,1.0,1.0,,
internal_percentage,20268716,4.0,0.0,rule_aware_partial_identification,1.0,0.8268134607235774,,
internal_percentage,20268716,4.0,0.05,rule_agnostic_partial_identification,1.0,1.0,,
internal_percentage,20268716,4.0,0.05,rule_aware_partial_identification,0.98,0.8214220973734406,,
internal_percentage,20268716,4.0,0.1,rule_agnostic_partial_identification,1.0,1.0,,
internal_percentage,20268716,4.0,0.1,rule_aware_partial_identification,0.956,0.8155455195476687,,
internal_percentage,20268716,4.0,0.2,rule_agnostic_partial_identification,1.0,1.0,,
internal_percentage,20268716,4.0,0.2,rule_aware_partial_identification,0.896,0.7982199103394328,,
internal_percentage,20268716,5.0,0.0,rule_agnostic_partial_identification,1.0,1.0,,
internal_percentage,20268716,5.0,0.0,rule_aware_partial_identification,1.0,0.8488324827841279,,
internal_percentage,20268716,5.0,0.05,rule_agnostic_partial_identification,1.0,1.0,,
internal_percentage,20268716,5.0,0.05,rule_aware_partial_identification,0.98,0.8427795848611839,,
internal_percentage,20268716,5.0,0.1,rule_agnostic_partial_identification,1.0,1.0,,
internal_percentage,20268716,5.0,0.1,rule_aware_partial_identification,0.976,0.8406579737784612,,
internal_percentage,20268716,5.0,0.2,rule_agnostic_partial_identification,1.0,1.0,,
internal_percentage,20268716,5.0,0.2,rule_aware_partial_identification,0.948,0.8283448200680485,,
internal_percentage,20268716,6.0,0.0,rule_agnostic_partial_identification,1.0,1.0,,
internal_percentage,20268716,6.0,0.0,rule_aware_partial_identification,1.0,0.8657282490069371,,
internal_percentage,20268716,6.0,0.05,rule_agnostic_partial_identification,1.0,1.0,,
internal_percentage,20268716,6.0,0.05,rule_aware_partial_identification,0.984,0.8660119184892625,,
internal_percentage,20268716,6.0,0.1,rule_agnostic_partial_identification,1.0,1.0,,
internal_percentage,20268716,6.0,0.1,rule_aware_partial_identification,0.964,0.8548426914088633,,
internal_percentage,20268716,6.0,0.2,rule_agnostic_partial_identification,1.0,1.0,,
internal_percentage,20268716,6.0,0.2,rule_aware_partial_identification,0.928,0.8574422757516333,,
external_ordinal,20268716,,,rule_agnostic_ordinal,1.0,1.0,6.0,3.0
external_ordinal,20268716,,,rule_aware_discretion,1.0,0.9531018518518519,6.0,3.0
external_ordinal,20268716,,,rule_agnostic_ordinal,1.0,1.0,7.0,3.0
external_ordinal,20268716,,,rule_aware_discretion,1.0,0.9573280423280423,7.0,3.0
external_ordinal,20268716,,,rule_agnostic_ordinal,1.0,1.0,7.0,4.0
external_ordinal,20268716,,,rule_aware_discretion,1.0,0.9592212301587302,7.0,4.0
internal_percentage,20269716,4.0,0.0,rule_agnostic_partial_identification,1.0,1.0,,
internal_percentage,20269716,4.0,0.0,rule_aware_partial_identification,1.0,0.8238160923492897,,
internal_percentage,20269716,4.0,0.05,rule_agnostic_partial_identification,1.0,1.0,,
internal_percentage,20269716,4.0,0.05,rule_aware_partial_identification,0.98,0.8166973969305839,,
internal_percentage,20269716,4.0,0.1,rule_agnostic_partial_identification,1.0,1.0,,
internal_percentage,20269716,4.0,0.1,rule_aware_partial_identification,0.968,0.8248878967272495,,
internal_percentage,20269716,4.0,0.2,rule_agnostic_partial_identification,1.0,1.0,,
internal_percentage,20269716,4.0,0.2,rule_aware_partial_identification,0.908,0.8001510295408667,,
internal_percentage,20269716,5.0,0.0,rule_agnostic_partial_identification,1.0,1.0,,
internal_percentage,20269716,5.0,0.0,rule_aware_partial_identification,1.0,0.841153047754399,,
internal_percentage,20269716,5.0,0.05,rule_agnostic_partial_identification,1.0,1.0,,
internal_percentage,20269716,5.0,0.05,rule_aware_partial_identification,0.984,0.8415893266134012,,
internal_percentage,20269716,5.0,0.1,rule_agnostic_partial_identification,1.0,1.0,,
internal_percentage,20269716,5.0,0.1,rule_aware_partial_identification,0.976,0.8443331246471111,,
internal_percentage,20269716,5.0,0.2,rule_agnostic_partial_identification,1.0,1.0,,
internal_percentage,20269716,5.0,0.2,rule_aware_partial_identification,0.908,0.8314200350464972,,
internal_percentage,20269716,6.0,0.0,rule_agnostic_partial_identification,1.0,1.0,,
internal_percentage,20269716,6.0,0.0,rule_aware_partial_identification,1.0,0.8661592199625212,,
internal_percentage,20269716,6.0,0.05,rule_agnostic_partial_identification,1.0,1.0,,
internal_percentage,20269716,6.0,0.05,rule_aware_partial_identification,0.98,0.8662430302852583,,
internal_percentage,20269716,6.0,0.1,rule_agnostic_partial_identification,1.0,1.0,,
internal_percentage,20269716,6.0,0.1,rule_aware_partial_identification,0.964,0.8594199737123542,,
internal_percentage,20269716,6.0,0.2,rule_agnostic_partial_identification,1.0,1.0,,
internal_percentage,20269716,6.0,0.2,rule_aware_partial_identification,0.904,0.84849611325502,,
external_ordinal,20269716,,,rule_agnostic_ordinal,1.0,1.0,6.0,3.0
external_ordinal,20269716,,,rule_aware_discretion,1.0,0.9554166666666667,6.0,3.0
external_ordinal,20269716,,,rule_agnostic_ordinal,1.0,1.0,7.0,3.0
external_ordinal,20269716,,,rule_aware_discretion,1.0,0.9579365079365079,7.0,3.0
external_ordinal,20269716,,,rule_agnostic_ordinal,1.0,1.0,7.0,4.0
external_ordinal,20269716,,,rule_aware_discretion,1.0,0.9572271825396825,7.0,4.0
internal_percentage,20270716,4.0,0.0,rule_agnostic_partial_identification,1.0,1.0,,
internal_percentage,20270716,4.0,0.0,rule_aware_partial_identification,1.0,0.8211519928551431,,
internal_percentage,20270716,4.0,0.05,rule_agnostic_partial_identification,1.0,1.0,,
internal_percentage,20270716,4.0,0.05,rule_aware_partial_identification,0.98,0.8180032417822501,,
internal_percentage,20270716,4.0,0.1,rule_agnostic_partial_identification,1.0,1.0,,
internal_percentage,20270716,4.0,0.1,rule_aware_partial_identification,0.952,0.8152891064805425,,
internal_percentage,20270716,4.0,0.2,rule_agnostic_partial_identification,1.0,1.0,,
internal_percentage,20270716,4.0,0.2,rule_aware_partial_identification,0.904,0.8037005116377366,,
internal_percentage,20270716,5.0,0.0,rule_agnostic_partial_identification,1.0,1.0,,
internal_percentage,20270716,5.0,0.0,rule_aware_partial_identification,1.0,0.8469239947850673,,
internal_percentage,20270716,5.0,0.05,rule_agnostic_partial_identification,1.0,1.0,,
internal_percentage,20270716,5.0,0.05,rule_aware_partial_identification,0.98,0.8409890834668188,,
internal_percentage,20270716,5.0,0.1,rule_agnostic_partial_identification,1.0,1.0,,
internal_percentage,20270716,5.0,0.1,rule_aware_partial_identification,0.952,0.8386346709374952,,
internal_percentage,20270716,5.0,0.2,rule_agnostic_partial_identification,1.0,1.0,,
internal_percentage,20270716,5.0,0.2,rule_aware_partial_identification,0.94,0.8351949542690814,,
internal_percentage,20270716,6.0,0.0,rule_agnostic_partial_identification,1.0,1.0,,
internal_percentage,20270716,6.0,0.0,rule_aware_partial_identification,1.0,0.8595344240707224,,
internal_percentage,20270716,6.0,0.05,rule_agnostic_partial_identification,1.0,1.0,,
internal_percentage,20270716,6.0,0.05,rule_aware_partial_identification,0.964,0.862379592661383,,
internal_percentage,20270716,6.0,0.1,rule_agnostic_partial_identification,1.0,1.0,,
internal_percentage,20270716,6.0,0.1,rule_aware_partial_identification,0.968,0.8586401955534537,,
internal_percentage,20270716,6.0,0.2,rule_agnostic_partial_identification,1.0,1.0,,
internal_percentage,20270716,6.0,0.2,rule_aware_partial_identification,0.92,0.8526367843553071,,
external_ordinal,20270716,,,rule_agnostic_ordinal,1.0,1.0,6.0,3.0
external_ordinal,20270716,,,rule_aware_discretion,1.0,0.9550000000000001,6.0,3.0
external_ordinal,20270716,,,rule_agnostic_ordinal,1.0,1.0,7.0,3.0
external_ordinal,20270716,,,rule_aware_discretion,1.0,0.9634788359788361,7.0,3.0
external_ordinal,20270716,,,rule_agnostic_ordinal,1.0,1.0,7.0,4.0
external_ordinal,20270716,,,rule_aware_discretion,1.0,0.9592509920634921,7.0,4.0
internal_percentage,20271716,4.0,0.0,rule_agnostic_partial_identification,1.0,1.0,,
internal_percentage,20271716,4.0,0.0,rule_aware_partial_identification,1.0,0.8233254898548906,,
internal_percentage,20271716,4.0,0.05,rule_agnostic_partial_identification,1.0,1.0,,
internal_percentage,20271716,4.0,0.05,rule_aware_partial_identification,0.992,0.8228923288283008,,
internal_percentage,20271716,4.0,0.1,rule_agnostic_partial_identification,1.0,1.0,,
internal_percentage,20271716,4.0,0.1,rule_aware_partial_identification,0.956,0.8146534875022844,,
internal_percentage,20271716,4.0,0.2,rule_agnostic_partial_identification,1.0,1.0,,
internal_percentage,20271716,4.0,0.2,rule_aware_partial_identification,0.916,0.8114108033594045,,
internal_percentage,20271716,5.0,0.0,rule_agnostic_partial_identification,1.0,1.0,,
internal_percentage,20271716,5.0,0.0,rule_aware_partial_identification,1.0,0.8431898403380661,,
internal_percentage,20271716,5.0,0.05,rule_agnostic_partial_identification,1.0,1.0,,
internal_percentage,20271716,5.0,0.05,rule_aware_partial_identification,0.972,0.8425408136172302,,
internal_percentage,20271716,5.0,0.1,rule_agnostic_partial_identification,1.0,1.0,,
internal_percentage,20271716,5.0,0.1,rule_aware_partial_identification,0.976,0.8395422694132126,,
internal_percentage,20271716,5.0,0.2,rule_agnostic_partial_identification,1.0,1.0,,
internal_percentage,20271716,5.0,0.2,rule_aware_partial_identification,0.924,0.8364519465691495,,
internal_percentage,20271716,6.0,0.0,rule_agnostic_partial_identification,1.0,1.0,,
internal_percentage,20271716,6.0,0.0,rule_aware_partial_identification,1.0,0.8613527622629344,,
internal_percentage,20271716,6.0,0.05,rule_agnostic_partial_identification,1.0,1.0,,
internal_percentage,20271716,6.0,0.05,rule_aware_partial_identification,0.968,0.8605217495466648,,
internal_percentage,20271716,6.0,0.1,rule_agnostic_partial_identification,1.0,1.0,,
internal_percentage,20271716,6.0,0.1,rule_aware_partial_identification,0.96,0.8588484639036307,,
internal_percentage,20271716,6.0,0.2,rule_agnostic_partial_identification,1.0,1.0,,
internal_percentage,20271716,6.0,0.2,rule_aware_partial_identification,0.916,0.8498910979689921,,
external_ordinal,20271716,,,rule_agnostic_ordinal,1.0,1.0,6.0,3.0
external_ordinal,20271716,,,rule_aware_discretion,1.0,0.951527777777778,6.0,3.0
external_ordinal,20271716,,,rule_agnostic_ordinal,1.0,1.0,7.0,3.0
external_ordinal,20271716,,,rule_aware_discretion,1.0,0.9594841269841269,7.0,3.0
external_ordinal,20271716,,,rule_agnostic_ordinal,1.0,1.0,7.0,4.0
external_ordinal,20271716,,,rule_aware_discretion,1.0,0.9591170634920635,7.0,4.0
internal_percentage,20272716,4.0,0.0,rule_agnostic_partial_identification,1.0,1.0,,
internal_percentage,20272716,4.0,0.0,rule_aware_partial_identification,1.0,0.8244310505226414,,
internal_percentage,20272716,4.0,0.05,rule_agnostic_partial_identification,1.0,1.0,,
internal_percentage,20272716,4.0,0.05,rule_aware_partial_identification,0.976,0.8226839980959404,,
internal_percentage,20272716,4.0,0.1,rule_agnostic_partial_identification,1.0,1.0,,
internal_percentage,20272716,4.0,0.1,rule_aware_partial_identification,0.96,0.813199665507731,,
internal_percentage,20272716,4.0,0.2,rule_agnostic_partial_identification,1.0,1.0,,
internal_percentage,20272716,4.0,0.2,rule_aware_partial_identification,0.9,0.8005324003825423,,
internal_percentage,20272716,5.0,0.0,rule_agnostic_partial_identification,1.0,1.0,,
internal_percentage,20272716,5.0,0.0,rule_aware_partial_identification,1.0,0.8495063697146756,,
internal_percentage,20272716,5.0,0.05,rule_agnostic_partial_identification,1.0,1.0,,
internal_percentage,20272716,5.0,0.05,rule_aware_partial_identification,0.984,0.8444492487689272,,
internal_percentage,20272716,5.0,0.1,rule_agnostic_partial_identification,1.0,1.0,,
internal_percentage,20272716,5.0,0.1,rule_aware_partial_identification,0.96,0.8355710817826201,,
internal_percentage,20272716,5.0,0.2,rule_agnostic_partial_identification,1.0,1.0,,
internal_percentage,20272716,5.0,0.2,rule_aware_partial_identification,0.94,0.8428123386523775,,
internal_percentage,20272716,6.0,0.0,rule_agnostic_partial_identification,1.0,1.0,,
internal_percentage,20272716,6.0,0.0,rule_aware_partial_identification,1.0,0.8639808447541971,,
internal_percentage,20272716,6.0,0.05,rule_agnostic_partial_identification,1.0,1.0,,
internal_percentage,20272716,6.0,0.05,rule_aware_partial_identification,0.972,0.8606195280727285,,
internal_percentage,20272716,6.0,0.1,rule_agnostic_partial_identification,1.0,1.0,,
internal_percentage,20272716,6.0,0.1,rule_aware_partial_identification,0.944,0.85491837088036,,
internal_percentage,20272716,6.0,0.2,rule_agnostic_partial_identification,1.0,1.0,,
internal_percentage,20272716,6.0,0.2,rule_aware_partial_identification,0.92,0.8550245151533267,,
external_ordinal,20272716,,,rule_agnostic_ordinal,1.0,1.0,6.0,3.0
external_ordinal,20272716,,,rule_aware_discretion,1.0,0.9606018518518519,6.0,3.0
external_ordinal,20272716,,,rule_agnostic_ordinal,1.0,1.0,7.0,3.0
external_ordinal,20272716,,,rule_aware_discretion,1.0,0.961818783068783,7.0,3.0
external_ordinal,20272716,,,rule_agnostic_ordinal,1.0,1.0,7.0,4.0
external_ordinal,20272716,,,rule_aware_discretion,1.0,0.9581200396825397,7.0,4.0
internal_percentage,20273716,4.0,0.0,rule_agnostic_partial_identification,1.0,1.0,,
internal_percentage,20273716,4.0,0.0,rule_aware_partial_identification,1.0,0.8212426173013017,,
internal_percentage,20273716,4.0,0.05,rule_agnostic_partial_identification,1.0,1.0,,
internal_percentage,20273716,4.0,0.05,rule_aware_partial_identification,0.988,0.8218707878793128,,
internal_percentage,20273716,4.0,0.1,rule_agnostic_partial_identification,1.0,1.0,,
internal_percentage,20273716,4.0,0.1,rule_aware_partial_identification,0.984,0.8206905525783383,,
internal_percentage,20273716,4.0,0.2,rule_agnostic_partial_identification,1.0,1.0,,
internal_percentage,20273716,4.0,0.2,rule_aware_partial_identification,0.932,0.8119500354266065,,
internal_percentage,20273716,5.0,0.0,rule_agnostic_partial_identification,1.0,1.0,,
internal_percentage,20273716,5.0,0.0,rule_aware_partial_identification,1.0,0.84991470147973,,
internal_percentage,20273716,5.0,0.05,rule_agnostic_partial_identification,1.0,1.0,,
internal_percentage,20273716,5.0,0.05,rule_aware_partial_identification,0.988,0.8423602433748977,,
internal_percentage,20273716,5.0,0.1,rule_agnostic_partial_identification,1.0,1.0,,
internal_percentage,20273716,5.0,0.1,rule_aware_partial_identification,0.944,0.8409279974820475,,
internal_percentage,20273716,5.0,0.2,rule_agnostic_partial_identification,1.0,1.0,,
internal_percentage,20273716,5.0,0.2,rule_aware_partial_identification,0.92,0.8336227505066013,,
internal_percentage,20273716,6.0,0.0,rule_agnostic_partial_identification,1.0,1.0,,
internal_percentage,20273716,6.0,0.0,rule_aware_partial_identification,1.0,0.8671758900131302,,
internal_percentage,20273716,6.0,0.05,rule_agnostic_partial_identification,1.0,1.0,,
internal_percentage,20273716,6.0,0.05,rule_aware_partial_identification,0.98,0.8584358259191058,,
internal_percentage,20273716,6.0,0.1,rule_agnostic_partial_identification,1.0,1.0,,
internal_percentage,20273716,6.0,0.1,rule_aware_partial_identification,0.964,0.8582942255817606,,
internal_percentage,20273716,6.0,0.2,rule_agnostic_partial_identification,1.0,1.0,,
internal_percentage,20273716,6.0,0.2,rule_aware_partial_identification,0.904,0.8544714865736157,,
external_ordinal,20273716,,,rule_agnostic_ordinal,1.0,1.0,6.0,3.0
external_ordinal,20273716,,,rule_aware_discretion,1.0,0.9541666666666668,6.0,3.0
external_ordinal,20273716,,,rule_agnostic_ordinal,1.0,1.0,7.0,3.0
external_ordinal,20273716,,,rule_aware_discretion,1.0,0.959510582010582,7.0,3.0
external_ordinal,20273716,,,rule_agnostic_ordinal,1.0,1.0,7.0,4.0
external_ordinal,20273716,,,rule_aware_discretion,1.0,0.9554662698412698,7.0,4.0
internal_percentage,20274716,4.0,0.0,rule_agnostic_partial_identification,1.0,1.0,,
internal_percentage,20274716,4.0,0.0,rule_aware_partial_identification,1.0,0.825450349802239,,
internal_percentage,20274716,4.0,0.05,rule_agnostic_partial_identification,1.0,1.0,,
internal_percentage,20274716,4.0,0.05,rule_aware_partial_identification,0.968,0.8263699950634685,,
internal_percentage,20274716,4.0,0.1,rule_agnostic_partial_identification,1.0,1.0,,
internal_percentage,20274716,4.0,0.1,rule_aware_partial_identification,0.964,0.8153096526465872,,
internal_percentage,20274716,4.0,0.2,rule_agnostic_partial_identification,1.0,1.0,,
internal_percentage,20274716,4.0,0.2,rule_aware_partial_identification,0.912,0.8088230973905597,,
internal_percentage,20274716,5.0,0.0,rule_agnostic_partial_identification,1.0,1.0,,
internal_percentage,20274716,5.0,0.0,rule_aware_partial_identification,1.0,0.8481342682297186,,
internal_percentage,20274716,5.0,0.05,rule_agnostic_partial_identification,1.0,1.0,,
internal_percentage,20274716,5.0,0.05,rule_aware_partial_identification,0.976,0.8393918204659063,,
internal_percentage,20274716,5.0,0.1,rule_agnostic_partial_identification,1.0,1.0,,
internal_percentage,20274716,5.0,0.1,rule_aware_partial_identification,0.972,0.8413458755739757,,
internal_percentage,20274716,5.0,0.2,rule_agnostic_partial_identification,1.0,1.0,,
internal_percentage,20274716,5.0,0.2,rule_aware_partial_identification,0.9,0.8288851893988597,,
internal_percentage,20274716,6.0,0.0,rule_agnostic_partial_identification,1.0,1.0,,
internal_percentage,20274716,6.0,0.0,rule_aware_partial_identification,1.0,0.8666262054320973,,
internal_percentage,20274716,6.0,0.05,rule_agnostic_partial_identification,1.0,1.0,,
internal_percentage,20274716,6.0,0.05,rule_aware_partial_identification,0.988,0.8656419709058605,,
internal_percentage,20274716,6.0,0.1,rule_agnostic_partial_identification,1.0,1.0,,
internal_percentage,20274716,6.0,0.1,rule_aware_partial_identification,0.952,0.8615665223269321,,
internal_percentage,20274716,6.0,0.2,rule_agnostic_partial_identification,1.0,1.0,,
internal_percentage,20274716,6.0,0.2,rule_aware_partial_identification,0.916,0.8514816787131674,,
external_ordinal,20274716,,,rule_agnostic_ordinal,1.0,1.0,6.0,3.0
external_ordinal,20274716,,,rule_aware_discretion,1.0,0.9560648148148148,6.0,3.0
external_ordinal,20274716,,,rule_agnostic_ordinal,1.0,1.0,7.0,3.0
external_ordinal,20274716,,,rule_aware_discretion,1.0,0.9625859788359789,7.0,3.0
external_ordinal,20274716,,,rule_agnostic_ordinal,1.0,1.0,7.0,4.0
external_ordinal,20274716,,,rule_aware_discretion,1.0,0.9592857142857143,7.0,4.0
internal_percentage,20275716,4.0,0.0,rule_agnostic_partial_identification,1.0,1.0,,
internal_percentage,20275716,4.0,0.0,rule_aware_partial_identification,1.0,0.8251939935457075,,
internal_percentage,20275716,4.0,0.05,rule_agnostic_partial_identification,1.0,1.0,,
internal_percentage,20275716,4.0,0.05,rule_aware_partial_identification,0.976,0.8178092549251899,,
internal_percentage,20275716,4.0,0.1,rule_agnostic_partial_identification,1.0,1.0,,
internal_percentage,20275716,4.0,0.1,rule_aware_partial_identification,0.944,0.8164816061936258,,
internal_percentage,20275716,4.0,0.2,rule_agnostic_partial_identification,1.0,1.0,,
internal_percentage,20275716,4.0,0.2,rule_aware_partial_identification,0.888,0.8048283435810027,,
internal_percentage,20275716,5.0,0.0,rule_agnostic_partial_identification,1.0,1.0,,
internal_percentage,20275716,5.0,0.0,rule_aware_partial_identification,1.0,0.841633464635245,,
internal_percentage,20275716,5.0,0.05,rule_agnostic_partial_identification,1.0,1.0,,
internal_percentage,20275716,5.0,0.05,rule_aware_partial_identification,0.98,0.8448212693758942,,
internal_percentage,20275716,5.0,0.1,rule_agnostic_partial_identification,1.0,1.0,,
internal_percentage,20275716,5.0,0.1,rule_aware_partial_identification,0.952,0.8416789462879223,,
internal_percentage,20275716,5.0,0.2,rule_agnostic_partial_identification,1.0,1.0,,
internal_percentage,20275716,5.0,0.2,rule_aware_partial_identification,0.932,0.8350514076735538,,
internal_percentage,20275716,6.0,0.0,rule_agnostic_partial_identification,1.0,1.0,,
internal_percentage,20275716,6.0,0.0,rule_aware_partial_identification,1.0,0.8635084107884022,,
internal_percentage,20275716,6.0,0.05,rule_agnostic_partial_identification,1.0,1.0,,
internal_percentage,20275716,6.0,0.05,rule_aware_partial_identification,0.98,0.8622624436643821,,
internal_percentage,20275716,6.0,0.1,rule_agnostic_partial_identification,1.0,1.0,,
internal_percentage,20275716,6.0,0.1,rule_aware_partial_identification,0.948,0.8608237425690695,,
internal_percentage,20275716,6.0,0.2,rule_agnostic_partial_identification,1.0,1.0,,
internal_percentage,20275716,6.0,0.2,rule_aware_partial_identification,0.952,0.8641136821659625,,
external_ordinal,20275716,,,rule_agnostic_ordinal,1.0,1.0,6.0,3.0
external_ordinal,20275716,,,rule_aware_discretion,1.0,0.9523148148148148,6.0,3.0
external_ordinal,20275716,,,rule_agnostic_ordinal,1.0,1.0,7.0,3.0
external_ordinal,20275716,,,rule_aware_discretion,1.0,0.9610449735449735,7.0,3.0
external_ordinal,20275716,,,rule_agnostic_ordinal,1.0,1.0,7.0,4.0
external_ordinal,20275716,,,rule_aware_discretion,1.0,0.958953373015873,7.0,4.0
internal_percentage,20276716,4.0,0.0,rule_agnostic_partial_identification,1.0,1.0,,
internal_percentage,20276716,4.0,0.0,rule_aware_partial_identification,1.0,0.8215233626285834,,
internal_percentage,20276716,4.0,0.05,rule_agnostic_partial_identification,1.0,1.0,,
internal_percentage,20276716,4.0,0.05,rule_aware_partial_identification,0.952,0.8218397323685964,,
internal_percentage,20276716,4.0,0.1,rule_agnostic_partial_identification,1.0,1.0,,
internal_percentage,20276716,4.0,0.1,rule_aware_partial_identification,0.96,0.8181958974084237,,
internal_percentage,20276716,4.0,0.2,rule_agnostic_partial_identification,1.0,1.0,,
internal_percentage,20276716,4.0,0.2,rule_aware_partial_identification,0.908,0.8083312801336657,,
internal_percentage,20276716,5.0,0.0,rule_agnostic_partial_identification,1.0,1.0,,
internal_percentage,20276716,5.0,0.0,rule_aware_partial_identification,1.0,0.8490707475719492,,
internal_percentage,20276716,5.0,0.05,rule_agnostic_partial_identification,1.0,1.0,,
internal_percentage,20276716,5.0,0.05,rule_aware_partial_identification,0.976,0.8397148329811163,,
internal_percentage,20276716,5.0,0.1,rule_agnostic_partial_identification,1.0,1.0,,
internal_percentage,20276716,5.0,0.1,rule_aware_partial_identification,0.956,0.8429189534271507,,
internal_percentage,20276716,5.0,0.2,rule_agnostic_partial_identification,1.0,1.0,,
internal_percentage,20276716,5.0,0.2,rule_aware_partial_identification,0.908,0.8301749886472747,,
internal_percentage,20276716,6.0,0.0,rule_agnostic_partial_identification,1.0,1.0,,
internal_percentage,20276716,6.0,0.0,rule_aware_partial_identification,1.0,0.8626789403856889,,
internal_percentage,20276716,6.0,0.05,rule_agnostic_partial_identification,1.0,1.0,,
internal_percentage,20276716,6.0,0.05,rule_aware_partial_identification,0.964,0.8592541344860186,,
internal_percentage,20276716,6.0,0.1,rule_agnostic_partial_identification,1.0,1.0,,
internal_percentage,20276716,6.0,0.1,rule_aware_partial_identification,0.972,0.8650557382653085,,
internal_percentage,20276716,6.0,0.2,rule_agnostic_partial_identification,1.0,1.0,,
internal_percentage,20276716,6.0,0.2,rule_aware_partial_identification,0.952,0.856064609455898,,
external_ordinal,20276716,,,rule_agnostic_ordinal,1.0,1.0,6.0,3.0
external_ordinal,20276716,,,rule_aware_discretion,1.0,0.9540277777777778,6.0,3.0
external_ordinal,20276716,,,rule_agnostic_ordinal,1.0,1.0,7.0,3.0
external_ordinal,20276716,,,rule_aware_discretion,1.0,0.9602248677248677,7.0,3.0
external_ordinal,20276716,,,rule_agnostic_ordinal,1.0,1.0,7.0,4.0
external_ordinal,20276716,,,rule_aware_discretion,1.0,0.9638789682539682,7.0,4.0
internal_percentage,20277716,4.0,0.0,rule_agnostic_partial_identification,1.0,1.0,,
internal_percentage,20277716,4.0,0.0,rule_aware_partial_identification,1.0,0.82372710491575,,
internal_percentage,20277716,4.0,0.05,rule_agnostic_partial_identification,1.0,1.0,,
internal_percentage,20277716,4.0,0.05,rule_aware_partial_identification,0.984,0.8185937816512734,,
internal_percentage,20277716,4.0,0.1,rule_agnostic_partial_identification,1.0,1.0,,
internal_percentage,20277716,4.0,0.1,rule_aware_partial_identification,0.928,0.8043554311393947,,
internal_percentage,20277716,4.0,0.2,rule_agnostic_partial_identification,1.0,1.0,,
internal_percentage,20277716,4.0,0.2,rule_aware_partial_identification,0.928,0.8114774892414126,,
internal_percentage,20277716,5.0,0.0,rule_agnostic_partial_identification,1.0,1.0,,
internal_percentage,20277716,5.0,0.0,rule_aware_partial_identification,1.0,0.840189205906172,,
internal_percentage,20277716,5.0,0.05,rule_agnostic_partial_identification,1.0,1.0,,
internal_percentage,20277716,5.0,0.05,rule_aware_partial_identification,0.96,0.8369665361281218,,
internal_percentage,20277716,5.0,0.1,rule_agnostic_partial_identification,1.0,1.0,,
internal_percentage,20277716,5.0,0.1,rule_aware_partial_identification,0.952,0.838807431094822,,
internal_percentage,20277716,5.0,0.2,rule_agnostic_partial_identification,1.0,1.0,,
internal_percentage,20277716,5.0,0.2,rule_aware_partial_identification,0.928,0.8332227626497308,,
internal_percentage,20277716,6.0,0.0,rule_agnostic_partial_identification,1.0,1.0,,
internal_percentage,20277716,6.0,0.0,rule_aware_partial_identification,1.0,0.8652780535239765,,
internal_percentage,20277716,6.0,0.05,rule_agnostic_partial_identification,1.0,1.0,,
internal_percentage,20277716,6.0,0.05,rule_aware_partial_identification,0.984,0.8582639910326483,,
internal_percentage,20277716,6.0,0.1,rule_agnostic_partial_identification,1.0,1.0,,
internal_percentage,20277716,6.0,0.1,rule_aware_partial_identification,0.96,0.8620275763097185,,
internal_percentage,20277716,6.0,0.2,rule_agnostic_partial_identification,1.0,1.0,,
internal_percentage,20277716,6.0,0.2,rule_aware_partial_identification,0.912,0.8539428636511125,,
external_ordinal,20277716,,,rule_agnostic_ordinal,1.0,1.0,6.0,3.0
external_ordinal,20277716,,,rule_aware_discretion,1.0,0.9599537037037037,6.0,3.0
external_ordinal,20277716,,,rule_agnostic_ordinal,1.0,1.0,7.0,3.0
external_ordinal,20277716,,,rule_aware_discretion,1.0,0.9642791005291006,7.0,3.0
external_ordinal,20277716,,,rule_agnostic_ordinal,1.0,1.0,7.0,4.0
external_ordinal,20277716,,,rule_aware_discretion,1.0,0.9580208333333334,7.0,4.0
internal_percentage,20278716,4.0,0.0,rule_agnostic_partial_identification,1.0,1.0,,
internal_percentage,20278716,4.0,0.0,rule_aware_partial_identification,1.0,0.8267448460094875,,
internal_percentage,20278716,4.0,0.05,rule_agnostic_partial_identification,1.0,1.0,,
internal_percentage,20278716,4.0,0.05,rule_aware_partial_identification,0.972,0.819565751087997,,
internal_percentage,20278716,4.0,0.1,rule_agnostic_partial_identification,1.0,1.0,,
internal_percentage,20278716,4.0,0.1,rule_aware_partial_identification,0.96,0.8151525888337874,,
internal_percentage,20278716,4.0,0.2,rule_agnostic_partial_identification,1.0,1.0,,
internal_percentage,20278716,4.0,0.2,rule_aware_partial_identification,0.904,0.8076638936756709,,
internal_percentage,20278716,5.0,0.0,rule_agnostic_partial_identification,1.0,1.0,,
internal_percentage,20278716,5.0,0.0,rule_aware_partial_identification,1.0,0.8479268975286934,,
internal_percentage,20278716,5.0,0.05,rule_agnostic_partial_identification,1.0,1.0,,
internal_percentage,20278716,5.0,0.05,rule_aware_partial_identification,0.984,0.8428902104141541,,
internal_percentage,20278716,5.0,0.1,rule_agnostic_partial_identification,1.0,1.0,,
internal_percentage,20278716,5.0,0.1,rule_aware_partial_identification,0.94,0.8321955254365615,,
internal_percentage,20278716,5.0,0.2,rule_agnostic_partial_identification,1.0,1.0,,
internal_percentage,20278716,5.0,0.2,rule_aware_partial_identification,0.908,0.8298799038849037,,
internal_percentage,20278716,6.0,0.0,rule_agnostic_partial_identification,1.0,1.0,,
internal_percentage,20278716,6.0,0.0,rule_aware_partial_identification,1.0,0.8669281887641649,,
internal_percentage,20278716,6.0,0.05,rule_agnostic_partial_identification,1.0,1.0,,
internal_percentage,20278716,6.0,0.05,rule_aware_partial_identification,0.968,0.8583662862799465,,
internal_percentage,20278716,6.0,0.1,rule_agnostic_partial_identification,1.0,1.0,,
internal_percentage,20278716,6.0,0.1,rule_aware_partial_identification,0.94,0.8609267844487154,,
internal_percentage,20278716,6.0,0.2,rule_agnostic_partial_identification,1.0,1.0,,
internal_percentage,20278716,6.0,0.2,rule_aware_partial_identification,0.892,0.8503372654104303,,
external_ordinal,20278716,,,rule_agnostic_ordinal,1.0,1.0,6.0,3.0
external_ordinal,20278716,,,rule_aware_discretion,1.0,0.9485185185185185,6.0,3.0
external_ordinal,20278716,,,rule_agnostic_ordinal,1.0,1.0,7.0,3.0
external_ordinal,20278716,,,rule_aware_discretion,1.0,0.9664153439153439,7.0,3.0
external_ordinal,20278716,,,rule_agnostic_ordinal,1.0,1.0,7.0,4.0
external_ordinal,20278716,,,rule_aware_discretion,1.0,0.9586507936507936,7.0,4.0
internal_percentage,20279716,4.0,0.0,rule_agnostic_partial_identification,1.0,1.0,,
internal_percentage,20279716,4.0,0.0,rule_aware_partial_identification,1.0,0.8148177874230833,,
internal_percentage,20279716,4.0,0.05,rule_agnostic_partial_identification,1.0,1.0,,
internal_percentage,20279716,4.0,0.05,rule_aware_partial_identification,0.988,0.8222146194355283,,
internal_percentage,20279716,4.0,0.1,rule_agnostic_partial_identification,1.0,1.0,,
internal_percentage,20279716,4.0,0.1,rule_aware_partial_identification,0.94,0.8078754672088876,,
internal_percentage,20279716,4.0,0.2,rule_agnostic_partial_identification,1.0,1.0,,
internal_percentage,20279716,4.0,0.2,rule_aware_partial_identification,0.896,0.8078377840150646,,
internal_percentage,20279716,5.0,0.0,rule_agnostic_partial_identification,1.0,1.0,,
internal_percentage,20279716,5.0,0.0,rule_aware_partial_identification,1.0,0.8431590459991517,,
internal_percentage,20279716,5.0,0.05,rule_agnostic_partial_identification,1.0,1.0,,
internal_percentage,20279716,5.0,0.05,rule_aware_partial_identification,0.976,0.842225221581026,,
internal_percentage,20279716,5.0,0.1,rule_agnostic_partial_identification,1.0,1.0,,
internal_percentage,20279716,5.0,0.1,rule_aware_partial_identification,0.96,0.838204684955677,,
internal_percentage,20279716,5.0,0.2,rule_agnostic_partial_identification,1.0,1.0,,
internal_percentage,20279716,5.0,0.2,rule_aware_partial_identification,0.912,0.8305558276357915,,
internal_percentage,20279716,6.0,0.0,rule_agnostic_partial_identification,1.0,1.0,,
internal_percentage,20279716,6.0,0.0,rule_aware_partial_identification,1.0,0.8647926779627286,,
internal_percentage,20279716,6.0,0.05,rule_agnostic_partial_identification,1.0,1.0,,
internal_percentage,20279716,6.0,0.05,rule_aware_partial_identification,0.972,0.8617255371004775,,
internal_percentage,20279716,6.0,0.1,rule_agnostic_partial_identification,1.0,1.0,,
internal_percentage,20279716,6.0,0.1,rule_aware_partial_identification,0.972,0.863458142262528,,
internal_percentage,20279716,6.0,0.2,rule_agnostic_partial_identification,1.0,1.0,,
internal_percentage,20279716,6.0,0.2,rule_aware_partial_identification,0.916,0.8510060618858474,,
external_ordinal,20279716,,,rule_agnostic_ordinal,1.0,1.0,6.0,3.0
external_ordinal,20279716,,,rule_aware_discretion,1.0,0.9499074074074074,6.0,3.0
external_ordinal,20279716,,,rule_agnostic_ordinal,1.0,1.0,7.0,3.0
external_ordinal,20279716,,,rule_aware_discretion,1.0,0.9634325396825397,7.0,3.0
external_ordinal,20279716,,,rule_agnostic_ordinal,1.0,1.0,7.0,4.0
external_ordinal,20279716,,,rule_aware_discretion,1.0,0.956374007936508,7.0,4.0
